ISO-10303-21;
HEADER;
/* Generated by software containing ST-Developer
 * from STEP Tools, Inc. (www.steptools.com) 
 */

FILE_DESCRIPTION(
/* description */ (''),
/* implementation_level */ '2;1');

FILE_NAME(
/* name */ 'T:\\Drawings Inventor\\Switches\\CS\\CS1210\\CS1210F260.st
p',
/* time_stamp */ '2022-07-07T08:33:40-05:00',
/* author */ ('cnher'),
/* organization */ (''),
/* preprocessor_version */ 'ST-DEVELOPER v19',
/* originating_system */ 'Autodesk Inventor 2023',
/* authorisation */ '');

FILE_SCHEMA (('AUTOMOTIVE_DESIGN { 1 0 10303 214 3 1 1 }'));
ENDSEC;

DATA;
#10=MECHANICAL_DESIGN_GEOMETRIC_PRESENTATION_REPRESENTATION('',(#58,#59,
#60,#61,#62,#63,#64,#65,#66,#67,#68),#6751);
#11=ITEM_DEFINED_TRANSFORMATION($,$,#4019,#4360);
#12=ITEM_DEFINED_TRANSFORMATION($,$,#4153,#4361);
#13=ITEM_DEFINED_TRANSFORMATION($,$,#4330,#4362);
#14=ITEM_DEFINED_TRANSFORMATION($,$,#4346,#4363);
#15=ITEM_DEFINED_TRANSFORMATION($,$,#4346,#4364);
#16=ITEM_DEFINED_TRANSFORMATION($,$,#4346,#4365);
#17=ITEM_DEFINED_TRANSFORMATION($,$,#4353,#4366);
#18=(
REPRESENTATION_RELATIONSHIP($,$,#6776,#6775)
REPRESENTATION_RELATIONSHIP_WITH_TRANSFORMATION(#11)
SHAPE_REPRESENTATION_RELATIONSHIP()
);
#19=(
REPRESENTATION_RELATIONSHIP($,$,#6777,#6775)
REPRESENTATION_RELATIONSHIP_WITH_TRANSFORMATION(#12)
SHAPE_REPRESENTATION_RELATIONSHIP()
);
#20=(
REPRESENTATION_RELATIONSHIP($,$,#6778,#6775)
REPRESENTATION_RELATIONSHIP_WITH_TRANSFORMATION(#13)
SHAPE_REPRESENTATION_RELATIONSHIP()
);
#21=(
REPRESENTATION_RELATIONSHIP($,$,#6779,#6775)
REPRESENTATION_RELATIONSHIP_WITH_TRANSFORMATION(#14)
SHAPE_REPRESENTATION_RELATIONSHIP()
);
#22=(
REPRESENTATION_RELATIONSHIP($,$,#6779,#6775)
REPRESENTATION_RELATIONSHIP_WITH_TRANSFORMATION(#15)
SHAPE_REPRESENTATION_RELATIONSHIP()
);
#23=(
REPRESENTATION_RELATIONSHIP($,$,#6779,#6775)
REPRESENTATION_RELATIONSHIP_WITH_TRANSFORMATION(#16)
SHAPE_REPRESENTATION_RELATIONSHIP()
);
#24=(
REPRESENTATION_RELATIONSHIP($,$,#6780,#6775)
REPRESENTATION_RELATIONSHIP_WITH_TRANSFORMATION(#17)
SHAPE_REPRESENTATION_RELATIONSHIP()
);
#25=CONTEXT_DEPENDENT_SHAPE_REPRESENTATION(#18,#6768);
#26=CONTEXT_DEPENDENT_SHAPE_REPRESENTATION(#19,#6769);
#27=CONTEXT_DEPENDENT_SHAPE_REPRESENTATION(#20,#6770);
#28=CONTEXT_DEPENDENT_SHAPE_REPRESENTATION(#21,#6771);
#29=CONTEXT_DEPENDENT_SHAPE_REPRESENTATION(#22,#6772);
#30=CONTEXT_DEPENDENT_SHAPE_REPRESENTATION(#23,#6773);
#31=CONTEXT_DEPENDENT_SHAPE_REPRESENTATION(#24,#6774);
#32=NEXT_ASSEMBLY_USAGE_OCCURRENCE('Housing:1','Housing:1','Housing:1',
#6782,#6783,'Housing:1');
#33=NEXT_ASSEMBLY_USAGE_OCCURRENCE('Cover:1','Cover:1','Cover:1',#6782,
#6784,'Cover:1');
#34=NEXT_ASSEMBLY_USAGE_OCCURRENCE('Actuator:1','Actuator:1',
'Actuator:1',#6782,#6785,'Actuator:1');
#35=NEXT_ASSEMBLY_USAGE_OCCURRENCE('Terminal:1','Terminal:1',
'Terminal:1',#6782,#6786,'Terminal:1');
#36=NEXT_ASSEMBLY_USAGE_OCCURRENCE('Terminal:2','Terminal:2',
'Terminal:2',#6782,#6786,'Terminal:2');
#37=NEXT_ASSEMBLY_USAGE_OCCURRENCE('Terminal:4','Terminal:4',
'Terminal:4',#6782,#6786,'Terminal:4');
#38=NEXT_ASSEMBLY_USAGE_OCCURRENCE('Terminal_MIR:1','Terminal_MIR:1',
'Terminal_MIR:1',#6782,#6787,'Terminal_MIR:1');
#39=B_SPLINE_SURFACE_WITH_KNOTS('',3,3,((#6340,#6341,#6342,#6343),(#6344,
#6345,#6346,#6347),(#6348,#6349,#6350,#6351),(#6352,#6353,#6354,#6355),
(#6356,#6357,#6358,#6359)),.UNSPECIFIED.,.F.,.F.,.F.,(4,1,4),(4,4),(-0.0166846238903945,
-0.00953407079451113,2.77555756156289E-17),(0.,0.015),.UNSPECIFIED.);
#40=B_SPLINE_SURFACE_WITH_KNOTS('',3,3,((#6369,#6370,#6371,#6372),(#6373,
#6374,#6375,#6376),(#6377,#6378,#6379,#6380),(#6381,#6382,#6383,#6384),
(#6385,#6386,#6387,#6388)),.UNSPECIFIED.,.F.,.F.,.F.,(4,1,4),(4,4),(-0.0166846238903945,
-0.00953407079451116,0.),(-2.77555756156289E-17,0.015),.UNSPECIFIED.);
#41=B_SPLINE_SURFACE_WITH_KNOTS('',3,3,((#6424,#6425,#6426,#6427),(#6428,
#6429,#6430,#6431),(#6432,#6433,#6434,#6435),(#6436,#6437,#6438,#6439),
(#6440,#6441,#6442,#6443)),.UNSPECIFIED.,.F.,.F.,.F.,(4,1,4),(4,4),(-2.77555756156289E-17,
0.00715055309588334,0.0166846238903945),(-0.015,0.),.UNSPECIFIED.);
#42=B_SPLINE_SURFACE_WITH_KNOTS('',3,3,((#6453,#6454,#6455,#6456),(#6457,
#6458,#6459,#6460),(#6461,#6462,#6463,#6464),(#6465,#6466,#6467,#6468),
(#6469,#6470,#6471,#6472)),.UNSPECIFIED.,.F.,.F.,.F.,(4,1,4),(4,4),(0.,
0.00715055309588337,0.0166846238903945),(-0.015,2.77555756156289E-17),
 .UNSPECIFIED.);
#43=CONICAL_SURFACE('',#4159,1.3,0.418224329579229);
#44=CONICAL_SURFACE('',#4176,1.21112073643177,0.418224329579229);
#45=CONICAL_SURFACE('',#4178,1.00867318910667,1.38726059614082);
#46=CONICAL_SURFACE('',#4184,1.35125951831837,0.576285998607836);
#47=CONICAL_SURFACE('',#4185,0.911311970993265,0.183535730654077);
#48=SHAPE_REPRESENTATION_RELATIONSHIP('SRR','None',#6776,#53);
#49=SHAPE_REPRESENTATION_RELATIONSHIP('SRR','None',#6777,#54);
#50=SHAPE_REPRESENTATION_RELATIONSHIP('SRR','None',#6778,#55);
#51=SHAPE_REPRESENTATION_RELATIONSHIP('SRR','None',#6779,#56);
#52=SHAPE_REPRESENTATION_RELATIONSHIP('SRR','None',#6780,#57);
#53=ADVANCED_BREP_SHAPE_REPRESENTATION('',(#69),#6746);
#54=ADVANCED_BREP_SHAPE_REPRESENTATION('',(#70),#6747);
#55=ADVANCED_BREP_SHAPE_REPRESENTATION('',(#71),#6748);
#56=ADVANCED_BREP_SHAPE_REPRESENTATION('',(#72),#6749);
#57=ADVANCED_BREP_SHAPE_REPRESENTATION('',(#73),#6750);
#58=STYLED_ITEM('',(#3955),#69);
#59=STYLED_ITEM('',(#3956),#70);
#60=STYLED_ITEM('',(#3955),#71);
#61=STYLED_ITEM('',(#3956),#72);
#62=STYLED_ITEM('',(#3957),#3885);
#63=STYLED_ITEM('',(#3957),#3886);
#64=STYLED_ITEM('',(#3957),#3887);
#65=STYLED_ITEM('',(#3957),#3888);
#66=STYLED_ITEM('',(#3957),#3889);
#67=STYLED_ITEM('',(#3957),#3890);
#68=STYLED_ITEM('',(#3956),#73);
#69=MANIFOLD_SOLID_BREP('Solid1',#3891);
#70=MANIFOLD_SOLID_BREP('Solid1',#3892);
#71=MANIFOLD_SOLID_BREP('Solid1',#3893);
#72=MANIFOLD_SOLID_BREP('Solid1',#3894);
#73=MANIFOLD_SOLID_BREP('Solid1',#3895);
#74=B_SPLINE_CURVE_WITH_KNOTS('',3,(#5768,#5769,#5770,#5771,#5772,#5773),
 .UNSPECIFIED.,.F.,.F.,(4,2,4),(0.0101106448007702,0.0116399093320236,0.0139911657146817),
 .UNSPECIFIED.);
#75=B_SPLINE_CURVE_WITH_KNOTS('',3,(#5784,#5785,#5786,#5787,#5788,#5789),
 .UNSPECIFIED.,.F.,.F.,(4,2,4),(0.,0.00235125638265817,0.00388052091391156),
 .UNSPECIFIED.);
#76=B_SPLINE_CURVE_WITH_KNOTS('',3,(#5805,#5806,#5807,#5808,#5809,#5810),
 .UNSPECIFIED.,.F.,.F.,(4,2,4),(0.0101106448007702,0.0116399093320236,0.0139911657146818),
 .UNSPECIFIED.);
#77=B_SPLINE_CURVE_WITH_KNOTS('',3,(#5821,#5822,#5823,#5824,#5825,#5826),
 .UNSPECIFIED.,.F.,.F.,(4,2,4),(0.,0.00235125638265817,0.00388052091391156),
 .UNSPECIFIED.);
#78=B_SPLINE_CURVE_WITH_KNOTS('',3,(#6321,#6322,#6323,#6324,#6325,#6326,
#6327),.UNSPECIFIED.,.F.,.F.,(4,3,4),(0.,0.897597901025653,1.57079632679489),
 .UNSPECIFIED.);
#79=B_SPLINE_CURVE_WITH_KNOTS('',3,(#6330,#6331,#6332,#6333,#6334,#6335,
#6336),.UNSPECIFIED.,.F.,.F.,(4,3,4),(0.,0.897597901025655,1.57079632679489),
 .UNSPECIFIED.);
#80=B_SPLINE_CURVE_WITH_KNOTS('',3,(#6362,#6363,#6364,#6365,#6366,#6367,
#6368),.UNSPECIFIED.,.F.,.F.,(4,3,4),(0.,0.673198425769241,1.57079632679489),
 .UNSPECIFIED.);
#81=B_SPLINE_CURVE_WITH_KNOTS('',3,(#6390,#6391,#6392,#6393,#6394,#6395,
#6396),.UNSPECIFIED.,.F.,.F.,(4,3,4),(0.,0.897597901025654,1.57079632679489),
 .UNSPECIFIED.);
#82=B_SPLINE_CURVE_WITH_KNOTS('',3,(#6405,#6406,#6407,#6408,#6409,#6410,
#6411),.UNSPECIFIED.,.F.,.F.,(4,3,4),(0.,0.673198425769239,1.57079632679489),
 .UNSPECIFIED.);
#83=B_SPLINE_CURVE_WITH_KNOTS('',3,(#6414,#6415,#6416,#6417,#6418,#6419,
#6420),.UNSPECIFIED.,.F.,.F.,(4,3,4),(0.,0.673198425769241,1.57079632679489),
 .UNSPECIFIED.);
#84=B_SPLINE_CURVE_WITH_KNOTS('',3,(#6446,#6447,#6448,#6449,#6450,#6451,
#6452),.UNSPECIFIED.,.F.,.F.,(4,3,4),(0.,0.897597901025655,1.57079632679489),
 .UNSPECIFIED.);
#85=B_SPLINE_CURVE_WITH_KNOTS('',3,(#6474,#6475,#6476,#6477,#6478,#6479,
#6480),.UNSPECIFIED.,.F.,.F.,(4,3,4),(0.,0.673198425769241,1.57079632679489),
 .UNSPECIFIED.);
#86=TOROIDAL_SURFACE('',#4096,0.04,0.02);
#87=TOROIDAL_SURFACE('',#4102,0.04,0.02);
#88=TOROIDAL_SURFACE('',#4106,0.04,0.02);
#89=TOROIDAL_SURFACE('',#4112,0.04,0.02);
#90=TOROIDAL_SURFACE('',#4154,1.03753172772789,0.25);
#91=TOROIDAL_SURFACE('',#4164,1.43077475551224,0.25);
#92=TOROIDAL_SURFACE('',#4170,1.04971907531028,0.1);
#93=TOROIDAL_SURFACE('',#4180,1.46498730890885,0.1);
#94=TOROIDAL_SURFACE('',#4331,0.91,0.01);
#95=TOROIDAL_SURFACE('',#4339,0.89,0.01);
#96=FACE_BOUND('',#513,.T.);
#97=FACE_BOUND('',#525,.T.);
#98=FACE_BOUND('',#582,.T.);
#99=FACE_BOUND('',#585,.T.);
#100=FACE_BOUND('',#591,.T.);
#101=FACE_BOUND('',#705,.T.);
#102=ELLIPSE('',#4033,0.021647844005848,0.02);
#103=ELLIPSE('',#4034,0.0216478440058479,0.02);
#104=ELLIPSE('',#4036,0.0216478440058477,0.02);
#105=ELLIPSE('',#4037,0.0216478440058478,0.02);
#106=ELLIPSE('',#4039,0.0216478440058478,0.02);
#107=ELLIPSE('',#4040,0.0216478440058478,0.02);
#108=ELLIPSE('',#4042,0.0216478440058479,0.02);
#109=ELLIPSE('',#4045,0.0216478440058478,0.02);
#110=ELLIPSE('',#4050,0.0282842712474619,0.02);
#111=ELLIPSE('',#4051,0.0282842712474619,0.02);
#112=ELLIPSE('',#4056,0.0216478440058478,0.02);
#113=ELLIPSE('',#4057,0.0216478440058478,0.02);
#114=ELLIPSE('',#4059,0.0282842712474619,0.02);
#115=ELLIPSE('',#4062,0.0282842712474619,0.02);
#116=ELLIPSE('',#4066,0.028284271247462,0.02);
#117=ELLIPSE('',#4069,0.0282842712474617,0.02);
#118=ELLIPSE('',#4071,0.0282842712474619,0.02);
#119=ELLIPSE('',#4073,0.0282842712474619,0.02);
#120=ELLIPSE('',#4078,0.0216478440058479,0.02);
#121=ELLIPSE('',#4080,0.021647844005848,0.02);
#122=ELLIPSE('',#4084,0.0282842712474619,0.02);
#123=ELLIPSE('',#4087,0.0282842712474619,0.02);
#124=ELLIPSE('',#4089,0.0282842712474619,0.02);
#125=ELLIPSE('',#4090,0.0282842712474619,0.02);
#126=ELLIPSE('',#4121,0.0282842712474619,0.02);
#127=ELLIPSE('',#4122,0.0282842712474619,0.02);
#128=ELLIPSE('',#4124,0.0282842712474619,0.02);
#129=ELLIPSE('',#4125,0.0282842712474619,0.02);
#130=PLANE('',#4023);
#131=PLANE('',#4027);
#132=PLANE('',#4031);
#133=PLANE('',#4048);
#134=PLANE('',#4049);
#135=PLANE('',#4052);
#136=PLANE('',#4053);
#137=PLANE('',#4054);
#138=PLANE('',#4061);
#139=PLANE('',#4063);
#140=PLANE('',#4075);
#141=PLANE('',#4076);
#142=PLANE('',#4093);
#143=PLANE('',#4094);
#144=PLANE('',#4095);
#145=PLANE('',#4105);
#146=PLANE('',#4115);
#147=PLANE('',#4117);
#148=PLANE('',#4119);
#149=PLANE('',#4128);
#150=PLANE('',#4129);
#151=PLANE('',#4130);
#152=PLANE('',#4131);
#153=PLANE('',#4132);
#154=PLANE('',#4133);
#155=PLANE('',#4134);
#156=PLANE('',#4135);
#157=PLANE('',#4136);
#158=PLANE('',#4137);
#159=PLANE('',#4138);
#160=PLANE('',#4139);
#161=PLANE('',#4140);
#162=PLANE('',#4141);
#163=PLANE('',#4142);
#164=PLANE('',#4143);
#165=PLANE('',#4144);
#166=PLANE('',#4145);
#167=PLANE('',#4146);
#168=PLANE('',#4147);
#169=PLANE('',#4148);
#170=PLANE('',#4149);
#171=PLANE('',#4150);
#172=PLANE('',#4151);
#173=PLANE('',#4152);
#174=PLANE('',#4162);
#175=PLANE('',#4169);
#176=PLANE('',#4183);
#177=PLANE('',#4186);
#178=PLANE('',#4187);
#179=PLANE('',#4188);
#180=PLANE('',#4189);
#181=PLANE('',#4190);
#182=PLANE('',#4191);
#183=PLANE('',#4192);
#184=PLANE('',#4193);
#185=PLANE('',#4197);
#186=PLANE('',#4198);
#187=PLANE('',#4202);
#188=PLANE('',#4206);
#189=PLANE('',#4207);
#190=PLANE('',#4211);
#191=PLANE('',#4215);
#192=PLANE('',#4216);
#193=PLANE('',#4222);
#194=PLANE('',#4226);
#195=PLANE('',#4227);
#196=PLANE('',#4233);
#197=PLANE('',#4243);
#198=PLANE('',#4244);
#199=PLANE('',#4247);
#200=PLANE('',#4248);
#201=PLANE('',#4250);
#202=PLANE('',#4251);
#203=PLANE('',#4252);
#204=PLANE('',#4253);
#205=PLANE('',#4254);
#206=PLANE('',#4255);
#207=PLANE('',#4256);
#208=PLANE('',#4257);
#209=PLANE('',#4258);
#210=PLANE('',#4259);
#211=PLANE('',#4263);
#212=PLANE('',#4264);
#213=PLANE('',#4266);
#214=PLANE('',#4268);
#215=PLANE('',#4273);
#216=PLANE('',#4275);
#217=PLANE('',#4278);
#218=PLANE('',#4279);
#219=PLANE('',#4280);
#220=PLANE('',#4281);
#221=PLANE('',#4282);
#222=PLANE('',#4283);
#223=PLANE('',#4284);
#224=PLANE('',#4285);
#225=PLANE('',#4286);
#226=PLANE('',#4287);
#227=PLANE('',#4288);
#228=PLANE('',#4289);
#229=PLANE('',#4290);
#230=PLANE('',#4291);
#231=PLANE('',#4292);
#232=PLANE('',#4293);
#233=PLANE('',#4294);
#234=PLANE('',#4298);
#235=PLANE('',#4299);
#236=PLANE('',#4301);
#237=PLANE('',#4307);
#238=PLANE('',#4308);
#239=PLANE('',#4309);
#240=PLANE('',#4311);
#241=PLANE('',#4313);
#242=PLANE('',#4315);
#243=PLANE('',#4316);
#244=PLANE('',#4317);
#245=PLANE('',#4318);
#246=PLANE('',#4319);
#247=PLANE('',#4320);
#248=PLANE('',#4321);
#249=PLANE('',#4322);
#250=PLANE('',#4323);
#251=PLANE('',#4324);
#252=PLANE('',#4325);
#253=PLANE('',#4326);
#254=PLANE('',#4327);
#255=PLANE('',#4328);
#256=PLANE('',#4329);
#257=PLANE('',#4337);
#258=PLANE('',#4342);
#259=PLANE('',#4345);
#260=PLANE('',#4347);
#261=PLANE('',#4348);
#262=PLANE('',#4349);
#263=PLANE('',#4350);
#264=PLANE('',#4351);
#265=PLANE('',#4352);
#266=PLANE('',#4354);
#267=PLANE('',#4355);
#268=PLANE('',#4356);
#269=PLANE('',#4357);
#270=PLANE('',#4358);
#271=PLANE('',#4359);
#272=FACE_OUTER_BOUND('',#494,.T.);
#273=FACE_OUTER_BOUND('',#495,.T.);
#274=FACE_OUTER_BOUND('',#496,.T.);
#275=FACE_OUTER_BOUND('',#497,.T.);
#276=FACE_OUTER_BOUND('',#498,.T.);
#277=FACE_OUTER_BOUND('',#499,.T.);
#278=FACE_OUTER_BOUND('',#500,.T.);
#279=FACE_OUTER_BOUND('',#501,.T.);
#280=FACE_OUTER_BOUND('',#502,.T.);
#281=FACE_OUTER_BOUND('',#503,.T.);
#282=FACE_OUTER_BOUND('',#504,.T.);
#283=FACE_OUTER_BOUND('',#505,.T.);
#284=FACE_OUTER_BOUND('',#506,.T.);
#285=FACE_OUTER_BOUND('',#507,.T.);
#286=FACE_OUTER_BOUND('',#508,.T.);
#287=FACE_OUTER_BOUND('',#509,.T.);
#288=FACE_OUTER_BOUND('',#510,.T.);
#289=FACE_OUTER_BOUND('',#511,.T.);
#290=FACE_OUTER_BOUND('',#512,.T.);
#291=FACE_OUTER_BOUND('',#514,.T.);
#292=FACE_OUTER_BOUND('',#515,.T.);
#293=FACE_OUTER_BOUND('',#516,.T.);
#294=FACE_OUTER_BOUND('',#517,.T.);
#295=FACE_OUTER_BOUND('',#518,.T.);
#296=FACE_OUTER_BOUND('',#519,.T.);
#297=FACE_OUTER_BOUND('',#520,.T.);
#298=FACE_OUTER_BOUND('',#521,.T.);
#299=FACE_OUTER_BOUND('',#522,.T.);
#300=FACE_OUTER_BOUND('',#523,.T.);
#301=FACE_OUTER_BOUND('',#524,.T.);
#302=FACE_OUTER_BOUND('',#526,.T.);
#303=FACE_OUTER_BOUND('',#527,.T.);
#304=FACE_OUTER_BOUND('',#528,.T.);
#305=FACE_OUTER_BOUND('',#529,.T.);
#306=FACE_OUTER_BOUND('',#530,.T.);
#307=FACE_OUTER_BOUND('',#531,.T.);
#308=FACE_OUTER_BOUND('',#532,.T.);
#309=FACE_OUTER_BOUND('',#533,.T.);
#310=FACE_OUTER_BOUND('',#534,.T.);
#311=FACE_OUTER_BOUND('',#535,.T.);
#312=FACE_OUTER_BOUND('',#536,.T.);
#313=FACE_OUTER_BOUND('',#537,.T.);
#314=FACE_OUTER_BOUND('',#538,.T.);
#315=FACE_OUTER_BOUND('',#539,.T.);
#316=FACE_OUTER_BOUND('',#540,.T.);
#317=FACE_OUTER_BOUND('',#541,.T.);
#318=FACE_OUTER_BOUND('',#542,.T.);
#319=FACE_OUTER_BOUND('',#543,.T.);
#320=FACE_OUTER_BOUND('',#544,.T.);
#321=FACE_OUTER_BOUND('',#545,.T.);
#322=FACE_OUTER_BOUND('',#546,.T.);
#323=FACE_OUTER_BOUND('',#547,.T.);
#324=FACE_OUTER_BOUND('',#548,.T.);
#325=FACE_OUTER_BOUND('',#549,.T.);
#326=FACE_OUTER_BOUND('',#550,.T.);
#327=FACE_OUTER_BOUND('',#551,.T.);
#328=FACE_OUTER_BOUND('',#552,.T.);
#329=FACE_OUTER_BOUND('',#553,.T.);
#330=FACE_OUTER_BOUND('',#554,.T.);
#331=FACE_OUTER_BOUND('',#555,.T.);
#332=FACE_OUTER_BOUND('',#556,.T.);
#333=FACE_OUTER_BOUND('',#557,.T.);
#334=FACE_OUTER_BOUND('',#558,.T.);
#335=FACE_OUTER_BOUND('',#559,.T.);
#336=FACE_OUTER_BOUND('',#560,.T.);
#337=FACE_OUTER_BOUND('',#561,.T.);
#338=FACE_OUTER_BOUND('',#562,.T.);
#339=FACE_OUTER_BOUND('',#563,.T.);
#340=FACE_OUTER_BOUND('',#564,.T.);
#341=FACE_OUTER_BOUND('',#565,.T.);
#342=FACE_OUTER_BOUND('',#566,.T.);
#343=FACE_OUTER_BOUND('',#567,.T.);
#344=FACE_OUTER_BOUND('',#568,.T.);
#345=FACE_OUTER_BOUND('',#569,.T.);
#346=FACE_OUTER_BOUND('',#570,.T.);
#347=FACE_OUTER_BOUND('',#571,.T.);
#348=FACE_OUTER_BOUND('',#572,.T.);
#349=FACE_OUTER_BOUND('',#573,.T.);
#350=FACE_OUTER_BOUND('',#574,.T.);
#351=FACE_OUTER_BOUND('',#575,.T.);
#352=FACE_OUTER_BOUND('',#576,.T.);
#353=FACE_OUTER_BOUND('',#577,.T.);
#354=FACE_OUTER_BOUND('',#578,.T.);
#355=FACE_OUTER_BOUND('',#579,.T.);
#356=FACE_OUTER_BOUND('',#580,.T.);
#357=FACE_OUTER_BOUND('',#581,.T.);
#358=FACE_OUTER_BOUND('',#583,.T.);
#359=FACE_OUTER_BOUND('',#584,.T.);
#360=FACE_OUTER_BOUND('',#586,.T.);
#361=FACE_OUTER_BOUND('',#587,.T.);
#362=FACE_OUTER_BOUND('',#588,.T.);
#363=FACE_OUTER_BOUND('',#589,.T.);
#364=FACE_OUTER_BOUND('',#590,.T.);
#365=FACE_OUTER_BOUND('',#592,.T.);
#366=FACE_OUTER_BOUND('',#593,.T.);
#367=FACE_OUTER_BOUND('',#594,.T.);
#368=FACE_OUTER_BOUND('',#595,.T.);
#369=FACE_OUTER_BOUND('',#596,.T.);
#370=FACE_OUTER_BOUND('',#597,.T.);
#371=FACE_OUTER_BOUND('',#598,.T.);
#372=FACE_OUTER_BOUND('',#599,.T.);
#373=FACE_OUTER_BOUND('',#600,.T.);
#374=FACE_OUTER_BOUND('',#601,.T.);
#375=FACE_OUTER_BOUND('',#602,.T.);
#376=FACE_OUTER_BOUND('',#603,.T.);
#377=FACE_OUTER_BOUND('',#604,.T.);
#378=FACE_OUTER_BOUND('',#605,.T.);
#379=FACE_OUTER_BOUND('',#606,.T.);
#380=FACE_OUTER_BOUND('',#607,.T.);
#381=FACE_OUTER_BOUND('',#608,.T.);
#382=FACE_OUTER_BOUND('',#609,.T.);
#383=FACE_OUTER_BOUND('',#610,.T.);
#384=FACE_OUTER_BOUND('',#611,.T.);
#385=FACE_OUTER_BOUND('',#612,.T.);
#386=FACE_OUTER_BOUND('',#613,.T.);
#387=FACE_OUTER_BOUND('',#614,.T.);
#388=FACE_OUTER_BOUND('',#615,.T.);
#389=FACE_OUTER_BOUND('',#616,.T.);
#390=FACE_OUTER_BOUND('',#617,.T.);
#391=FACE_OUTER_BOUND('',#618,.T.);
#392=FACE_OUTER_BOUND('',#619,.T.);
#393=FACE_OUTER_BOUND('',#620,.T.);
#394=FACE_OUTER_BOUND('',#621,.T.);
#395=FACE_OUTER_BOUND('',#622,.T.);
#396=FACE_OUTER_BOUND('',#623,.T.);
#397=FACE_OUTER_BOUND('',#624,.T.);
#398=FACE_OUTER_BOUND('',#625,.T.);
#399=FACE_OUTER_BOUND('',#626,.T.);
#400=FACE_OUTER_BOUND('',#627,.T.);
#401=FACE_OUTER_BOUND('',#628,.T.);
#402=FACE_OUTER_BOUND('',#629,.T.);
#403=FACE_OUTER_BOUND('',#630,.T.);
#404=FACE_OUTER_BOUND('',#631,.T.);
#405=FACE_OUTER_BOUND('',#632,.T.);
#406=FACE_OUTER_BOUND('',#633,.T.);
#407=FACE_OUTER_BOUND('',#634,.T.);
#408=FACE_OUTER_BOUND('',#635,.T.);
#409=FACE_OUTER_BOUND('',#636,.T.);
#410=FACE_OUTER_BOUND('',#637,.T.);
#411=FACE_OUTER_BOUND('',#638,.T.);
#412=FACE_OUTER_BOUND('',#639,.T.);
#413=FACE_OUTER_BOUND('',#640,.T.);
#414=FACE_OUTER_BOUND('',#641,.T.);
#415=FACE_OUTER_BOUND('',#642,.T.);
#416=FACE_OUTER_BOUND('',#643,.T.);
#417=FACE_OUTER_BOUND('',#644,.T.);
#418=FACE_OUTER_BOUND('',#645,.T.);
#419=FACE_OUTER_BOUND('',#646,.T.);
#420=FACE_OUTER_BOUND('',#647,.T.);
#421=FACE_OUTER_BOUND('',#648,.T.);
#422=FACE_OUTER_BOUND('',#649,.T.);
#423=FACE_OUTER_BOUND('',#650,.T.);
#424=FACE_OUTER_BOUND('',#651,.T.);
#425=FACE_OUTER_BOUND('',#652,.T.);
#426=FACE_OUTER_BOUND('',#653,.T.);
#427=FACE_OUTER_BOUND('',#654,.T.);
#428=FACE_OUTER_BOUND('',#655,.T.);
#429=FACE_OUTER_BOUND('',#656,.T.);
#430=FACE_OUTER_BOUND('',#657,.T.);
#431=FACE_OUTER_BOUND('',#658,.T.);
#432=FACE_OUTER_BOUND('',#659,.T.);
#433=FACE_OUTER_BOUND('',#660,.T.);
#434=FACE_OUTER_BOUND('',#661,.T.);
#435=FACE_OUTER_BOUND('',#662,.T.);
#436=FACE_OUTER_BOUND('',#663,.T.);
#437=FACE_OUTER_BOUND('',#664,.T.);
#438=FACE_OUTER_BOUND('',#665,.T.);
#439=FACE_OUTER_BOUND('',#666,.T.);
#440=FACE_OUTER_BOUND('',#667,.T.);
#441=FACE_OUTER_BOUND('',#668,.T.);
#442=FACE_OUTER_BOUND('',#669,.T.);
#443=FACE_OUTER_BOUND('',#670,.T.);
#444=FACE_OUTER_BOUND('',#671,.T.);
#445=FACE_OUTER_BOUND('',#672,.T.);
#446=FACE_OUTER_BOUND('',#673,.T.);
#447=FACE_OUTER_BOUND('',#674,.T.);
#448=FACE_OUTER_BOUND('',#675,.T.);
#449=FACE_OUTER_BOUND('',#676,.T.);
#450=FACE_OUTER_BOUND('',#677,.T.);
#451=FACE_OUTER_BOUND('',#678,.T.);
#452=FACE_OUTER_BOUND('',#679,.T.);
#453=FACE_OUTER_BOUND('',#680,.T.);
#454=FACE_OUTER_BOUND('',#681,.T.);
#455=FACE_OUTER_BOUND('',#682,.T.);
#456=FACE_OUTER_BOUND('',#683,.T.);
#457=FACE_OUTER_BOUND('',#684,.T.);
#458=FACE_OUTER_BOUND('',#685,.T.);
#459=FACE_OUTER_BOUND('',#686,.T.);
#460=FACE_OUTER_BOUND('',#687,.T.);
#461=FACE_OUTER_BOUND('',#688,.T.);
#462=FACE_OUTER_BOUND('',#689,.T.);
#463=FACE_OUTER_BOUND('',#690,.T.);
#464=FACE_OUTER_BOUND('',#691,.T.);
#465=FACE_OUTER_BOUND('',#692,.T.);
#466=FACE_OUTER_BOUND('',#693,.T.);
#467=FACE_OUTER_BOUND('',#694,.T.);
#468=FACE_OUTER_BOUND('',#695,.T.);
#469=FACE_OUTER_BOUND('',#696,.T.);
#470=FACE_OUTER_BOUND('',#697,.T.);
#471=FACE_OUTER_BOUND('',#698,.T.);
#472=FACE_OUTER_BOUND('',#699,.T.);
#473=FACE_OUTER_BOUND('',#700,.T.);
#474=FACE_OUTER_BOUND('',#701,.T.);
#475=FACE_OUTER_BOUND('',#702,.T.);
#476=FACE_OUTER_BOUND('',#703,.T.);
#477=FACE_OUTER_BOUND('',#704,.T.);
#478=FACE_OUTER_BOUND('',#706,.T.);
#479=FACE_OUTER_BOUND('',#707,.T.);
#480=FACE_OUTER_BOUND('',#708,.T.);
#481=FACE_OUTER_BOUND('',#709,.T.);
#482=FACE_OUTER_BOUND('',#710,.T.);
#483=FACE_OUTER_BOUND('',#711,.T.);
#484=FACE_OUTER_BOUND('',#712,.T.);
#485=FACE_OUTER_BOUND('',#713,.T.);
#486=FACE_OUTER_BOUND('',#714,.T.);
#487=FACE_OUTER_BOUND('',#715,.T.);
#488=FACE_OUTER_BOUND('',#716,.T.);
#489=FACE_OUTER_BOUND('',#717,.T.);
#490=FACE_OUTER_BOUND('',#718,.T.);
#491=FACE_OUTER_BOUND('',#719,.T.);
#492=FACE_OUTER_BOUND('',#720,.T.);
#493=FACE_OUTER_BOUND('',#721,.T.);
#494=EDGE_LOOP('',(#2520,#2521,#2522,#2523));
#495=EDGE_LOOP('',(#2524));
#496=EDGE_LOOP('',(#2525,#2526,#2527,#2528));
#497=EDGE_LOOP('',(#2529,#2530,#2531,#2532));
#498=EDGE_LOOP('',(#2533,#2534,#2535,#2536));
#499=EDGE_LOOP('',(#2537,#2538,#2539,#2540));
#500=EDGE_LOOP('',(#2541,#2542,#2543,#2544));
#501=EDGE_LOOP('',(#2545,#2546,#2547,#2548));
#502=EDGE_LOOP('',(#2549,#2550,#2551,#2552));
#503=EDGE_LOOP('',(#2553,#2554,#2555,#2556));
#504=EDGE_LOOP('',(#2557,#2558,#2559,#2560));
#505=EDGE_LOOP('',(#2561,#2562,#2563,#2564));
#506=EDGE_LOOP('',(#2565,#2566,#2567,#2568));
#507=EDGE_LOOP('',(#2569,#2570,#2571,#2572));
#508=EDGE_LOOP('',(#2573,#2574,#2575,#2576));
#509=EDGE_LOOP('',(#2577,#2578,#2579,#2580,#2581,#2582,#2583,#2584,#2585,
#2586,#2587,#2588,#2589,#2590,#2591,#2592,#2593,#2594));
#510=EDGE_LOOP('',(#2595,#2596,#2597,#2598));
#511=EDGE_LOOP('',(#2599,#2600,#2601,#2602));
#512=EDGE_LOOP('',(#2603,#2604,#2605,#2606,#2607,#2608,#2609,#2610));
#513=EDGE_LOOP('',(#2611));
#514=EDGE_LOOP('',(#2612,#2613,#2614,#2615));
#515=EDGE_LOOP('',(#2616,#2617,#2618,#2619));
#516=EDGE_LOOP('',(#2620,#2621,#2622,#2623));
#517=EDGE_LOOP('',(#2624,#2625,#2626,#2627,#2628,#2629,#2630,#2631,#2632,
#2633,#2634,#2635,#2636,#2637,#2638,#2639,#2640,#2641));
#518=EDGE_LOOP('',(#2642,#2643,#2644,#2645));
#519=EDGE_LOOP('',(#2646,#2647,#2648,#2649));
#520=EDGE_LOOP('',(#2650,#2651,#2652,#2653));
#521=EDGE_LOOP('',(#2654,#2655,#2656,#2657));
#522=EDGE_LOOP('',(#2658,#2659,#2660,#2661));
#523=EDGE_LOOP('',(#2662,#2663,#2664,#2665));
#524=EDGE_LOOP('',(#2666,#2667,#2668,#2669,#2670,#2671,#2672,#2673,#2674,
#2675,#2676,#2677,#2678,#2679,#2680,#2681,#2682,#2683,#2684,#2685,#2686,
#2687,#2688,#2689,#2690,#2691,#2692,#2693,#2694,#2695,#2696,#2697));
#525=EDGE_LOOP('',(#2698,#2699,#2700,#2701));
#526=EDGE_LOOP('',(#2702,#2703,#2704,#2705,#2706));
#527=EDGE_LOOP('',(#2707,#2708,#2709,#2710));
#528=EDGE_LOOP('',(#2711,#2712,#2713,#2714));
#529=EDGE_LOOP('',(#2715,#2716,#2717,#2718));
#530=EDGE_LOOP('',(#2719,#2720,#2721,#2722));
#531=EDGE_LOOP('',(#2723,#2724,#2725,#2726));
#532=EDGE_LOOP('',(#2727,#2728,#2729,#2730));
#533=EDGE_LOOP('',(#2731,#2732,#2733,#2734));
#534=EDGE_LOOP('',(#2735,#2736,#2737,#2738));
#535=EDGE_LOOP('',(#2739,#2740,#2741,#2742,#2743));
#536=EDGE_LOOP('',(#2744,#2745,#2746,#2747,#2748));
#537=EDGE_LOOP('',(#2749,#2750,#2751,#2752));
#538=EDGE_LOOP('',(#2753,#2754,#2755,#2756));
#539=EDGE_LOOP('',(#2757,#2758,#2759,#2760));
#540=EDGE_LOOP('',(#2761,#2762,#2763,#2764));
#541=EDGE_LOOP('',(#2765,#2766,#2767,#2768,#2769,#2770));
#542=EDGE_LOOP('',(#2771,#2772,#2773,#2774));
#543=EDGE_LOOP('',(#2775,#2776,#2777,#2778));
#544=EDGE_LOOP('',(#2779,#2780,#2781,#2782));
#545=EDGE_LOOP('',(#2783,#2784,#2785,#2786,#2787,#2788));
#546=EDGE_LOOP('',(#2789,#2790,#2791,#2792));
#547=EDGE_LOOP('',(#2793,#2794,#2795,#2796,#2797,#2798,#2799,#2800,#2801,
#2802));
#548=EDGE_LOOP('',(#2803,#2804,#2805,#2806));
#549=EDGE_LOOP('',(#2807,#2808,#2809,#2810,#2811,#2812,#2813,#2814,#2815,
#2816));
#550=EDGE_LOOP('',(#2817,#2818,#2819,#2820));
#551=EDGE_LOOP('',(#2821,#2822,#2823,#2824));
#552=EDGE_LOOP('',(#2825,#2826,#2827,#2828));
#553=EDGE_LOOP('',(#2829,#2830,#2831,#2832));
#554=EDGE_LOOP('',(#2833,#2834,#2835,#2836));
#555=EDGE_LOOP('',(#2837,#2838,#2839,#2840));
#556=EDGE_LOOP('',(#2841,#2842,#2843,#2844));
#557=EDGE_LOOP('',(#2845,#2846,#2847,#2848));
#558=EDGE_LOOP('',(#2849,#2850,#2851,#2852));
#559=EDGE_LOOP('',(#2853,#2854,#2855,#2856));
#560=EDGE_LOOP('',(#2857,#2858,#2859,#2860));
#561=EDGE_LOOP('',(#2861,#2862,#2863,#2864,#2865));
#562=EDGE_LOOP('',(#2866,#2867,#2868,#2869,#2870));
#563=EDGE_LOOP('',(#2871,#2872,#2873,#2874));
#564=EDGE_LOOP('',(#2875,#2876,#2877,#2878,#2879));
#565=EDGE_LOOP('',(#2880,#2881,#2882,#2883));
#566=EDGE_LOOP('',(#2884,#2885,#2886,#2887));
#567=EDGE_LOOP('',(#2888,#2889,#2890,#2891));
#568=EDGE_LOOP('',(#2892,#2893,#2894,#2895,#2896));
#569=EDGE_LOOP('',(#2897,#2898,#2899,#2900));
#570=EDGE_LOOP('',(#2901,#2902,#2903,#2904));
#571=EDGE_LOOP('',(#2905,#2906,#2907,#2908));
#572=EDGE_LOOP('',(#2909,#2910,#2911,#2912));
#573=EDGE_LOOP('',(#2913,#2914,#2915,#2916));
#574=EDGE_LOOP('',(#2917,#2918,#2919,#2920));
#575=EDGE_LOOP('',(#2921,#2922,#2923,#2924,#2925));
#576=EDGE_LOOP('',(#2926,#2927,#2928,#2929));
#577=EDGE_LOOP('',(#2930,#2931,#2932,#2933));
#578=EDGE_LOOP('',(#2934,#2935,#2936,#2937));
#579=EDGE_LOOP('',(#2938,#2939,#2940,#2941,#2942));
#580=EDGE_LOOP('',(#2943,#2944,#2945,#2946,#2947,#2948));
#581=EDGE_LOOP('',(#2949));
#582=EDGE_LOOP('',(#2950));
#583=EDGE_LOOP('',(#2951,#2952,#2953,#2954,#2955));
#584=EDGE_LOOP('',(#2956,#2957,#2958,#2959,#2960,#2961,#2962,#2963,#2964,
#2965,#2966,#2967,#2968,#2969,#2970,#2971,#2972,#2973,#2974,#2975,#2976,
#2977,#2978,#2979,#2980,#2981,#2982,#2983,#2984,#2985,#2986,#2987,#2988,
#2989,#2990,#2991,#2992,#2993,#2994,#2995));
#585=EDGE_LOOP('',(#2996));
#586=EDGE_LOOP('',(#2997,#2998,#2999,#3000,#3001,#3002));
#587=EDGE_LOOP('',(#3003,#3004,#3005,#3006,#3007));
#588=EDGE_LOOP('',(#3008,#3009,#3010,#3011,#3012));
#589=EDGE_LOOP('',(#3013,#3014,#3015,#3016,#3017));
#590=EDGE_LOOP('',(#3018,#3019,#3020,#3021,#3022,#3023,#3024,#3025,#3026,
#3027,#3028,#3029,#3030,#3031,#3032,#3033,#3034,#3035,#3036,#3037,#3038,
#3039,#3040,#3041,#3042,#3043,#3044,#3045,#3046,#3047,#3048,#3049,#3050,
#3051,#3052,#3053,#3054,#3055,#3056,#3057));
#591=EDGE_LOOP('',(#3058));
#592=EDGE_LOOP('',(#3059,#3060,#3061,#3062,#3063));
#593=EDGE_LOOP('',(#3064,#3065,#3066,#3067));
#594=EDGE_LOOP('',(#3068,#3069,#3070,#3071));
#595=EDGE_LOOP('',(#3072,#3073,#3074,#3075));
#596=EDGE_LOOP('',(#3076,#3077,#3078,#3079));
#597=EDGE_LOOP('',(#3080,#3081,#3082,#3083));
#598=EDGE_LOOP('',(#3084,#3085,#3086,#3087));
#599=EDGE_LOOP('',(#3088,#3089,#3090,#3091));
#600=EDGE_LOOP('',(#3092,#3093,#3094,#3095));
#601=EDGE_LOOP('',(#3096,#3097,#3098,#3099));
#602=EDGE_LOOP('',(#3100,#3101,#3102,#3103));
#603=EDGE_LOOP('',(#3104,#3105,#3106,#3107));
#604=EDGE_LOOP('',(#3108,#3109,#3110,#3111,#3112,#3113));
#605=EDGE_LOOP('',(#3114,#3115,#3116,#3117));
#606=EDGE_LOOP('',(#3118,#3119,#3120,#3121));
#607=EDGE_LOOP('',(#3122,#3123,#3124,#3125));
#608=EDGE_LOOP('',(#3126,#3127,#3128,#3129));
#609=EDGE_LOOP('',(#3130,#3131,#3132,#3133,#3134,#3135));
#610=EDGE_LOOP('',(#3136,#3137,#3138,#3139));
#611=EDGE_LOOP('',(#3140,#3141,#3142,#3143));
#612=EDGE_LOOP('',(#3144,#3145,#3146,#3147));
#613=EDGE_LOOP('',(#3148,#3149,#3150,#3151));
#614=EDGE_LOOP('',(#3152,#3153,#3154,#3155,#3156,#3157,#3158,#3159,#3160,
#3161));
#615=EDGE_LOOP('',(#3162,#3163,#3164,#3165));
#616=EDGE_LOOP('',(#3166,#3167,#3168,#3169));
#617=EDGE_LOOP('',(#3170,#3171,#3172,#3173));
#618=EDGE_LOOP('',(#3174,#3175,#3176,#3177));
#619=EDGE_LOOP('',(#3178,#3179,#3180,#3181,#3182,#3183,#3184,#3185,#3186,
#3187));
#620=EDGE_LOOP('',(#3188,#3189,#3190,#3191));
#621=EDGE_LOOP('',(#3192,#3193,#3194,#3195));
#622=EDGE_LOOP('',(#3196,#3197,#3198,#3199));
#623=EDGE_LOOP('',(#3200,#3201,#3202,#3203));
#624=EDGE_LOOP('',(#3204,#3205,#3206,#3207));
#625=EDGE_LOOP('',(#3208,#3209,#3210,#3211));
#626=EDGE_LOOP('',(#3212,#3213,#3214,#3215));
#627=EDGE_LOOP('',(#3216,#3217,#3218,#3219));
#628=EDGE_LOOP('',(#3220,#3221,#3222,#3223));
#629=EDGE_LOOP('',(#3224,#3225,#3226,#3227));
#630=EDGE_LOOP('',(#3228,#3229,#3230,#3231,#3232,#3233));
#631=EDGE_LOOP('',(#3234,#3235,#3236,#3237));
#632=EDGE_LOOP('',(#3238,#3239,#3240,#3241));
#633=EDGE_LOOP('',(#3242,#3243,#3244,#3245));
#634=EDGE_LOOP('',(#3246,#3247,#3248,#3249));
#635=EDGE_LOOP('',(#3250,#3251,#3252,#3253));
#636=EDGE_LOOP('',(#3254,#3255,#3256,#3257,#3258,#3259));
#637=EDGE_LOOP('',(#3260,#3261,#3262,#3263));
#638=EDGE_LOOP('',(#3264,#3265,#3266,#3267,#3268,#3269));
#639=EDGE_LOOP('',(#3270,#3271,#3272,#3273));
#640=EDGE_LOOP('',(#3274,#3275,#3276,#3277,#3278,#3279));
#641=EDGE_LOOP('',(#3280,#3281,#3282,#3283));
#642=EDGE_LOOP('',(#3284,#3285,#3286,#3287));
#643=EDGE_LOOP('',(#3288,#3289,#3290,#3291));
#644=EDGE_LOOP('',(#3292,#3293,#3294,#3295));
#645=EDGE_LOOP('',(#3296,#3297,#3298,#3299));
#646=EDGE_LOOP('',(#3300,#3301,#3302,#3303,#3304,#3305));
#647=EDGE_LOOP('',(#3306,#3307,#3308,#3309));
#648=EDGE_LOOP('',(#3310,#3311,#3312,#3313));
#649=EDGE_LOOP('',(#3314,#3315,#3316,#3317));
#650=EDGE_LOOP('',(#3318,#3319,#3320,#3321));
#651=EDGE_LOOP('',(#3322,#3323,#3324,#3325));
#652=EDGE_LOOP('',(#3326,#3327,#3328,#3329,#3330,#3331));
#653=EDGE_LOOP('',(#3332,#3333,#3334,#3335));
#654=EDGE_LOOP('',(#3336,#3337,#3338,#3339));
#655=EDGE_LOOP('',(#3340,#3341,#3342,#3343));
#656=EDGE_LOOP('',(#3344,#3345,#3346,#3347));
#657=EDGE_LOOP('',(#3348,#3349,#3350,#3351));
#658=EDGE_LOOP('',(#3352,#3353,#3354,#3355));
#659=EDGE_LOOP('',(#3356,#3357,#3358,#3359));
#660=EDGE_LOOP('',(#3360,#3361,#3362,#3363));
#661=EDGE_LOOP('',(#3364,#3365,#3366,#3367));
#662=EDGE_LOOP('',(#3368,#3369,#3370,#3371));
#663=EDGE_LOOP('',(#3372,#3373,#3374,#3375));
#664=EDGE_LOOP('',(#3376,#3377,#3378,#3379));
#665=EDGE_LOOP('',(#3380,#3381,#3382,#3383));
#666=EDGE_LOOP('',(#3384,#3385,#3386,#3387));
#667=EDGE_LOOP('',(#3388,#3389,#3390,#3391));
#668=EDGE_LOOP('',(#3392,#3393,#3394,#3395));
#669=EDGE_LOOP('',(#3396,#3397,#3398,#3399));
#670=EDGE_LOOP('',(#3400,#3401,#3402,#3403));
#671=EDGE_LOOP('',(#3404,#3405,#3406,#3407));
#672=EDGE_LOOP('',(#3408,#3409,#3410,#3411));
#673=EDGE_LOOP('',(#3412,#3413,#3414,#3415,#3416,#3417,#3418,#3419,#3420,
#3421));
#674=EDGE_LOOP('',(#3422,#3423,#3424,#3425));
#675=EDGE_LOOP('',(#3426,#3427,#3428,#3429));
#676=EDGE_LOOP('',(#3430,#3431,#3432,#3433));
#677=EDGE_LOOP('',(#3434,#3435,#3436,#3437));
#678=EDGE_LOOP('',(#3438,#3439,#3440,#3441));
#679=EDGE_LOOP('',(#3442,#3443,#3444,#3445));
#680=EDGE_LOOP('',(#3446,#3447,#3448,#3449));
#681=EDGE_LOOP('',(#3450,#3451,#3452,#3453));
#682=EDGE_LOOP('',(#3454,#3455,#3456,#3457,#3458,#3459,#3460,#3461,#3462,
#3463));
#683=EDGE_LOOP('',(#3464,#3465,#3466,#3467));
#684=EDGE_LOOP('',(#3468,#3469,#3470,#3471));
#685=EDGE_LOOP('',(#3472,#3473,#3474,#3475));
#686=EDGE_LOOP('',(#3476,#3477,#3478,#3479));
#687=EDGE_LOOP('',(#3480,#3481,#3482,#3483));
#688=EDGE_LOOP('',(#3484,#3485,#3486,#3487));
#689=EDGE_LOOP('',(#3488,#3489,#3490,#3491));
#690=EDGE_LOOP('',(#3492,#3493,#3494,#3495));
#691=EDGE_LOOP('',(#3496,#3497,#3498,#3499));
#692=EDGE_LOOP('',(#3500,#3501,#3502,#3503));
#693=EDGE_LOOP('',(#3504,#3505,#3506,#3507));
#694=EDGE_LOOP('',(#3508,#3509,#3510,#3511));
#695=EDGE_LOOP('',(#3512,#3513,#3514,#3515));
#696=EDGE_LOOP('',(#3516,#3517,#3518,#3519));
#697=EDGE_LOOP('',(#3520,#3521,#3522,#3523));
#698=EDGE_LOOP('',(#3524,#3525,#3526,#3527));
#699=EDGE_LOOP('',(#3528,#3529,#3530,#3531));
#700=EDGE_LOOP('',(#3532,#3533,#3534,#3535));
#701=EDGE_LOOP('',(#3536,#3537,#3538,#3539));
#702=EDGE_LOOP('',(#3540,#3541,#3542,#3543));
#703=EDGE_LOOP('',(#3544,#3545,#3546,#3547));
#704=EDGE_LOOP('',(#3548));
#705=EDGE_LOOP('',(#3549));
#706=EDGE_LOOP('',(#3550,#3551,#3552,#3553));
#707=EDGE_LOOP('',(#3554));
#708=EDGE_LOOP('',(#3555,#3556,#3557,#3558));
#709=EDGE_LOOP('',(#3559));
#710=EDGE_LOOP('',(#3560,#3561,#3562,#3563));
#711=EDGE_LOOP('',(#3564,#3565,#3566,#3567));
#712=EDGE_LOOP('',(#3568,#3569,#3570,#3571));
#713=EDGE_LOOP('',(#3572,#3573,#3574,#3575));
#714=EDGE_LOOP('',(#3576,#3577,#3578,#3579));
#715=EDGE_LOOP('',(#3580,#3581,#3582,#3583));
#716=EDGE_LOOP('',(#3584,#3585,#3586,#3587));
#717=EDGE_LOOP('',(#3588,#3589,#3590,#3591));
#718=EDGE_LOOP('',(#3592,#3593,#3594,#3595));
#719=EDGE_LOOP('',(#3596,#3597,#3598,#3599));
#720=EDGE_LOOP('',(#3600,#3601,#3602,#3603));
#721=EDGE_LOOP('',(#3604,#3605,#3606,#3607));
#722=LINE('',#5485,#1136);
#723=LINE('',#5493,#1137);
#724=LINE('',#5496,#1138);
#725=LINE('',#5499,#1139);
#726=LINE('',#5501,#1140);
#727=LINE('',#5502,#1141);
#728=LINE('',#5508,#1142);
#729=LINE('',#5511,#1143);
#730=LINE('',#5514,#1144);
#731=LINE('',#5516,#1145);
#732=LINE('',#5517,#1146);
#733=LINE('',#5521,#1147);
#734=LINE('',#5525,#1148);
#735=LINE('',#5530,#1149);
#736=LINE('',#5534,#1150);
#737=LINE('',#5539,#1151);
#738=LINE('',#5543,#1152);
#739=LINE('',#5547,#1153);
#740=LINE('',#5549,#1154);
#741=LINE('',#5552,#1155);
#742=LINE('',#5553,#1156);
#743=LINE('',#5556,#1157);
#744=LINE('',#5558,#1158);
#745=LINE('',#5561,#1159);
#746=LINE('',#5562,#1160);
#747=LINE('',#5564,#1161);
#748=LINE('',#5565,#1162);
#749=LINE('',#5568,#1163);
#750=LINE('',#5570,#1164);
#751=LINE('',#5571,#1165);
#752=LINE('',#5574,#1166);
#753=LINE('',#5576,#1167);
#754=LINE('',#5578,#1168);
#755=LINE('',#5580,#1169);
#756=LINE('',#5582,#1170);
#757=LINE('',#5584,#1171);
#758=LINE('',#5587,#1172);
#759=LINE('',#5591,#1173);
#760=LINE('',#5593,#1174);
#761=LINE('',#5595,#1175);
#762=LINE('',#5597,#1176);
#763=LINE('',#5599,#1177);
#764=LINE('',#5600,#1178);
#765=LINE('',#5603,#1179);
#766=LINE('',#5604,#1180);
#767=LINE('',#5607,#1181);
#768=LINE('',#5608,#1182);
#769=LINE('',#5613,#1183);
#770=LINE('',#5620,#1184);
#771=LINE('',#5621,#1185);
#772=LINE('',#5623,#1186);
#773=LINE('',#5626,#1187);
#774=LINE('',#5628,#1188);
#775=LINE('',#5630,#1189);
#776=LINE('',#5632,#1190);
#777=LINE('',#5634,#1191);
#778=LINE('',#5635,#1192);
#779=LINE('',#5636,#1193);
#780=LINE('',#5638,#1194);
#781=LINE('',#5642,#1195);
#782=LINE('',#5644,#1196);
#783=LINE('',#5646,#1197);
#784=LINE('',#5648,#1198);
#785=LINE('',#5650,#1199);
#786=LINE('',#5651,#1200);
#787=LINE('',#5658,#1201);
#788=LINE('',#5663,#1202);
#789=LINE('',#5667,#1203);
#790=LINE('',#5669,#1204);
#791=LINE('',#5673,#1205);
#792=LINE('',#5675,#1206);
#793=LINE('',#5678,#1207);
#794=LINE('',#5679,#1208);
#795=LINE('',#5682,#1209);
#796=LINE('',#5684,#1210);
#797=LINE('',#5685,#1211);
#798=LINE('',#5687,#1212);
#799=LINE('',#5689,#1213);
#800=LINE('',#5690,#1214);
#801=LINE('',#5692,#1215);
#802=LINE('',#5694,#1216);
#803=LINE('',#5695,#1217);
#804=LINE('',#5697,#1218);
#805=LINE('',#5699,#1219);
#806=LINE('',#5701,#1220);
#807=LINE('',#5703,#1221);
#808=LINE('',#5705,#1222);
#809=LINE('',#5707,#1223);
#810=LINE('',#5709,#1224);
#811=LINE('',#5711,#1225);
#812=LINE('',#5713,#1226);
#813=LINE('',#5715,#1227);
#814=LINE('',#5716,#1228);
#815=LINE('',#5719,#1229);
#816=LINE('',#5721,#1230);
#817=LINE('',#5723,#1231);
#818=LINE('',#5724,#1232);
#819=LINE('',#5727,#1233);
#820=LINE('',#5728,#1234);
#821=LINE('',#5731,#1235);
#822=LINE('',#5734,#1236);
#823=LINE('',#5746,#1237);
#824=LINE('',#5750,#1238);
#825=LINE('',#5752,#1239);
#826=LINE('',#5755,#1240);
#827=LINE('',#5756,#1241);
#828=LINE('',#5758,#1242);
#829=LINE('',#5760,#1243);
#830=LINE('',#5779,#1244);
#831=LINE('',#5780,#1245);
#832=LINE('',#5794,#1246);
#833=LINE('',#5796,#1247);
#834=LINE('',#5797,#1248);
#835=LINE('',#5816,#1249);
#836=LINE('',#5817,#1250);
#837=LINE('',#5831,#1251);
#838=LINE('',#5833,#1252);
#839=LINE('',#5834,#1253);
#840=LINE('',#5836,#1254);
#841=LINE('',#5837,#1255);
#842=LINE('',#5840,#1256);
#843=LINE('',#5842,#1257);
#844=LINE('',#5844,#1258);
#845=LINE('',#5846,#1259);
#846=LINE('',#5847,#1260);
#847=LINE('',#5849,#1261);
#848=LINE('',#5850,#1262);
#849=LINE('',#5853,#1263);
#850=LINE('',#5855,#1264);
#851=LINE('',#5857,#1265);
#852=LINE('',#5859,#1266);
#853=LINE('',#5860,#1267);
#854=LINE('',#5868,#1268);
#855=LINE('',#5870,#1269);
#856=LINE('',#5872,#1270);
#857=LINE('',#5875,#1271);
#858=LINE('',#5879,#1272);
#859=LINE('',#5883,#1273);
#860=LINE('',#5885,#1274);
#861=LINE('',#5889,#1275);
#862=LINE('',#5890,#1276);
#863=LINE('',#5892,#1277);
#864=LINE('',#5896,#1278);
#865=LINE('',#5897,#1279);
#866=LINE('',#5900,#1280);
#867=LINE('',#5901,#1281);
#868=LINE('',#5903,#1282);
#869=LINE('',#5907,#1283);
#870=LINE('',#5908,#1284);
#871=LINE('',#5910,#1285);
#872=LINE('',#5914,#1286);
#873=LINE('',#5915,#1287);
#874=LINE('',#5918,#1288);
#875=LINE('',#5919,#1289);
#876=LINE('',#5921,#1290);
#877=LINE('',#5936,#1291);
#878=LINE('',#5952,#1292);
#879=LINE('',#5954,#1293);
#880=LINE('',#5956,#1294);
#881=LINE('',#5958,#1295);
#882=LINE('',#5960,#1296);
#883=LINE('',#5962,#1297);
#884=LINE('',#5964,#1298);
#885=LINE('',#5966,#1299);
#886=LINE('',#5968,#1300);
#887=LINE('',#5970,#1301);
#888=LINE('',#5972,#1302);
#889=LINE('',#5974,#1303);
#890=LINE('',#5976,#1304);
#891=LINE('',#5978,#1305);
#892=LINE('',#5980,#1306);
#893=LINE('',#5982,#1307);
#894=LINE('',#5984,#1308);
#895=LINE('',#5986,#1309);
#896=LINE('',#5988,#1310);
#897=LINE('',#5990,#1311);
#898=LINE('',#5992,#1312);
#899=LINE('',#5994,#1313);
#900=LINE('',#5996,#1314);
#901=LINE('',#5998,#1315);
#902=LINE('',#6000,#1316);
#903=LINE('',#6002,#1317);
#904=LINE('',#6004,#1318);
#905=LINE('',#6006,#1319);
#906=LINE('',#6008,#1320);
#907=LINE('',#6010,#1321);
#908=LINE('',#6012,#1322);
#909=LINE('',#6014,#1323);
#910=LINE('',#6016,#1324);
#911=LINE('',#6018,#1325);
#912=LINE('',#6020,#1326);
#913=LINE('',#6022,#1327);
#914=LINE('',#6024,#1328);
#915=LINE('',#6026,#1329);
#916=LINE('',#6028,#1330);
#917=LINE('',#6029,#1331);
#918=LINE('',#6043,#1332);
#919=LINE('',#6046,#1333);
#920=LINE('',#6055,#1334);
#921=LINE('',#6057,#1335);
#922=LINE('',#6059,#1336);
#923=LINE('',#6061,#1337);
#924=LINE('',#6063,#1338);
#925=LINE('',#6065,#1339);
#926=LINE('',#6067,#1340);
#927=LINE('',#6069,#1341);
#928=LINE('',#6071,#1342);
#929=LINE('',#6073,#1343);
#930=LINE('',#6075,#1344);
#931=LINE('',#6077,#1345);
#932=LINE('',#6079,#1346);
#933=LINE('',#6081,#1347);
#934=LINE('',#6083,#1348);
#935=LINE('',#6085,#1349);
#936=LINE('',#6087,#1350);
#937=LINE('',#6089,#1351);
#938=LINE('',#6091,#1352);
#939=LINE('',#6093,#1353);
#940=LINE('',#6095,#1354);
#941=LINE('',#6097,#1355);
#942=LINE('',#6099,#1356);
#943=LINE('',#6101,#1357);
#944=LINE('',#6103,#1358);
#945=LINE('',#6105,#1359);
#946=LINE('',#6107,#1360);
#947=LINE('',#6109,#1361);
#948=LINE('',#6111,#1362);
#949=LINE('',#6113,#1363);
#950=LINE('',#6115,#1364);
#951=LINE('',#6117,#1365);
#952=LINE('',#6119,#1366);
#953=LINE('',#6121,#1367);
#954=LINE('',#6123,#1368);
#955=LINE('',#6125,#1369);
#956=LINE('',#6127,#1370);
#957=LINE('',#6129,#1371);
#958=LINE('',#6131,#1372);
#959=LINE('',#6132,#1373);
#960=LINE('',#6134,#1374);
#961=LINE('',#6136,#1375);
#962=LINE('',#6138,#1376);
#963=LINE('',#6139,#1377);
#964=LINE('',#6141,#1378);
#965=LINE('',#6143,#1379);
#966=LINE('',#6144,#1380);
#967=LINE('',#6146,#1381);
#968=LINE('',#6148,#1382);
#969=LINE('',#6149,#1383);
#970=LINE('',#6151,#1384);
#971=LINE('',#6153,#1385);
#972=LINE('',#6154,#1386);
#973=LINE('',#6156,#1387);
#974=LINE('',#6162,#1388);
#975=LINE('',#6165,#1389);
#976=LINE('',#6168,#1390);
#977=LINE('',#6170,#1391);
#978=LINE('',#6171,#1392);
#979=LINE('',#6174,#1393);
#980=LINE('',#6176,#1394);
#981=LINE('',#6178,#1395);
#982=LINE('',#6183,#1396);
#983=LINE('',#6186,#1397);
#984=LINE('',#6187,#1398);
#985=LINE('',#6193,#1399);
#986=LINE('',#6196,#1400);
#987=LINE('',#6199,#1401);
#988=LINE('',#6201,#1402);
#989=LINE('',#6202,#1403);
#990=LINE('',#6205,#1404);
#991=LINE('',#6207,#1405);
#992=LINE('',#6209,#1406);
#993=LINE('',#6214,#1407);
#994=LINE('',#6217,#1408);
#995=LINE('',#6218,#1409);
#996=LINE('',#6224,#1410);
#997=LINE('',#6227,#1411);
#998=LINE('',#6230,#1412);
#999=LINE('',#6232,#1413);
#1000=LINE('',#6233,#1414);
#1001=LINE('',#6236,#1415);
#1002=LINE('',#6238,#1416);
#1003=LINE('',#6240,#1417);
#1004=LINE('',#6244,#1418);
#1005=LINE('',#6248,#1419);
#1006=LINE('',#6252,#1420);
#1007=LINE('',#6255,#1421);
#1008=LINE('',#6258,#1422);
#1009=LINE('',#6259,#1423);
#1010=LINE('',#6265,#1424);
#1011=LINE('',#6268,#1425);
#1012=LINE('',#6271,#1426);
#1013=LINE('',#6273,#1427);
#1014=LINE('',#6274,#1428);
#1015=LINE('',#6277,#1429);
#1016=LINE('',#6279,#1430);
#1017=LINE('',#6281,#1431);
#1018=LINE('',#6285,#1432);
#1019=LINE('',#6289,#1433);
#1020=LINE('',#6293,#1434);
#1021=LINE('',#6296,#1435);
#1022=LINE('',#6299,#1436);
#1023=LINE('',#6300,#1437);
#1024=LINE('',#6304,#1438);
#1025=LINE('',#6308,#1439);
#1026=LINE('',#6311,#1440);
#1027=LINE('',#6316,#1441);
#1028=LINE('',#6319,#1442);
#1029=LINE('',#6329,#1443);
#1030=LINE('',#6338,#1444);
#1031=LINE('',#6339,#1445);
#1032=LINE('',#6361,#1446);
#1033=LINE('',#6397,#1447);
#1034=LINE('',#6400,#1448);
#1035=LINE('',#6403,#1449);
#1036=LINE('',#6413,#1450);
#1037=LINE('',#6422,#1451);
#1038=LINE('',#6423,#1452);
#1039=LINE('',#6445,#1453);
#1040=LINE('',#6481,#1454);
#1041=LINE('',#6484,#1455);
#1042=LINE('',#6487,#1456);
#1043=LINE('',#6489,#1457);
#1044=LINE('',#6491,#1458);
#1045=LINE('',#6493,#1459);
#1046=LINE('',#6494,#1460);
#1047=LINE('',#6497,#1461);
#1048=LINE('',#6499,#1462);
#1049=LINE('',#6500,#1463);
#1050=LINE('',#6503,#1464);
#1051=LINE('',#6505,#1465);
#1052=LINE('',#6507,#1466);
#1053=LINE('',#6508,#1467);
#1054=LINE('',#6511,#1468);
#1055=LINE('',#6512,#1469);
#1056=LINE('',#6515,#1470);
#1057=LINE('',#6516,#1471);
#1058=LINE('',#6519,#1472);
#1059=LINE('',#6520,#1473);
#1060=LINE('',#6523,#1474);
#1061=LINE('',#6524,#1475);
#1062=LINE('',#6527,#1476);
#1063=LINE('',#6528,#1477);
#1064=LINE('',#6531,#1478);
#1065=LINE('',#6532,#1479);
#1066=LINE('',#6534,#1480);
#1067=LINE('',#6537,#1481);
#1068=LINE('',#6541,#1482);
#1069=LINE('',#6542,#1483);
#1070=LINE('',#6545,#1484);
#1071=LINE('',#6547,#1485);
#1072=LINE('',#6556,#1486);
#1073=LINE('',#6558,#1487);
#1074=LINE('',#6562,#1488);
#1075=LINE('',#6564,#1489);
#1076=LINE('',#6567,#1490);
#1077=LINE('',#6569,#1491);
#1078=LINE('',#6572,#1492);
#1079=LINE('',#6574,#1493);
#1080=LINE('',#6577,#1494);
#1081=LINE('',#6578,#1495);
#1082=LINE('',#6580,#1496);
#1083=LINE('',#6585,#1497);
#1084=LINE('',#6586,#1498);
#1085=LINE('',#6589,#1499);
#1086=LINE('',#6590,#1500);
#1087=LINE('',#6592,#1501);
#1088=LINE('',#6594,#1502);
#1089=LINE('',#6595,#1503);
#1090=LINE('',#6601,#1504);
#1091=LINE('',#6604,#1505);
#1092=LINE('',#6606,#1506);
#1093=LINE('',#6614,#1507);
#1094=LINE('',#6615,#1508);
#1095=LINE('',#6617,#1509);
#1096=LINE('',#6618,#1510);
#1097=LINE('',#6621,#1511);
#1098=LINE('',#6623,#1512);
#1099=LINE('',#6628,#1513);
#1100=LINE('',#6630,#1514);
#1101=LINE('',#6633,#1515);
#1102=LINE('',#6634,#1516);
#1103=LINE('',#6636,#1517);
#1104=LINE('',#6640,#1518);
#1105=LINE('',#6642,#1519);
#1106=LINE('',#6643,#1520);
#1107=LINE('',#6646,#1521);
#1108=LINE('',#6647,#1522);
#1109=LINE('',#6649,#1523);
#1110=LINE('',#6663,#1524);
#1111=LINE('',#6674,#1525);
#1112=LINE('',#6681,#1526);
#1113=LINE('',#6683,#1527);
#1114=LINE('',#6685,#1528);
#1115=LINE('',#6686,#1529);
#1116=LINE('',#6689,#1530);
#1117=LINE('',#6691,#1531);
#1118=LINE('',#6692,#1532);
#1119=LINE('',#6695,#1533);
#1120=LINE('',#6697,#1534);
#1121=LINE('',#6698,#1535);
#1122=LINE('',#6700,#1536);
#1123=LINE('',#6701,#1537);
#1124=LINE('',#6708,#1538);
#1125=LINE('',#6710,#1539);
#1126=LINE('',#6712,#1540);
#1127=LINE('',#6713,#1541);
#1128=LINE('',#6716,#1542);
#1129=LINE('',#6718,#1543);
#1130=LINE('',#6719,#1544);
#1131=LINE('',#6722,#1545);
#1132=LINE('',#6724,#1546);
#1133=LINE('',#6725,#1547);
#1134=LINE('',#6727,#1548);
#1135=LINE('',#6728,#1549);
#1136=VECTOR('',#4375,1.25);
#1137=VECTOR('',#4384,10.);
#1138=VECTOR('',#4387,10.);
#1139=VECTOR('',#4390,10.);
#1140=VECTOR('',#4391,10.);
#1141=VECTOR('',#4392,10.);
#1142=VECTOR('',#4397,10.);
#1143=VECTOR('',#4400,10.);
#1144=VECTOR('',#4403,10.);
#1145=VECTOR('',#4404,10.);
#1146=VECTOR('',#4405,10.);
#1147=VECTOR('',#4408,10.);
#1148=VECTOR('',#4411,10.);
#1149=VECTOR('',#4416,10.);
#1150=VECTOR('',#4419,10.);
#1151=VECTOR('',#4424,10.);
#1152=VECTOR('',#4427,10.);
#1153=VECTOR('',#4432,10.);
#1154=VECTOR('',#4433,10.);
#1155=VECTOR('',#4438,10.);
#1156=VECTOR('',#4439,10.);
#1157=VECTOR('',#4442,10.);
#1158=VECTOR('',#4443,10.);
#1159=VECTOR('',#4448,10.);
#1160=VECTOR('',#4449,10.);
#1161=VECTOR('',#4452,10.);
#1162=VECTOR('',#4453,10.);
#1163=VECTOR('',#4456,10.);
#1164=VECTOR('',#4457,10.);
#1165=VECTOR('',#4458,10.);
#1166=VECTOR('',#4461,10.);
#1167=VECTOR('',#4462,10.);
#1168=VECTOR('',#4463,10.);
#1169=VECTOR('',#4464,10.);
#1170=VECTOR('',#4465,10.);
#1171=VECTOR('',#4466,10.);
#1172=VECTOR('',#4469,10.);
#1173=VECTOR('',#4472,10.);
#1174=VECTOR('',#4473,10.);
#1175=VECTOR('',#4474,10.);
#1176=VECTOR('',#4475,10.);
#1177=VECTOR('',#4476,10.);
#1178=VECTOR('',#4477,10.);
#1179=VECTOR('',#4480,10.);
#1180=VECTOR('',#4481,10.);
#1181=VECTOR('',#4484,10.);
#1182=VECTOR('',#4485,10.);
#1183=VECTOR('',#4490,10.);
#1184=VECTOR('',#4499,10.);
#1185=VECTOR('',#4500,10.);
#1186=VECTOR('',#4503,10.);
#1187=VECTOR('',#4506,10.);
#1188=VECTOR('',#4507,10.);
#1189=VECTOR('',#4508,10.);
#1190=VECTOR('',#4509,10.);
#1191=VECTOR('',#4510,10.);
#1192=VECTOR('',#4511,10.);
#1193=VECTOR('',#4512,10.);
#1194=VECTOR('',#4513,10.);
#1195=VECTOR('',#4516,10.);
#1196=VECTOR('',#4517,10.);
#1197=VECTOR('',#4518,10.);
#1198=VECTOR('',#4519,10.);
#1199=VECTOR('',#4520,10.);
#1200=VECTOR('',#4521,10.);
#1201=VECTOR('',#4530,10.);
#1202=VECTOR('',#4535,10.);
#1203=VECTOR('',#4540,10.);
#1204=VECTOR('',#4541,10.);
#1205=VECTOR('',#4546,10.);
#1206=VECTOR('',#4547,10.);
#1207=VECTOR('',#4552,10.);
#1208=VECTOR('',#4553,10.);
#1209=VECTOR('',#4556,10.);
#1210=VECTOR('',#4557,10.);
#1211=VECTOR('',#4558,10.);
#1212=VECTOR('',#4559,10.);
#1213=VECTOR('',#4560,10.);
#1214=VECTOR('',#4561,10.);
#1215=VECTOR('',#4562,10.);
#1216=VECTOR('',#4563,10.);
#1217=VECTOR('',#4564,10.);
#1218=VECTOR('',#4565,10.);
#1219=VECTOR('',#4566,10.);
#1220=VECTOR('',#4567,10.);
#1221=VECTOR('',#4568,10.);
#1222=VECTOR('',#4569,10.);
#1223=VECTOR('',#4570,10.);
#1224=VECTOR('',#4571,10.);
#1225=VECTOR('',#4572,10.);
#1226=VECTOR('',#4573,10.);
#1227=VECTOR('',#4574,10.);
#1228=VECTOR('',#4575,10.);
#1229=VECTOR('',#4576,10.);
#1230=VECTOR('',#4577,10.);
#1231=VECTOR('',#4578,10.);
#1232=VECTOR('',#4579,10.);
#1233=VECTOR('',#4582,10.);
#1234=VECTOR('',#4583,10.);
#1235=VECTOR('',#4586,10.);
#1236=VECTOR('',#4591,10.);
#1237=VECTOR('',#4610,10.);
#1238=VECTOR('',#4617,10.);
#1239=VECTOR('',#4620,10.);
#1240=VECTOR('',#4623,10.);
#1241=VECTOR('',#4624,10.);
#1242=VECTOR('',#4627,10.);
#1243=VECTOR('',#4630,10.);
#1244=VECTOR('',#4643,10.);
#1245=VECTOR('',#4644,10.);
#1246=VECTOR('',#4653,10.);
#1247=VECTOR('',#4654,10.);
#1248=VECTOR('',#4655,10.);
#1249=VECTOR('',#4668,10.);
#1250=VECTOR('',#4669,10.);
#1251=VECTOR('',#4678,10.);
#1252=VECTOR('',#4679,10.);
#1253=VECTOR('',#4680,10.);
#1254=VECTOR('',#4683,10.);
#1255=VECTOR('',#4684,10.);
#1256=VECTOR('',#4687,10.);
#1257=VECTOR('',#4688,10.);
#1258=VECTOR('',#4689,10.);
#1259=VECTOR('',#4690,10.);
#1260=VECTOR('',#4691,10.);
#1261=VECTOR('',#4694,10.);
#1262=VECTOR('',#4695,10.);
#1263=VECTOR('',#4698,10.);
#1264=VECTOR('',#4699,10.);
#1265=VECTOR('',#4700,10.);
#1266=VECTOR('',#4701,10.);
#1267=VECTOR('',#4702,10.);
#1268=VECTOR('',#4717,10.);
#1269=VECTOR('',#4720,10.);
#1270=VECTOR('',#4723,10.);
#1271=VECTOR('',#4728,10.);
#1272=VECTOR('',#4735,10.);
#1273=VECTOR('',#4742,10.);
#1274=VECTOR('',#4745,10.);
#1275=VECTOR('',#4750,10.);
#1276=VECTOR('',#4751,10.);
#1277=VECTOR('',#4754,10.);
#1278=VECTOR('',#4759,10.);
#1279=VECTOR('',#4760,10.);
#1280=VECTOR('',#4763,10.);
#1281=VECTOR('',#4764,10.);
#1282=VECTOR('',#4767,10.);
#1283=VECTOR('',#4772,10.);
#1284=VECTOR('',#4773,10.);
#1285=VECTOR('',#4776,10.);
#1286=VECTOR('',#4781,10.);
#1287=VECTOR('',#4782,10.);
#1288=VECTOR('',#4785,10.);
#1289=VECTOR('',#4786,10.);
#1290=VECTOR('',#4789,10.);
#1291=VECTOR('',#4808,1.3);
#1292=VECTOR('',#4827,10.);
#1293=VECTOR('',#4828,10.);
#1294=VECTOR('',#4829,10.);
#1295=VECTOR('',#4830,10.);
#1296=VECTOR('',#4831,10.);
#1297=VECTOR('',#4832,10.);
#1298=VECTOR('',#4833,10.);
#1299=VECTOR('',#4834,10.);
#1300=VECTOR('',#4835,10.);
#1301=VECTOR('',#4836,10.);
#1302=VECTOR('',#4837,10.);
#1303=VECTOR('',#4838,10.);
#1304=VECTOR('',#4839,10.);
#1305=VECTOR('',#4840,10.);
#1306=VECTOR('',#4841,10.);
#1307=VECTOR('',#4842,10.);
#1308=VECTOR('',#4843,10.);
#1309=VECTOR('',#4844,10.);
#1310=VECTOR('',#4845,10.);
#1311=VECTOR('',#4846,10.);
#1312=VECTOR('',#4847,10.);
#1313=VECTOR('',#4848,10.);
#1314=VECTOR('',#4849,10.);
#1315=VECTOR('',#4850,10.);
#1316=VECTOR('',#4851,10.);
#1317=VECTOR('',#4852,10.);
#1318=VECTOR('',#4853,10.);
#1319=VECTOR('',#4854,10.);
#1320=VECTOR('',#4855,10.);
#1321=VECTOR('',#4856,10.);
#1322=VECTOR('',#4857,10.);
#1323=VECTOR('',#4858,10.);
#1324=VECTOR('',#4859,10.);
#1325=VECTOR('',#4860,10.);
#1326=VECTOR('',#4861,10.);
#1327=VECTOR('',#4862,10.);
#1328=VECTOR('',#4863,10.);
#1329=VECTOR('',#4864,10.);
#1330=VECTOR('',#4865,10.);
#1331=VECTOR('',#4866,10.);
#1332=VECTOR('',#4883,1.21112073643177);
#1333=VECTOR('',#4886,1.00867318910667);
#1334=VECTOR('',#4897,10.);
#1335=VECTOR('',#4898,10.);
#1336=VECTOR('',#4899,10.);
#1337=VECTOR('',#4900,10.);
#1338=VECTOR('',#4901,10.);
#1339=VECTOR('',#4902,10.);
#1340=VECTOR('',#4903,10.);
#1341=VECTOR('',#4904,10.);
#1342=VECTOR('',#4905,10.);
#1343=VECTOR('',#4906,10.);
#1344=VECTOR('',#4907,10.);
#1345=VECTOR('',#4908,10.);
#1346=VECTOR('',#4909,10.);
#1347=VECTOR('',#4910,10.);
#1348=VECTOR('',#4911,10.);
#1349=VECTOR('',#4912,10.);
#1350=VECTOR('',#4913,10.);
#1351=VECTOR('',#4914,10.);
#1352=VECTOR('',#4915,10.);
#1353=VECTOR('',#4916,10.);
#1354=VECTOR('',#4917,10.);
#1355=VECTOR('',#4918,10.);
#1356=VECTOR('',#4919,10.);
#1357=VECTOR('',#4920,10.);
#1358=VECTOR('',#4921,10.);
#1359=VECTOR('',#4922,10.);
#1360=VECTOR('',#4923,10.);
#1361=VECTOR('',#4924,10.);
#1362=VECTOR('',#4925,10.);
#1363=VECTOR('',#4926,10.);
#1364=VECTOR('',#4927,10.);
#1365=VECTOR('',#4928,10.);
#1366=VECTOR('',#4929,10.);
#1367=VECTOR('',#4930,10.);
#1368=VECTOR('',#4931,10.);
#1369=VECTOR('',#4932,10.);
#1370=VECTOR('',#4933,10.);
#1371=VECTOR('',#4934,10.);
#1372=VECTOR('',#4935,10.);
#1373=VECTOR('',#4936,10.);
#1374=VECTOR('',#4939,1.35125951831837);
#1375=VECTOR('',#4942,0.911311970993265);
#1376=VECTOR('',#4945,10.);
#1377=VECTOR('',#4946,10.);
#1378=VECTOR('',#4949,10.);
#1379=VECTOR('',#4952,10.);
#1380=VECTOR('',#4953,10.);
#1381=VECTOR('',#4956,10.);
#1382=VECTOR('',#4959,10.);
#1383=VECTOR('',#4960,10.);
#1384=VECTOR('',#4963,10.);
#1385=VECTOR('',#4966,10.);
#1386=VECTOR('',#4967,10.);
#1387=VECTOR('',#4970,10.);
#1388=VECTOR('',#4975,10.);
#1389=VECTOR('',#4978,10.);
#1390=VECTOR('',#4981,10.);
#1391=VECTOR('',#4982,10.);
#1392=VECTOR('',#4983,10.);
#1393=VECTOR('',#4986,10.);
#1394=VECTOR('',#4987,10.);
#1395=VECTOR('',#4988,10.);
#1396=VECTOR('',#4995,10.);
#1397=VECTOR('',#4998,10.);
#1398=VECTOR('',#4999,10.);
#1399=VECTOR('',#5004,10.);
#1400=VECTOR('',#5007,10.);
#1401=VECTOR('',#5010,10.);
#1402=VECTOR('',#5011,10.);
#1403=VECTOR('',#5012,10.);
#1404=VECTOR('',#5015,10.);
#1405=VECTOR('',#5016,10.);
#1406=VECTOR('',#5017,10.);
#1407=VECTOR('',#5024,10.);
#1408=VECTOR('',#5027,10.);
#1409=VECTOR('',#5028,10.);
#1410=VECTOR('',#5033,10.);
#1411=VECTOR('',#5036,10.);
#1412=VECTOR('',#5039,10.);
#1413=VECTOR('',#5040,10.);
#1414=VECTOR('',#5041,10.);
#1415=VECTOR('',#5044,10.);
#1416=VECTOR('',#5045,10.);
#1417=VECTOR('',#5046,0.1035);
#1418=VECTOR('',#5049,10.);
#1419=VECTOR('',#5052,10.);
#1420=VECTOR('',#5057,10.);
#1421=VECTOR('',#5060,10.);
#1422=VECTOR('',#5063,10.);
#1423=VECTOR('',#5064,10.);
#1424=VECTOR('',#5069,10.);
#1425=VECTOR('',#5072,10.);
#1426=VECTOR('',#5075,10.);
#1427=VECTOR('',#5076,10.);
#1428=VECTOR('',#5077,10.);
#1429=VECTOR('',#5080,10.);
#1430=VECTOR('',#5081,10.);
#1431=VECTOR('',#5082,0.1035);
#1432=VECTOR('',#5085,10.);
#1433=VECTOR('',#5088,10.);
#1434=VECTOR('',#5093,10.);
#1435=VECTOR('',#5096,10.);
#1436=VECTOR('',#5099,10.);
#1437=VECTOR('',#5100,10.);
#1438=VECTOR('',#5105,10.);
#1439=VECTOR('',#5110,10.);
#1440=VECTOR('',#5113,10.);
#1441=VECTOR('',#5120,10.);
#1442=VECTOR('',#5123,10.);
#1443=VECTOR('',#5124,10.);
#1444=VECTOR('',#5127,10.);
#1445=VECTOR('',#5128,10.);
#1446=VECTOR('',#5129,10.);
#1447=VECTOR('',#5130,10.);
#1448=VECTOR('',#5135,10.);
#1449=VECTOR('',#5138,10.);
#1450=VECTOR('',#5139,10.);
#1451=VECTOR('',#5142,10.);
#1452=VECTOR('',#5143,10.);
#1453=VECTOR('',#5144,10.);
#1454=VECTOR('',#5145,10.);
#1455=VECTOR('',#5150,10.);
#1456=VECTOR('',#5153,10.);
#1457=VECTOR('',#5154,0.1035);
#1458=VECTOR('',#5155,10.);
#1459=VECTOR('',#5156,0.1035);
#1460=VECTOR('',#5157,10.);
#1461=VECTOR('',#5160,10.);
#1462=VECTOR('',#5161,10.);
#1463=VECTOR('',#5162,10.);
#1464=VECTOR('',#5165,10.);
#1465=VECTOR('',#5166,10.);
#1466=VECTOR('',#5167,10.);
#1467=VECTOR('',#5168,0.1035);
#1468=VECTOR('',#5171,10.);
#1469=VECTOR('',#5172,10.);
#1470=VECTOR('',#5175,10.);
#1471=VECTOR('',#5176,10.);
#1472=VECTOR('',#5179,10.);
#1473=VECTOR('',#5180,10.);
#1474=VECTOR('',#5183,10.);
#1475=VECTOR('',#5184,10.);
#1476=VECTOR('',#5187,0.1035);
#1477=VECTOR('',#5188,10.);
#1478=VECTOR('',#5191,0.1035);
#1479=VECTOR('',#5192,10.);
#1480=VECTOR('',#5195,10.);
#1481=VECTOR('',#5198,10.);
#1482=VECTOR('',#5205,0.1035);
#1483=VECTOR('',#5206,10.);
#1484=VECTOR('',#5211,10.);
#1485=VECTOR('',#5214,10.);
#1486=VECTOR('',#5231,10.);
#1487=VECTOR('',#5234,10.);
#1488=VECTOR('',#5241,10.);
#1489=VECTOR('',#5244,10.);
#1490=VECTOR('',#5249,10.);
#1491=VECTOR('',#5252,10.);
#1492=VECTOR('',#5257,10.);
#1493=VECTOR('',#5260,10.);
#1494=VECTOR('',#5265,10.);
#1495=VECTOR('',#5266,10.);
#1496=VECTOR('',#5269,10.);
#1497=VECTOR('',#5276,0.1035);
#1498=VECTOR('',#5277,10.);
#1499=VECTOR('',#5280,0.1035);
#1500=VECTOR('',#5281,10.);
#1501=VECTOR('',#5284,10.);
#1502=VECTOR('',#5285,0.1035);
#1503=VECTOR('',#5286,10.);
#1504=VECTOR('',#5297,10.);
#1505=VECTOR('',#5302,10.);
#1506=VECTOR('',#5305,10.);
#1507=VECTOR('',#5318,10.);
#1508=VECTOR('',#5319,0.1035);
#1509=VECTOR('',#5322,10.);
#1510=VECTOR('',#5323,10.);
#1511=VECTOR('',#5328,10.);
#1512=VECTOR('',#5331,10.);
#1513=VECTOR('',#5340,10.);
#1514=VECTOR('',#5343,10.);
#1515=VECTOR('',#5348,10.);
#1516=VECTOR('',#5349,10.);
#1517=VECTOR('',#5352,10.);
#1518=VECTOR('',#5359,10.);
#1519=VECTOR('',#5362,10.);
#1520=VECTOR('',#5363,10.);
#1521=VECTOR('',#5368,10.);
#1522=VECTOR('',#5369,10.);
#1523=VECTOR('',#5372,10.);
#1524=VECTOR('',#5393,0.9);
#1525=VECTOR('',#5408,1.225);
#1526=VECTOR('',#5417,10.);
#1527=VECTOR('',#5418,10.);
#1528=VECTOR('',#5419,10.);
#1529=VECTOR('',#5420,10.);
#1530=VECTOR('',#5423,10.);
#1531=VECTOR('',#5424,10.);
#1532=VECTOR('',#5425,10.);
#1533=VECTOR('',#5428,10.);
#1534=VECTOR('',#5429,10.);
#1535=VECTOR('',#5430,10.);
#1536=VECTOR('',#5433,10.);
#1537=VECTOR('',#5434,10.);
#1538=VECTOR('',#5443,10.);
#1539=VECTOR('',#5444,10.);
#1540=VECTOR('',#5445,10.);
#1541=VECTOR('',#5446,10.);
#1542=VECTOR('',#5449,10.);
#1543=VECTOR('',#5450,10.);
#1544=VECTOR('',#5451,10.);
#1545=VECTOR('',#5454,10.);
#1546=VECTOR('',#5455,10.);
#1547=VECTOR('',#5456,10.);
#1548=VECTOR('',#5459,10.);
#1549=VECTOR('',#5460,10.);
#1550=CIRCLE('',#4021,1.25);
#1551=CIRCLE('',#4022,1.25);
#1552=CIRCLE('',#4025,0.02);
#1553=CIRCLE('',#4026,0.02);
#1554=CIRCLE('',#4029,0.02);
#1555=CIRCLE('',#4030,0.02);
#1556=CIRCLE('',#4065,0.02);
#1557=CIRCLE('',#4068,0.02);
#1558=CIRCLE('',#4083,0.02);
#1559=CIRCLE('',#4086,0.02);
#1560=CIRCLE('',#4097,0.02);
#1561=CIRCLE('',#4098,0.02);
#1562=CIRCLE('',#4099,0.04);
#1563=CIRCLE('',#4101,0.02);
#1564=CIRCLE('',#4103,0.02);
#1565=CIRCLE('',#4104,0.04);
#1566=CIRCLE('',#4107,0.02);
#1567=CIRCLE('',#4108,0.02);
#1568=CIRCLE('',#4109,0.04);
#1569=CIRCLE('',#4111,0.02);
#1570=CIRCLE('',#4113,0.02);
#1571=CIRCLE('',#4114,0.04);
#1572=CIRCLE('',#4155,1.26598461488295);
#1573=CIRCLE('',#4156,1.26598461488295);
#1574=CIRCLE('',#4157,0.25);
#1575=CIRCLE('',#4158,1.03753172772789);
#1576=CIRCLE('',#4160,1.37360615404682);
#1577=CIRCLE('',#4161,1.37360615404682);
#1578=CIRCLE('',#4163,0.925);
#1579=CIRCLE('',#4165,1.3195);
#1580=CIRCLE('',#4166,1.3195);
#1581=CIRCLE('',#4167,0.25);
#1582=CIRCLE('',#4168,1.43077475551224);
#1583=CIRCLE('',#4171,1.14110023017231);
#1584=CIRCLE('',#4172,0.1);
#1585=CIRCLE('',#4173,1.0679697806526);
#1586=CIRCLE('',#4174,1.0679697806526);
#1587=CIRCLE('',#4175,1.14110023017231);
#1588=CIRCLE('',#4177,1.30251903663673);
#1589=CIRCLE('',#4179,0.89762394198653);
#1590=CIRCLE('',#4181,0.1);
#1591=CIRCLE('',#4182,1.46498730890885);
#1592=CIRCLE('',#4195,0.05);
#1593=CIRCLE('',#4196,0.05);
#1594=CIRCLE('',#4199,0.05);
#1595=CIRCLE('',#4201,0.05);
#1596=CIRCLE('',#4204,0.05);
#1597=CIRCLE('',#4205,0.05);
#1598=CIRCLE('',#4208,0.05);
#1599=CIRCLE('',#4210,0.05);
#1600=CIRCLE('',#4213,0.05);
#1601=CIRCLE('',#4214,0.05);
#1602=CIRCLE('',#4217,0.05);
#1603=CIRCLE('',#4218,0.05);
#1604=CIRCLE('',#4219,0.05);
#1605=CIRCLE('',#4221,0.05);
#1606=CIRCLE('',#4224,0.05);
#1607=CIRCLE('',#4225,0.05);
#1608=CIRCLE('',#4228,0.05);
#1609=CIRCLE('',#4229,0.05);
#1610=CIRCLE('',#4230,0.05);
#1611=CIRCLE('',#4232,0.05);
#1612=CIRCLE('',#4235,0.05);
#1613=CIRCLE('',#4237,0.05);
#1614=CIRCLE('',#4239,0.05);
#1615=CIRCLE('',#4241,0.05);
#1616=CIRCLE('',#4261,0.1875);
#1617=CIRCLE('',#4262,0.1875);
#1618=CIRCLE('',#4265,0.0375);
#1619=CIRCLE('',#4267,0.0375);
#1620=CIRCLE('',#4271,0.1875);
#1621=CIRCLE('',#4272,0.1875);
#1622=CIRCLE('',#4274,0.0375);
#1623=CIRCLE('',#4276,0.0375);
#1624=CIRCLE('',#4296,0.1875);
#1625=CIRCLE('',#4297,0.1875);
#1626=CIRCLE('',#4300,0.0375);
#1627=CIRCLE('',#4302,0.0375);
#1628=CIRCLE('',#4305,0.1875);
#1629=CIRCLE('',#4306,0.1875);
#1630=CIRCLE('',#4310,0.0375);
#1631=CIRCLE('',#4312,0.0375);
#1632=CIRCLE('',#4332,0.9);
#1633=CIRCLE('',#4333,0.01);
#1634=CIRCLE('',#4334,0.91);
#1635=CIRCLE('',#4336,0.9);
#1636=CIRCLE('',#4338,1.225);
#1637=CIRCLE('',#4340,0.01);
#1638=CIRCLE('',#4341,0.89);
#1639=CIRCLE('',#4344,1.225);
#1640=VERTEX_POINT('',#5482);
#1641=VERTEX_POINT('',#5484);
#1642=VERTEX_POINT('',#5489);
#1643=VERTEX_POINT('',#5490);
#1644=VERTEX_POINT('',#5492);
#1645=VERTEX_POINT('',#5494);
#1646=VERTEX_POINT('',#5498);
#1647=VERTEX_POINT('',#5500);
#1648=VERTEX_POINT('',#5504);
#1649=VERTEX_POINT('',#5505);
#1650=VERTEX_POINT('',#5507);
#1651=VERTEX_POINT('',#5509);
#1652=VERTEX_POINT('',#5513);
#1653=VERTEX_POINT('',#5515);
#1654=VERTEX_POINT('',#5519);
#1655=VERTEX_POINT('',#5520);
#1656=VERTEX_POINT('',#5522);
#1657=VERTEX_POINT('',#5524);
#1658=VERTEX_POINT('',#5528);
#1659=VERTEX_POINT('',#5529);
#1660=VERTEX_POINT('',#5531);
#1661=VERTEX_POINT('',#5533);
#1662=VERTEX_POINT('',#5537);
#1663=VERTEX_POINT('',#5538);
#1664=VERTEX_POINT('',#5540);
#1665=VERTEX_POINT('',#5542);
#1666=VERTEX_POINT('',#5546);
#1667=VERTEX_POINT('',#5548);
#1668=VERTEX_POINT('',#5555);
#1669=VERTEX_POINT('',#5557);
#1670=VERTEX_POINT('',#5567);
#1671=VERTEX_POINT('',#5569);
#1672=VERTEX_POINT('',#5573);
#1673=VERTEX_POINT('',#5575);
#1674=VERTEX_POINT('',#5577);
#1675=VERTEX_POINT('',#5579);
#1676=VERTEX_POINT('',#5581);
#1677=VERTEX_POINT('',#5583);
#1678=VERTEX_POINT('',#5586);
#1679=VERTEX_POINT('',#5588);
#1680=VERTEX_POINT('',#5590);
#1681=VERTEX_POINT('',#5592);
#1682=VERTEX_POINT('',#5594);
#1683=VERTEX_POINT('',#5596);
#1684=VERTEX_POINT('',#5598);
#1685=VERTEX_POINT('',#5602);
#1686=VERTEX_POINT('',#5606);
#1687=VERTEX_POINT('',#5611);
#1688=VERTEX_POINT('',#5612);
#1689=VERTEX_POINT('',#5617);
#1690=VERTEX_POINT('',#5618);
#1691=VERTEX_POINT('',#5625);
#1692=VERTEX_POINT('',#5627);
#1693=VERTEX_POINT('',#5629);
#1694=VERTEX_POINT('',#5631);
#1695=VERTEX_POINT('',#5633);
#1696=VERTEX_POINT('',#5637);
#1697=VERTEX_POINT('',#5639);
#1698=VERTEX_POINT('',#5641);
#1699=VERTEX_POINT('',#5643);
#1700=VERTEX_POINT('',#5645);
#1701=VERTEX_POINT('',#5647);
#1702=VERTEX_POINT('',#5649);
#1703=VERTEX_POINT('',#5654);
#1704=VERTEX_POINT('',#5656);
#1705=VERTEX_POINT('',#5660);
#1706=VERTEX_POINT('',#5662);
#1707=VERTEX_POINT('',#5666);
#1708=VERTEX_POINT('',#5668);
#1709=VERTEX_POINT('',#5672);
#1710=VERTEX_POINT('',#5674);
#1711=VERTEX_POINT('',#5681);
#1712=VERTEX_POINT('',#5683);
#1713=VERTEX_POINT('',#5686);
#1714=VERTEX_POINT('',#5688);
#1715=VERTEX_POINT('',#5691);
#1716=VERTEX_POINT('',#5693);
#1717=VERTEX_POINT('',#5696);
#1718=VERTEX_POINT('',#5698);
#1719=VERTEX_POINT('',#5700);
#1720=VERTEX_POINT('',#5702);
#1721=VERTEX_POINT('',#5704);
#1722=VERTEX_POINT('',#5706);
#1723=VERTEX_POINT('',#5708);
#1724=VERTEX_POINT('',#5710);
#1725=VERTEX_POINT('',#5712);
#1726=VERTEX_POINT('',#5714);
#1727=VERTEX_POINT('',#5717);
#1728=VERTEX_POINT('',#5718);
#1729=VERTEX_POINT('',#5720);
#1730=VERTEX_POINT('',#5722);
#1731=VERTEX_POINT('',#5726);
#1732=VERTEX_POINT('',#5730);
#1733=VERTEX_POINT('',#5744);
#1734=VERTEX_POINT('',#5745);
#1735=VERTEX_POINT('',#5754);
#1736=VERTEX_POINT('',#5762);
#1737=VERTEX_POINT('',#5763);
#1738=VERTEX_POINT('',#5765);
#1739=VERTEX_POINT('',#5767);
#1740=VERTEX_POINT('',#5776);
#1741=VERTEX_POINT('',#5777);
#1742=VERTEX_POINT('',#5782);
#1743=VERTEX_POINT('',#5783);
#1744=VERTEX_POINT('',#5793);
#1745=VERTEX_POINT('',#5795);
#1746=VERTEX_POINT('',#5799);
#1747=VERTEX_POINT('',#5800);
#1748=VERTEX_POINT('',#5802);
#1749=VERTEX_POINT('',#5804);
#1750=VERTEX_POINT('',#5813);
#1751=VERTEX_POINT('',#5814);
#1752=VERTEX_POINT('',#5819);
#1753=VERTEX_POINT('',#5820);
#1754=VERTEX_POINT('',#5830);
#1755=VERTEX_POINT('',#5832);
#1756=VERTEX_POINT('',#5839);
#1757=VERTEX_POINT('',#5841);
#1758=VERTEX_POINT('',#5843);
#1759=VERTEX_POINT('',#5845);
#1760=VERTEX_POINT('',#5852);
#1761=VERTEX_POINT('',#5854);
#1762=VERTEX_POINT('',#5856);
#1763=VERTEX_POINT('',#5858);
#1764=VERTEX_POINT('',#5888);
#1765=VERTEX_POINT('',#5895);
#1766=VERTEX_POINT('',#5899);
#1767=VERTEX_POINT('',#5906);
#1768=VERTEX_POINT('',#5913);
#1769=VERTEX_POINT('',#5917);
#1770=VERTEX_POINT('',#5925);
#1771=VERTEX_POINT('',#5926);
#1772=VERTEX_POINT('',#5929);
#1773=VERTEX_POINT('',#5933);
#1774=VERTEX_POINT('',#5934);
#1775=VERTEX_POINT('',#5939);
#1776=VERTEX_POINT('',#5942);
#1777=VERTEX_POINT('',#5943);
#1778=VERTEX_POINT('',#5946);
#1779=VERTEX_POINT('',#5950);
#1780=VERTEX_POINT('',#5951);
#1781=VERTEX_POINT('',#5953);
#1782=VERTEX_POINT('',#5955);
#1783=VERTEX_POINT('',#5957);
#1784=VERTEX_POINT('',#5959);
#1785=VERTEX_POINT('',#5961);
#1786=VERTEX_POINT('',#5963);
#1787=VERTEX_POINT('',#5965);
#1788=VERTEX_POINT('',#5967);
#1789=VERTEX_POINT('',#5969);
#1790=VERTEX_POINT('',#5971);
#1791=VERTEX_POINT('',#5973);
#1792=VERTEX_POINT('',#5975);
#1793=VERTEX_POINT('',#5977);
#1794=VERTEX_POINT('',#5979);
#1795=VERTEX_POINT('',#5981);
#1796=VERTEX_POINT('',#5983);
#1797=VERTEX_POINT('',#5985);
#1798=VERTEX_POINT('',#5987);
#1799=VERTEX_POINT('',#5989);
#1800=VERTEX_POINT('',#5991);
#1801=VERTEX_POINT('',#5993);
#1802=VERTEX_POINT('',#5995);
#1803=VERTEX_POINT('',#5997);
#1804=VERTEX_POINT('',#5999);
#1805=VERTEX_POINT('',#6001);
#1806=VERTEX_POINT('',#6003);
#1807=VERTEX_POINT('',#6005);
#1808=VERTEX_POINT('',#6007);
#1809=VERTEX_POINT('',#6009);
#1810=VERTEX_POINT('',#6011);
#1811=VERTEX_POINT('',#6013);
#1812=VERTEX_POINT('',#6015);
#1813=VERTEX_POINT('',#6017);
#1814=VERTEX_POINT('',#6019);
#1815=VERTEX_POINT('',#6021);
#1816=VERTEX_POINT('',#6023);
#1817=VERTEX_POINT('',#6025);
#1818=VERTEX_POINT('',#6027);
#1819=VERTEX_POINT('',#6031);
#1820=VERTEX_POINT('',#6032);
#1821=VERTEX_POINT('',#6034);
#1822=VERTEX_POINT('',#6036);
#1823=VERTEX_POINT('',#6041);
#1824=VERTEX_POINT('',#6045);
#1825=VERTEX_POINT('',#6049);
#1826=VERTEX_POINT('',#6053);
#1827=VERTEX_POINT('',#6054);
#1828=VERTEX_POINT('',#6056);
#1829=VERTEX_POINT('',#6058);
#1830=VERTEX_POINT('',#6060);
#1831=VERTEX_POINT('',#6062);
#1832=VERTEX_POINT('',#6064);
#1833=VERTEX_POINT('',#6066);
#1834=VERTEX_POINT('',#6068);
#1835=VERTEX_POINT('',#6070);
#1836=VERTEX_POINT('',#6072);
#1837=VERTEX_POINT('',#6074);
#1838=VERTEX_POINT('',#6076);
#1839=VERTEX_POINT('',#6078);
#1840=VERTEX_POINT('',#6080);
#1841=VERTEX_POINT('',#6082);
#1842=VERTEX_POINT('',#6084);
#1843=VERTEX_POINT('',#6086);
#1844=VERTEX_POINT('',#6088);
#1845=VERTEX_POINT('',#6090);
#1846=VERTEX_POINT('',#6092);
#1847=VERTEX_POINT('',#6094);
#1848=VERTEX_POINT('',#6096);
#1849=VERTEX_POINT('',#6098);
#1850=VERTEX_POINT('',#6100);
#1851=VERTEX_POINT('',#6102);
#1852=VERTEX_POINT('',#6104);
#1853=VERTEX_POINT('',#6106);
#1854=VERTEX_POINT('',#6108);
#1855=VERTEX_POINT('',#6110);
#1856=VERTEX_POINT('',#6112);
#1857=VERTEX_POINT('',#6114);
#1858=VERTEX_POINT('',#6116);
#1859=VERTEX_POINT('',#6118);
#1860=VERTEX_POINT('',#6120);
#1861=VERTEX_POINT('',#6122);
#1862=VERTEX_POINT('',#6124);
#1863=VERTEX_POINT('',#6126);
#1864=VERTEX_POINT('',#6128);
#1865=VERTEX_POINT('',#6130);
#1866=VERTEX_POINT('',#6158);
#1867=VERTEX_POINT('',#6159);
#1868=VERTEX_POINT('',#6161);
#1869=VERTEX_POINT('',#6163);
#1870=VERTEX_POINT('',#6167);
#1871=VERTEX_POINT('',#6169);
#1872=VERTEX_POINT('',#6173);
#1873=VERTEX_POINT('',#6175);
#1874=VERTEX_POINT('',#6177);
#1875=VERTEX_POINT('',#6181);
#1876=VERTEX_POINT('',#6185);
#1877=VERTEX_POINT('',#6189);
#1878=VERTEX_POINT('',#6190);
#1879=VERTEX_POINT('',#6192);
#1880=VERTEX_POINT('',#6194);
#1881=VERTEX_POINT('',#6198);
#1882=VERTEX_POINT('',#6200);
#1883=VERTEX_POINT('',#6204);
#1884=VERTEX_POINT('',#6206);
#1885=VERTEX_POINT('',#6208);
#1886=VERTEX_POINT('',#6212);
#1887=VERTEX_POINT('',#6216);
#1888=VERTEX_POINT('',#6220);
#1889=VERTEX_POINT('',#6221);
#1890=VERTEX_POINT('',#6223);
#1891=VERTEX_POINT('',#6225);
#1892=VERTEX_POINT('',#6229);
#1893=VERTEX_POINT('',#6231);
#1894=VERTEX_POINT('',#6235);
#1895=VERTEX_POINT('',#6237);
#1896=VERTEX_POINT('',#6239);
#1897=VERTEX_POINT('',#6241);
#1898=VERTEX_POINT('',#6243);
#1899=VERTEX_POINT('',#6245);
#1900=VERTEX_POINT('',#6247);
#1901=VERTEX_POINT('',#6251);
#1902=VERTEX_POINT('',#6253);
#1903=VERTEX_POINT('',#6257);
#1904=VERTEX_POINT('',#6261);
#1905=VERTEX_POINT('',#6262);
#1906=VERTEX_POINT('',#6264);
#1907=VERTEX_POINT('',#6266);
#1908=VERTEX_POINT('',#6270);
#1909=VERTEX_POINT('',#6272);
#1910=VERTEX_POINT('',#6276);
#1911=VERTEX_POINT('',#6278);
#1912=VERTEX_POINT('',#6280);
#1913=VERTEX_POINT('',#6282);
#1914=VERTEX_POINT('',#6284);
#1915=VERTEX_POINT('',#6286);
#1916=VERTEX_POINT('',#6288);
#1917=VERTEX_POINT('',#6292);
#1918=VERTEX_POINT('',#6294);
#1919=VERTEX_POINT('',#6298);
#1920=VERTEX_POINT('',#6302);
#1921=VERTEX_POINT('',#6306);
#1922=VERTEX_POINT('',#6310);
#1923=VERTEX_POINT('',#6314);
#1924=VERTEX_POINT('',#6318);
#1925=VERTEX_POINT('',#6320);
#1926=VERTEX_POINT('',#6328);
#1927=VERTEX_POINT('',#6360);
#1928=VERTEX_POINT('',#6389);
#1929=VERTEX_POINT('',#6402);
#1930=VERTEX_POINT('',#6404);
#1931=VERTEX_POINT('',#6412);
#1932=VERTEX_POINT('',#6444);
#1933=VERTEX_POINT('',#6473);
#1934=VERTEX_POINT('',#6486);
#1935=VERTEX_POINT('',#6488);
#1936=VERTEX_POINT('',#6490);
#1937=VERTEX_POINT('',#6492);
#1938=VERTEX_POINT('',#6496);
#1939=VERTEX_POINT('',#6498);
#1940=VERTEX_POINT('',#6502);
#1941=VERTEX_POINT('',#6504);
#1942=VERTEX_POINT('',#6506);
#1943=VERTEX_POINT('',#6510);
#1944=VERTEX_POINT('',#6514);
#1945=VERTEX_POINT('',#6518);
#1946=VERTEX_POINT('',#6522);
#1947=VERTEX_POINT('',#6526);
#1948=VERTEX_POINT('',#6530);
#1949=VERTEX_POINT('',#6536);
#1950=VERTEX_POINT('',#6584);
#1951=VERTEX_POINT('',#6588);
#1952=VERTEX_POINT('',#6593);
#1953=VERTEX_POINT('',#6613);
#1954=VERTEX_POINT('',#6655);
#1955=VERTEX_POINT('',#6657);
#1956=VERTEX_POINT('',#6661);
#1957=VERTEX_POINT('',#6665);
#1958=VERTEX_POINT('',#6668);
#1959=VERTEX_POINT('',#6673);
#1960=VERTEX_POINT('',#6679);
#1961=VERTEX_POINT('',#6680);
#1962=VERTEX_POINT('',#6682);
#1963=VERTEX_POINT('',#6684);
#1964=VERTEX_POINT('',#6688);
#1965=VERTEX_POINT('',#6690);
#1966=VERTEX_POINT('',#6694);
#1967=VERTEX_POINT('',#6696);
#1968=VERTEX_POINT('',#6706);
#1969=VERTEX_POINT('',#6707);
#1970=VERTEX_POINT('',#6709);
#1971=VERTEX_POINT('',#6711);
#1972=VERTEX_POINT('',#6715);
#1973=VERTEX_POINT('',#6717);
#1974=VERTEX_POINT('',#6721);
#1975=VERTEX_POINT('',#6723);
#1976=EDGE_CURVE('',#1640,#1640,#1550,.T.);
#1977=EDGE_CURVE('',#1640,#1641,#722,.T.);
#1978=EDGE_CURVE('',#1641,#1641,#1551,.T.);
#1979=EDGE_CURVE('',#1642,#1643,#1552,.F.);
#1980=EDGE_CURVE('',#1643,#1644,#723,.T.);
#1981=EDGE_CURVE('',#1644,#1645,#1553,.F.);
#1982=EDGE_CURVE('',#1645,#1642,#724,.T.);
#1983=EDGE_CURVE('',#1643,#1646,#725,.T.);
#1984=EDGE_CURVE('',#1646,#1647,#726,.T.);
#1985=EDGE_CURVE('',#1647,#1644,#727,.T.);
#1986=EDGE_CURVE('',#1648,#1649,#1554,.F.);
#1987=EDGE_CURVE('',#1649,#1650,#728,.T.);
#1988=EDGE_CURVE('',#1650,#1651,#1555,.F.);
#1989=EDGE_CURVE('',#1651,#1648,#729,.T.);
#1990=EDGE_CURVE('',#1649,#1652,#730,.T.);
#1991=EDGE_CURVE('',#1652,#1653,#731,.T.);
#1992=EDGE_CURVE('',#1653,#1650,#732,.T.);
#1993=EDGE_CURVE('',#1654,#1655,#733,.T.);
#1994=EDGE_CURVE('',#1655,#1656,#102,.T.);
#1995=EDGE_CURVE('',#1656,#1657,#734,.T.);
#1996=EDGE_CURVE('',#1657,#1654,#103,.T.);
#1997=EDGE_CURVE('',#1658,#1659,#735,.T.);
#1998=EDGE_CURVE('',#1659,#1660,#104,.T.);
#1999=EDGE_CURVE('',#1660,#1661,#736,.T.);
#2000=EDGE_CURVE('',#1661,#1658,#105,.T.);
#2001=EDGE_CURVE('',#1662,#1663,#737,.T.);
#2002=EDGE_CURVE('',#1663,#1664,#106,.T.);
#2003=EDGE_CURVE('',#1664,#1665,#738,.T.);
#2004=EDGE_CURVE('',#1665,#1662,#107,.T.);
#2005=EDGE_CURVE('',#1666,#1662,#739,.T.);
#2006=EDGE_CURVE('',#1665,#1667,#740,.T.);
#2007=EDGE_CURVE('',#1667,#1666,#108,.T.);
#2008=EDGE_CURVE('',#1663,#1658,#741,.T.);
#2009=EDGE_CURVE('',#1661,#1664,#742,.T.);
#2010=EDGE_CURVE('',#1668,#1666,#743,.T.);
#2011=EDGE_CURVE('',#1667,#1669,#744,.T.);
#2012=EDGE_CURVE('',#1669,#1668,#109,.T.);
#2013=EDGE_CURVE('',#1655,#1668,#745,.T.);
#2014=EDGE_CURVE('',#1669,#1656,#746,.T.);
#2015=EDGE_CURVE('',#1659,#1654,#747,.T.);
#2016=EDGE_CURVE('',#1657,#1660,#748,.T.);
#2017=EDGE_CURVE('',#1669,#1670,#749,.T.);
#2018=EDGE_CURVE('',#1671,#1670,#750,.T.);
#2019=EDGE_CURVE('',#1671,#1656,#751,.T.);
#2020=EDGE_CURVE('',#1651,#1672,#752,.T.);
#2021=EDGE_CURVE('',#1673,#1672,#753,.T.);
#2022=EDGE_CURVE('',#1673,#1674,#754,.T.);
#2023=EDGE_CURVE('',#1674,#1675,#755,.T.);
#2024=EDGE_CURVE('',#1675,#1676,#756,.T.);
#2025=EDGE_CURVE('',#1676,#1677,#757,.T.);
#2026=EDGE_CURVE('',#1670,#1677,#110,.T.);
#2027=EDGE_CURVE('',#1678,#1667,#758,.T.);
#2028=EDGE_CURVE('',#1679,#1678,#111,.T.);
#2029=EDGE_CURVE('',#1679,#1680,#759,.T.);
#2030=EDGE_CURVE('',#1680,#1681,#760,.T.);
#2031=EDGE_CURVE('',#1681,#1682,#761,.T.);
#2032=EDGE_CURVE('',#1682,#1683,#762,.T.);
#2033=EDGE_CURVE('',#1684,#1683,#763,.T.);
#2034=EDGE_CURVE('',#1684,#1648,#764,.T.);
#2035=EDGE_CURVE('',#1665,#1685,#765,.T.);
#2036=EDGE_CURVE('',#1678,#1685,#766,.T.);
#2037=EDGE_CURVE('',#1686,#1664,#767,.T.);
#2038=EDGE_CURVE('',#1685,#1686,#768,.T.);
#2039=EDGE_CURVE('',#1687,#1688,#769,.T.);
#2040=EDGE_CURVE('',#1688,#1685,#112,.T.);
#2041=EDGE_CURVE('',#1686,#1687,#113,.T.);
#2042=EDGE_CURVE('',#1689,#1690,#114,.T.);
#2043=EDGE_CURVE('',#1690,#1687,#770,.T.);
#2044=EDGE_CURVE('',#1686,#1689,#771,.T.);
#2045=EDGE_CURVE('',#1688,#1679,#772,.T.);
#2046=EDGE_CURVE('',#1645,#1691,#773,.T.);
#2047=EDGE_CURVE('',#1692,#1691,#774,.T.);
#2048=EDGE_CURVE('',#1692,#1693,#775,.T.);
#2049=EDGE_CURVE('',#1693,#1694,#776,.T.);
#2050=EDGE_CURVE('',#1694,#1695,#777,.T.);
#2051=EDGE_CURVE('',#1695,#1690,#778,.T.);
#2052=EDGE_CURVE('',#1661,#1689,#779,.T.);
#2053=EDGE_CURVE('',#1696,#1660,#780,.T.);
#2054=EDGE_CURVE('',#1697,#1696,#115,.T.);
#2055=EDGE_CURVE('',#1697,#1698,#781,.T.);
#2056=EDGE_CURVE('',#1698,#1699,#782,.T.);
#2057=EDGE_CURVE('',#1699,#1700,#783,.T.);
#2058=EDGE_CURVE('',#1700,#1701,#784,.T.);
#2059=EDGE_CURVE('',#1702,#1701,#785,.T.);
#2060=EDGE_CURVE('',#1702,#1642,#786,.T.);
#2061=EDGE_CURVE('',#1703,#1692,#1556,.T.);
#2062=EDGE_CURVE('',#1691,#1704,#116,.T.);
#2063=EDGE_CURVE('',#1704,#1703,#787,.T.);
#2064=EDGE_CURVE('',#1701,#1705,#1557,.T.);
#2065=EDGE_CURVE('',#1705,#1706,#788,.T.);
#2066=EDGE_CURVE('',#1706,#1702,#117,.T.);
#2067=EDGE_CURVE('',#1707,#1702,#789,.T.);
#2068=EDGE_CURVE('',#1706,#1708,#790,.T.);
#2069=EDGE_CURVE('',#1708,#1707,#118,.T.);
#2070=EDGE_CURVE('',#1709,#1707,#791,.T.);
#2071=EDGE_CURVE('',#1708,#1710,#792,.T.);
#2072=EDGE_CURVE('',#1710,#1709,#119,.T.);
#2073=EDGE_CURVE('',#1710,#1704,#793,.T.);
#2074=EDGE_CURVE('',#1691,#1709,#794,.T.);
#2075=EDGE_CURVE('',#1695,#1711,#795,.T.);
#2076=EDGE_CURVE('',#1711,#1712,#796,.T.);
#2077=EDGE_CURVE('',#1712,#1703,#797,.T.);
#2078=EDGE_CURVE('',#1705,#1713,#798,.T.);
#2079=EDGE_CURVE('',#1713,#1714,#799,.T.);
#2080=EDGE_CURVE('',#1714,#1698,#800,.T.);
#2081=EDGE_CURVE('',#1715,#1697,#801,.T.);
#2082=EDGE_CURVE('',#1716,#1715,#802,.T.);
#2083=EDGE_CURVE('',#1677,#1716,#803,.T.);
#2084=EDGE_CURVE('',#1676,#1717,#804,.T.);
#2085=EDGE_CURVE('',#1717,#1718,#805,.T.);
#2086=EDGE_CURVE('',#1718,#1719,#806,.T.);
#2087=EDGE_CURVE('',#1720,#1719,#807,.T.);
#2088=EDGE_CURVE('',#1721,#1720,#808,.T.);
#2089=EDGE_CURVE('',#1722,#1721,#809,.T.);
#2090=EDGE_CURVE('',#1723,#1722,#810,.T.);
#2091=EDGE_CURVE('',#1724,#1723,#811,.T.);
#2092=EDGE_CURVE('',#1724,#1725,#812,.T.);
#2093=EDGE_CURVE('',#1725,#1726,#813,.T.);
#2094=EDGE_CURVE('',#1726,#1680,#814,.T.);
#2095=EDGE_CURVE('',#1727,#1728,#815,.T.);
#2096=EDGE_CURVE('',#1729,#1727,#816,.T.);
#2097=EDGE_CURVE('',#1730,#1729,#817,.T.);
#2098=EDGE_CURVE('',#1728,#1730,#818,.T.);
#2099=EDGE_CURVE('',#1731,#1700,#819,.T.);
#2100=EDGE_CURVE('',#1713,#1731,#820,.T.);
#2101=EDGE_CURVE('',#1696,#1732,#821,.T.);
#2102=EDGE_CURVE('',#1732,#1715,#120,.T.);
#2103=EDGE_CURVE('',#1732,#1671,#822,.T.);
#2104=EDGE_CURVE('',#1671,#1716,#121,.T.);
#2105=EDGE_CURVE('',#1719,#1673,#1558,.T.);
#2106=EDGE_CURVE('',#1672,#1720,#122,.T.);
#2107=EDGE_CURVE('',#1683,#1724,#1559,.T.);
#2108=EDGE_CURVE('',#1723,#1684,#123,.T.);
#2109=EDGE_CURVE('',#1733,#1734,#823,.T.);
#2110=EDGE_CURVE('',#1734,#1722,#124,.T.);
#2111=EDGE_CURVE('',#1721,#1733,#125,.T.);
#2112=EDGE_CURVE('',#1734,#1684,#824,.T.);
#2113=EDGE_CURVE('',#1672,#1733,#825,.T.);
#2114=EDGE_CURVE('',#1735,#1682,#826,.T.);
#2115=EDGE_CURVE('',#1725,#1735,#827,.T.);
#2116=EDGE_CURVE('',#1734,#1652,#828,.T.);
#2117=EDGE_CURVE('',#1733,#1653,#829,.T.);
#2118=EDGE_CURVE('',#1736,#1737,#1560,.T.);
#2119=EDGE_CURVE('',#1737,#1738,#1561,.T.);
#2120=EDGE_CURVE('',#1738,#1739,#74,.F.);
#2121=EDGE_CURVE('',#1739,#1736,#1562,.T.);
#2122=EDGE_CURVE('',#1740,#1741,#1563,.T.);
#2123=EDGE_CURVE('',#1741,#1737,#830,.T.);
#2124=EDGE_CURVE('',#1736,#1740,#831,.T.);
#2125=EDGE_CURVE('',#1742,#1743,#75,.F.);
#2126=EDGE_CURVE('',#1743,#1741,#1564,.T.);
#2127=EDGE_CURVE('',#1740,#1742,#1565,.T.);
#2128=EDGE_CURVE('',#1744,#1739,#832,.T.);
#2129=EDGE_CURVE('',#1745,#1744,#833,.T.);
#2130=EDGE_CURVE('',#1742,#1745,#834,.T.);
#2131=EDGE_CURVE('',#1746,#1747,#1566,.T.);
#2132=EDGE_CURVE('',#1747,#1748,#1567,.T.);
#2133=EDGE_CURVE('',#1748,#1749,#76,.F.);
#2134=EDGE_CURVE('',#1749,#1746,#1568,.T.);
#2135=EDGE_CURVE('',#1750,#1751,#1569,.T.);
#2136=EDGE_CURVE('',#1751,#1747,#835,.T.);
#2137=EDGE_CURVE('',#1746,#1750,#836,.T.);
#2138=EDGE_CURVE('',#1752,#1753,#77,.F.);
#2139=EDGE_CURVE('',#1753,#1751,#1570,.T.);
#2140=EDGE_CURVE('',#1750,#1752,#1571,.T.);
#2141=EDGE_CURVE('',#1754,#1749,#837,.T.);
#2142=EDGE_CURVE('',#1755,#1754,#838,.T.);
#2143=EDGE_CURVE('',#1752,#1755,#839,.T.);
#2144=EDGE_CURVE('',#1737,#1751,#840,.T.);
#2145=EDGE_CURVE('',#1753,#1738,#841,.T.);
#2146=EDGE_CURVE('',#1756,#1755,#842,.T.);
#2147=EDGE_CURVE('',#1757,#1756,#843,.T.);
#2148=EDGE_CURVE('',#1758,#1757,#844,.T.);
#2149=EDGE_CURVE('',#1758,#1759,#845,.T.);
#2150=EDGE_CURVE('',#1744,#1759,#846,.T.);
#2151=EDGE_CURVE('',#1743,#1748,#847,.T.);
#2152=EDGE_CURVE('',#1747,#1741,#848,.T.);
#2153=EDGE_CURVE('',#1760,#1745,#849,.T.);
#2154=EDGE_CURVE('',#1761,#1760,#850,.T.);
#2155=EDGE_CURVE('',#1762,#1761,#851,.T.);
#2156=EDGE_CURVE('',#1762,#1763,#852,.T.);
#2157=EDGE_CURVE('',#1754,#1763,#853,.T.);
#2158=EDGE_CURVE('',#1730,#1761,#126,.T.);
#2159=EDGE_CURVE('',#1729,#1762,#127,.T.);
#2160=EDGE_CURVE('',#1757,#1727,#128,.T.);
#2161=EDGE_CURVE('',#1728,#1758,#129,.T.);
#2162=EDGE_CURVE('',#1761,#1758,#854,.T.);
#2163=EDGE_CURVE('',#1757,#1762,#855,.T.);
#2164=EDGE_CURVE('',#1763,#1756,#856,.T.);
#2165=EDGE_CURVE('',#1759,#1760,#857,.T.);
#2166=EDGE_CURVE('',#1657,#1732,#858,.T.);
#2167=EDGE_CURVE('',#1707,#1646,#859,.T.);
#2168=EDGE_CURVE('',#1709,#1647,#860,.T.);
#2169=EDGE_CURVE('',#1764,#1735,#861,.T.);
#2170=EDGE_CURVE('',#1726,#1764,#862,.T.);
#2171=EDGE_CURVE('',#1681,#1764,#863,.T.);
#2172=EDGE_CURVE('',#1718,#1765,#864,.T.);
#2173=EDGE_CURVE('',#1674,#1765,#865,.T.);
#2174=EDGE_CURVE('',#1765,#1766,#866,.T.);
#2175=EDGE_CURVE('',#1717,#1766,#867,.T.);
#2176=EDGE_CURVE('',#1766,#1675,#868,.T.);
#2177=EDGE_CURVE('',#1767,#1731,#869,.T.);
#2178=EDGE_CURVE('',#1714,#1767,#870,.T.);
#2179=EDGE_CURVE('',#1699,#1767,#871,.T.);
#2180=EDGE_CURVE('',#1712,#1768,#872,.T.);
#2181=EDGE_CURVE('',#1693,#1768,#873,.T.);
#2182=EDGE_CURVE('',#1768,#1769,#874,.T.);
#2183=EDGE_CURVE('',#1711,#1769,#875,.T.);
#2184=EDGE_CURVE('',#1769,#1694,#876,.T.);
#2185=EDGE_CURVE('',#1770,#1771,#1572,.T.);
#2186=EDGE_CURVE('',#1771,#1770,#1573,.T.);
#2187=EDGE_CURVE('',#1770,#1772,#1574,.T.);
#2188=EDGE_CURVE('',#1772,#1772,#1575,.T.);
#2189=EDGE_CURVE('',#1773,#1774,#1576,.T.);
#2190=EDGE_CURVE('',#1773,#1771,#877,.T.);
#2191=EDGE_CURVE('',#1774,#1773,#1577,.T.);
#2192=EDGE_CURVE('',#1775,#1775,#1578,.T.);
#2193=EDGE_CURVE('',#1776,#1777,#1579,.T.);
#2194=EDGE_CURVE('',#1777,#1776,#1580,.T.);
#2195=EDGE_CURVE('',#1776,#1778,#1581,.T.);
#2196=EDGE_CURVE('',#1778,#1778,#1582,.T.);
#2197=EDGE_CURVE('',#1779,#1780,#878,.T.);
#2198=EDGE_CURVE('',#1781,#1779,#879,.T.);
#2199=EDGE_CURVE('',#1781,#1782,#880,.T.);
#2200=EDGE_CURVE('',#1782,#1783,#881,.T.);
#2201=EDGE_CURVE('',#1783,#1784,#882,.T.);
#2202=EDGE_CURVE('',#1784,#1785,#883,.T.);
#2203=EDGE_CURVE('',#1785,#1786,#884,.T.);
#2204=EDGE_CURVE('',#1786,#1787,#885,.T.);
#2205=EDGE_CURVE('',#1787,#1788,#886,.T.);
#2206=EDGE_CURVE('',#1789,#1788,#887,.T.);
#2207=EDGE_CURVE('',#1790,#1789,#888,.T.);
#2208=EDGE_CURVE('',#1791,#1790,#889,.T.);
#2209=EDGE_CURVE('',#1791,#1792,#890,.T.);
#2210=EDGE_CURVE('',#1792,#1793,#891,.T.);
#2211=EDGE_CURVE('',#1793,#1794,#892,.T.);
#2212=EDGE_CURVE('',#1794,#1795,#893,.T.);
#2213=EDGE_CURVE('',#1795,#1796,#894,.T.);
#2214=EDGE_CURVE('',#1796,#1797,#895,.T.);
#2215=EDGE_CURVE('',#1797,#1798,#896,.T.);
#2216=EDGE_CURVE('',#1799,#1798,#897,.T.);
#2217=EDGE_CURVE('',#1800,#1799,#898,.T.);
#2218=EDGE_CURVE('',#1801,#1800,#899,.T.);
#2219=EDGE_CURVE('',#1801,#1802,#900,.T.);
#2220=EDGE_CURVE('',#1802,#1803,#901,.T.);
#2221=EDGE_CURVE('',#1803,#1804,#902,.T.);
#2222=EDGE_CURVE('',#1804,#1805,#903,.T.);
#2223=EDGE_CURVE('',#1805,#1806,#904,.T.);
#2224=EDGE_CURVE('',#1806,#1807,#905,.T.);
#2225=EDGE_CURVE('',#1807,#1808,#906,.T.);
#2226=EDGE_CURVE('',#1809,#1808,#907,.T.);
#2227=EDGE_CURVE('',#1810,#1809,#908,.T.);
#2228=EDGE_CURVE('',#1811,#1810,#909,.T.);
#2229=EDGE_CURVE('',#1811,#1812,#910,.T.);
#2230=EDGE_CURVE('',#1812,#1813,#911,.T.);
#2231=EDGE_CURVE('',#1813,#1814,#912,.T.);
#2232=EDGE_CURVE('',#1814,#1815,#913,.T.);
#2233=EDGE_CURVE('',#1815,#1816,#914,.T.);
#2234=EDGE_CURVE('',#1816,#1817,#915,.T.);
#2235=EDGE_CURVE('',#1817,#1818,#916,.T.);
#2236=EDGE_CURVE('',#1780,#1818,#917,.T.);
#2237=EDGE_CURVE('',#1819,#1820,#1583,.T.);
#2238=EDGE_CURVE('',#1820,#1821,#1584,.T.);
#2239=EDGE_CURVE('',#1821,#1822,#1585,.T.);
#2240=EDGE_CURVE('',#1822,#1821,#1586,.T.);
#2241=EDGE_CURVE('',#1820,#1819,#1587,.T.);
#2242=EDGE_CURVE('',#1823,#1823,#1588,.T.);
#2243=EDGE_CURVE('',#1823,#1819,#918,.T.);
#2244=EDGE_CURVE('',#1822,#1824,#919,.T.);
#2245=EDGE_CURVE('',#1824,#1824,#1589,.T.);
#2246=EDGE_CURVE('',#1774,#1825,#1590,.T.);
#2247=EDGE_CURVE('',#1825,#1825,#1591,.T.);
#2248=EDGE_CURVE('',#1826,#1827,#920,.T.);
#2249=EDGE_CURVE('',#1828,#1826,#921,.T.);
#2250=EDGE_CURVE('',#1828,#1829,#922,.T.);
#2251=EDGE_CURVE('',#1829,#1830,#923,.T.);
#2252=EDGE_CURVE('',#1830,#1831,#924,.T.);
#2253=EDGE_CURVE('',#1831,#1832,#925,.T.);
#2254=EDGE_CURVE('',#1832,#1833,#926,.T.);
#2255=EDGE_CURVE('',#1833,#1834,#927,.T.);
#2256=EDGE_CURVE('',#1834,#1835,#928,.T.);
#2257=EDGE_CURVE('',#1836,#1835,#929,.T.);
#2258=EDGE_CURVE('',#1837,#1836,#930,.T.);
#2259=EDGE_CURVE('',#1838,#1837,#931,.T.);
#2260=EDGE_CURVE('',#1838,#1839,#932,.T.);
#2261=EDGE_CURVE('',#1839,#1840,#933,.T.);
#2262=EDGE_CURVE('',#1840,#1841,#934,.T.);
#2263=EDGE_CURVE('',#1841,#1842,#935,.T.);
#2264=EDGE_CURVE('',#1842,#1843,#936,.T.);
#2265=EDGE_CURVE('',#1843,#1844,#937,.T.);
#2266=EDGE_CURVE('',#1844,#1845,#938,.T.);
#2267=EDGE_CURVE('',#1846,#1845,#939,.T.);
#2268=EDGE_CURVE('',#1847,#1846,#940,.T.);
#2269=EDGE_CURVE('',#1848,#1847,#941,.T.);
#2270=EDGE_CURVE('',#1848,#1849,#942,.T.);
#2271=EDGE_CURVE('',#1849,#1850,#943,.T.);
#2272=EDGE_CURVE('',#1850,#1851,#944,.T.);
#2273=EDGE_CURVE('',#1851,#1852,#945,.T.);
#2274=EDGE_CURVE('',#1852,#1853,#946,.T.);
#2275=EDGE_CURVE('',#1853,#1854,#947,.T.);
#2276=EDGE_CURVE('',#1854,#1855,#948,.T.);
#2277=EDGE_CURVE('',#1856,#1855,#949,.T.);
#2278=EDGE_CURVE('',#1857,#1856,#950,.T.);
#2279=EDGE_CURVE('',#1858,#1857,#951,.T.);
#2280=EDGE_CURVE('',#1858,#1859,#952,.T.);
#2281=EDGE_CURVE('',#1859,#1860,#953,.T.);
#2282=EDGE_CURVE('',#1860,#1861,#954,.T.);
#2283=EDGE_CURVE('',#1861,#1862,#955,.T.);
#2284=EDGE_CURVE('',#1862,#1863,#956,.T.);
#2285=EDGE_CURVE('',#1863,#1864,#957,.T.);
#2286=EDGE_CURVE('',#1864,#1865,#958,.T.);
#2287=EDGE_CURVE('',#1827,#1865,#959,.T.);
#2288=EDGE_CURVE('',#1823,#1777,#960,.T.);
#2289=EDGE_CURVE('',#1824,#1775,#961,.T.);
#2290=EDGE_CURVE('',#1827,#1779,#962,.T.);
#2291=EDGE_CURVE('',#1780,#1826,#963,.T.);
#2292=EDGE_CURVE('',#1818,#1828,#964,.T.);
#2293=EDGE_CURVE('',#1856,#1790,#965,.T.);
#2294=EDGE_CURVE('',#1789,#1857,#966,.T.);
#2295=EDGE_CURVE('',#1855,#1791,#967,.T.);
#2296=EDGE_CURVE('',#1846,#1800,#968,.T.);
#2297=EDGE_CURVE('',#1799,#1847,#969,.T.);
#2298=EDGE_CURVE('',#1798,#1848,#970,.T.);
#2299=EDGE_CURVE('',#1836,#1810,#971,.T.);
#2300=EDGE_CURVE('',#1809,#1837,#972,.T.);
#2301=EDGE_CURVE('',#1808,#1838,#973,.T.);
#2302=EDGE_CURVE('',#1866,#1867,#1592,.T.);
#2303=EDGE_CURVE('',#1867,#1868,#974,.T.);
#2304=EDGE_CURVE('',#1868,#1869,#1593,.T.);
#2305=EDGE_CURVE('',#1869,#1866,#975,.T.);
#2306=EDGE_CURVE('',#1870,#1869,#976,.T.);
#2307=EDGE_CURVE('',#1871,#1870,#977,.T.);
#2308=EDGE_CURVE('',#1871,#1866,#978,.T.);
#2309=EDGE_CURVE('',#1872,#1868,#979,.T.);
#2310=EDGE_CURVE('',#1872,#1873,#980,.T.);
#2311=EDGE_CURVE('',#1873,#1874,#981,.T.);
#2312=EDGE_CURVE('',#1870,#1874,#1594,.T.);
#2313=EDGE_CURVE('',#1875,#1871,#1595,.T.);
#2314=EDGE_CURVE('',#1874,#1875,#982,.T.);
#2315=EDGE_CURVE('',#1873,#1876,#983,.T.);
#2316=EDGE_CURVE('',#1876,#1875,#984,.T.);
#2317=EDGE_CURVE('',#1877,#1878,#1596,.T.);
#2318=EDGE_CURVE('',#1878,#1879,#985,.T.);
#2319=EDGE_CURVE('',#1879,#1880,#1597,.T.);
#2320=EDGE_CURVE('',#1880,#1877,#986,.T.);
#2321=EDGE_CURVE('',#1881,#1880,#987,.T.);
#2322=EDGE_CURVE('',#1882,#1881,#988,.T.);
#2323=EDGE_CURVE('',#1882,#1877,#989,.T.);
#2324=EDGE_CURVE('',#1883,#1879,#990,.T.);
#2325=EDGE_CURVE('',#1883,#1884,#991,.T.);
#2326=EDGE_CURVE('',#1884,#1885,#992,.T.);
#2327=EDGE_CURVE('',#1881,#1885,#1598,.T.);
#2328=EDGE_CURVE('',#1886,#1882,#1599,.T.);
#2329=EDGE_CURVE('',#1885,#1886,#993,.T.);
#2330=EDGE_CURVE('',#1884,#1887,#994,.T.);
#2331=EDGE_CURVE('',#1887,#1886,#995,.T.);
#2332=EDGE_CURVE('',#1888,#1889,#1600,.T.);
#2333=EDGE_CURVE('',#1889,#1890,#996,.T.);
#2334=EDGE_CURVE('',#1890,#1891,#1601,.T.);
#2335=EDGE_CURVE('',#1891,#1888,#997,.T.);
#2336=EDGE_CURVE('',#1892,#1891,#998,.T.);
#2337=EDGE_CURVE('',#1893,#1892,#999,.T.);
#2338=EDGE_CURVE('',#1888,#1893,#1000,.T.);
#2339=EDGE_CURVE('',#1894,#1890,#1001,.T.);
#2340=EDGE_CURVE('',#1894,#1895,#1002,.T.);
#2341=EDGE_CURVE('',#1896,#1895,#1003,.T.);
#2342=EDGE_CURVE('',#1897,#1896,#1602,.T.);
#2343=EDGE_CURVE('',#1897,#1898,#1004,.T.);
#2344=EDGE_CURVE('',#1899,#1898,#1603,.T.);
#2345=EDGE_CURVE('',#1900,#1899,#1005,.T.);
#2346=EDGE_CURVE('',#1892,#1900,#1604,.T.);
#2347=EDGE_CURVE('',#1896,#1901,#1006,.T.);
#2348=EDGE_CURVE('',#1901,#1902,#1605,.T.);
#2349=EDGE_CURVE('',#1902,#1897,#1007,.T.);
#2350=EDGE_CURVE('',#1903,#1902,#1008,.T.);
#2351=EDGE_CURVE('',#1898,#1903,#1009,.T.);
#2352=EDGE_CURVE('',#1904,#1905,#1606,.T.);
#2353=EDGE_CURVE('',#1905,#1906,#1010,.T.);
#2354=EDGE_CURVE('',#1906,#1907,#1607,.T.);
#2355=EDGE_CURVE('',#1907,#1904,#1011,.T.);
#2356=EDGE_CURVE('',#1908,#1907,#1012,.T.);
#2357=EDGE_CURVE('',#1909,#1908,#1013,.T.);
#2358=EDGE_CURVE('',#1904,#1909,#1014,.T.);
#2359=EDGE_CURVE('',#1910,#1906,#1015,.T.);
#2360=EDGE_CURVE('',#1910,#1911,#1016,.T.);
#2361=EDGE_CURVE('',#1912,#1911,#1017,.T.);
#2362=EDGE_CURVE('',#1913,#1912,#1608,.T.);
#2363=EDGE_CURVE('',#1913,#1914,#1018,.T.);
#2364=EDGE_CURVE('',#1915,#1914,#1609,.T.);
#2365=EDGE_CURVE('',#1916,#1915,#1019,.T.);
#2366=EDGE_CURVE('',#1908,#1916,#1610,.T.);
#2367=EDGE_CURVE('',#1912,#1917,#1020,.T.);
#2368=EDGE_CURVE('',#1917,#1918,#1611,.T.);
#2369=EDGE_CURVE('',#1918,#1913,#1021,.T.);
#2370=EDGE_CURVE('',#1919,#1918,#1022,.T.);
#2371=EDGE_CURVE('',#1914,#1919,#1023,.T.);
#2372=EDGE_CURVE('',#1903,#1920,#1612,.T.);
#2373=EDGE_CURVE('',#1899,#1920,#1024,.T.);
#2374=EDGE_CURVE('',#1921,#1893,#1613,.T.);
#2375=EDGE_CURVE('',#1921,#1900,#1025,.T.);
#2376=EDGE_CURVE('',#1922,#1916,#1026,.T.);
#2377=EDGE_CURVE('',#1922,#1909,#1614,.T.);
#2378=EDGE_CURVE('',#1919,#1923,#1615,.T.);
#2379=EDGE_CURVE('',#1915,#1923,#1027,.T.);
#2380=EDGE_CURVE('',#1876,#1924,#1028,.T.);
#2381=EDGE_CURVE('',#1925,#1876,#78,.T.);
#2382=EDGE_CURVE('',#1926,#1925,#1029,.T.);
#2383=EDGE_CURVE('',#1924,#1926,#79,.T.);
#2384=EDGE_CURVE('',#1867,#1924,#1030,.T.);
#2385=EDGE_CURVE('',#1872,#1924,#1031,.T.);
#2386=EDGE_CURVE('',#1927,#1926,#1032,.T.);
#2387=EDGE_CURVE('',#1927,#1872,#80,.T.);
#2388=EDGE_CURVE('',#1928,#1873,#81,.T.);
#2389=EDGE_CURVE('',#1925,#1928,#1033,.T.);
#2390=EDGE_CURVE('',#1928,#1927,#1034,.T.);
#2391=EDGE_CURVE('',#1887,#1929,#1035,.T.);
#2392=EDGE_CURVE('',#1930,#1887,#82,.T.);
#2393=EDGE_CURVE('',#1931,#1930,#1036,.T.);
#2394=EDGE_CURVE('',#1929,#1931,#83,.T.);
#2395=EDGE_CURVE('',#1878,#1929,#1037,.T.);
#2396=EDGE_CURVE('',#1883,#1929,#1038,.T.);
#2397=EDGE_CURVE('',#1932,#1931,#1039,.T.);
#2398=EDGE_CURVE('',#1932,#1883,#84,.T.);
#2399=EDGE_CURVE('',#1933,#1884,#85,.T.);
#2400=EDGE_CURVE('',#1930,#1933,#1040,.T.);
#2401=EDGE_CURVE('',#1933,#1932,#1041,.T.);
#2402=EDGE_CURVE('',#1934,#1932,#1042,.T.);
#2403=EDGE_CURVE('',#1934,#1935,#1043,.T.);
#2404=EDGE_CURVE('',#1935,#1936,#1044,.T.);
#2405=EDGE_CURVE('',#1937,#1936,#1045,.T.);
#2406=EDGE_CURVE('',#1933,#1937,#1046,.T.);
#2407=EDGE_CURVE('',#1926,#1938,#1047,.T.);
#2408=EDGE_CURVE('',#1938,#1939,#1048,.T.);
#2409=EDGE_CURVE('',#1939,#1927,#1049,.T.);
#2410=EDGE_CURVE('',#1940,#1925,#1050,.T.);
#2411=EDGE_CURVE('',#1941,#1940,#1051,.T.);
#2412=EDGE_CURVE('',#1941,#1942,#1052,.T.);
#2413=EDGE_CURVE('',#1938,#1942,#1053,.T.);
#2414=EDGE_CURVE('',#1931,#1943,#1054,.T.);
#2415=EDGE_CURVE('',#1943,#1934,#1055,.T.);
#2416=EDGE_CURVE('',#1937,#1944,#1056,.T.);
#2417=EDGE_CURVE('',#1944,#1930,#1057,.T.);
#2418=EDGE_CURVE('',#1936,#1945,#1058,.T.);
#2419=EDGE_CURVE('',#1945,#1944,#1059,.T.);
#2420=EDGE_CURVE('',#1928,#1946,#1060,.T.);
#2421=EDGE_CURVE('',#1946,#1940,#1061,.T.);
#2422=EDGE_CURVE('',#1946,#1947,#1062,.T.);
#2423=EDGE_CURVE('',#1947,#1941,#1063,.T.);
#2424=EDGE_CURVE('',#1939,#1948,#1064,.T.);
#2425=EDGE_CURVE('',#1948,#1947,#1065,.T.);
#2426=EDGE_CURVE('',#1942,#1948,#1066,.T.);
#2427=EDGE_CURVE('',#1945,#1949,#1067,.T.);
#2428=EDGE_CURVE('',#1832,#1945,#1616,.T.);
#2429=EDGE_CURVE('',#1949,#1831,#1617,.T.);
#2430=EDGE_CURVE('',#1943,#1949,#1068,.T.);
#2431=EDGE_CURVE('',#1949,#1935,#1069,.T.);
#2432=EDGE_CURVE('',#1936,#1814,#1618,.T.);
#2433=EDGE_CURVE('',#1814,#1832,#1070,.T.);
#2434=EDGE_CURVE('',#1815,#1831,#1071,.T.);
#2435=EDGE_CURVE('',#1935,#1815,#1619,.T.);
#2436=EDGE_CURVE('',#1852,#1941,#1620,.T.);
#2437=EDGE_CURVE('',#1942,#1851,#1621,.T.);
#2438=EDGE_CURVE('',#1947,#1794,#1622,.T.);
#2439=EDGE_CURVE('',#1794,#1852,#1072,.T.);
#2440=EDGE_CURVE('',#1795,#1851,#1073,.T.);
#2441=EDGE_CURVE('',#1948,#1795,#1623,.T.);
#2442=EDGE_CURVE('',#1796,#1850,#1074,.T.);
#2443=EDGE_CURVE('',#1797,#1849,#1075,.T.);
#2444=EDGE_CURVE('',#1792,#1854,#1076,.T.);
#2445=EDGE_CURVE('',#1793,#1853,#1077,.T.);
#2446=EDGE_CURVE('',#1816,#1830,#1078,.T.);
#2447=EDGE_CURVE('',#1817,#1829,#1079,.T.);
#2448=EDGE_CURVE('',#1812,#1834,#1080,.T.);
#2449=EDGE_CURVE('',#1835,#1811,#1081,.T.);
#2450=EDGE_CURVE('',#1813,#1833,#1082,.T.);
#2451=EDGE_CURVE('',#1905,#1950,#1083,.T.);
#2452=EDGE_CURVE('',#1950,#1910,#1084,.T.);
#2453=EDGE_CURVE('',#1889,#1951,#1085,.T.);
#2454=EDGE_CURVE('',#1951,#1894,#1086,.T.);
#2455=EDGE_CURVE('',#1921,#1920,#1087,.T.);
#2456=EDGE_CURVE('',#1901,#1952,#1088,.T.);
#2457=EDGE_CURVE('',#1952,#1951,#1089,.T.);
#2458=EDGE_CURVE('',#1862,#1894,#1624,.T.);
#2459=EDGE_CURVE('',#1895,#1861,#1625,.T.);
#2460=EDGE_CURVE('',#1895,#1952,#1090,.T.);
#2461=EDGE_CURVE('',#1951,#1784,#1626,.T.);
#2462=EDGE_CURVE('',#1784,#1862,#1091,.T.);
#2463=EDGE_CURVE('',#1785,#1861,#1092,.T.);
#2464=EDGE_CURVE('',#1952,#1785,#1627,.T.);
#2465=EDGE_CURVE('',#1842,#1910,#1628,.T.);
#2466=EDGE_CURVE('',#1911,#1841,#1629,.T.);
#2467=EDGE_CURVE('',#1911,#1953,#1093,.T.);
#2468=EDGE_CURVE('',#1917,#1953,#1094,.T.);
#2469=EDGE_CURVE('',#1922,#1923,#1095,.T.);
#2470=EDGE_CURVE('',#1953,#1950,#1096,.T.);
#2471=EDGE_CURVE('',#1950,#1804,#1630,.T.);
#2472=EDGE_CURVE('',#1804,#1842,#1097,.T.);
#2473=EDGE_CURVE('',#1805,#1841,#1098,.T.);
#2474=EDGE_CURVE('',#1953,#1805,#1631,.T.);
#2475=EDGE_CURVE('',#1806,#1840,#1099,.T.);
#2476=EDGE_CURVE('',#1807,#1839,#1100,.T.);
#2477=EDGE_CURVE('',#1802,#1844,#1101,.T.);
#2478=EDGE_CURVE('',#1845,#1801,#1102,.T.);
#2479=EDGE_CURVE('',#1803,#1843,#1103,.T.);
#2480=EDGE_CURVE('',#1786,#1860,#1104,.T.);
#2481=EDGE_CURVE('',#1788,#1858,#1105,.T.);
#2482=EDGE_CURVE('',#1787,#1859,#1106,.T.);
#2483=EDGE_CURVE('',#1782,#1864,#1107,.T.);
#2484=EDGE_CURVE('',#1865,#1781,#1108,.T.);
#2485=EDGE_CURVE('',#1783,#1863,#1109,.T.);
#2486=EDGE_CURVE('',#1954,#1954,#1632,.T.);
#2487=EDGE_CURVE('',#1954,#1955,#1633,.T.);
#2488=EDGE_CURVE('',#1955,#1955,#1634,.T.);
#2489=EDGE_CURVE('',#1956,#1956,#1635,.T.);
#2490=EDGE_CURVE('',#1956,#1954,#1110,.T.);
#2491=EDGE_CURVE('',#1957,#1957,#1636,.T.);
#2492=EDGE_CURVE('',#1956,#1958,#1637,.T.);
#2493=EDGE_CURVE('',#1958,#1958,#1638,.T.);
#2494=EDGE_CURVE('',#1957,#1959,#1111,.T.);
#2495=EDGE_CURVE('',#1959,#1959,#1639,.T.);
#2496=EDGE_CURVE('',#1960,#1961,#1112,.T.);
#2497=EDGE_CURVE('',#1962,#1961,#1113,.T.);
#2498=EDGE_CURVE('',#1962,#1963,#1114,.T.);
#2499=EDGE_CURVE('',#1963,#1960,#1115,.T.);
#2500=EDGE_CURVE('',#1961,#1964,#1116,.T.);
#2501=EDGE_CURVE('',#1965,#1964,#1117,.T.);
#2502=EDGE_CURVE('',#1965,#1962,#1118,.T.);
#2503=EDGE_CURVE('',#1964,#1966,#1119,.T.);
#2504=EDGE_CURVE('',#1967,#1966,#1120,.T.);
#2505=EDGE_CURVE('',#1967,#1965,#1121,.T.);
#2506=EDGE_CURVE('',#1966,#1960,#1122,.T.);
#2507=EDGE_CURVE('',#1963,#1967,#1123,.T.);
#2508=EDGE_CURVE('',#1968,#1969,#1124,.T.);
#2509=EDGE_CURVE('',#1970,#1968,#1125,.T.);
#2510=EDGE_CURVE('',#1971,#1970,#1126,.T.);
#2511=EDGE_CURVE('',#1971,#1969,#1127,.T.);
#2512=EDGE_CURVE('',#1969,#1972,#1128,.T.);
#2513=EDGE_CURVE('',#1973,#1971,#1129,.T.);
#2514=EDGE_CURVE('',#1973,#1972,#1130,.T.);
#2515=EDGE_CURVE('',#1972,#1974,#1131,.T.);
#2516=EDGE_CURVE('',#1975,#1973,#1132,.T.);
#2517=EDGE_CURVE('',#1975,#1974,#1133,.T.);
#2518=EDGE_CURVE('',#1974,#1968,#1134,.T.);
#2519=EDGE_CURVE('',#1970,#1975,#1135,.T.);
#2520=ORIENTED_EDGE('',*,*,#1976,.F.);
#2521=ORIENTED_EDGE('',*,*,#1977,.T.);
#2522=ORIENTED_EDGE('',*,*,#1978,.F.);
#2523=ORIENTED_EDGE('',*,*,#1977,.F.);
#2524=ORIENTED_EDGE('',*,*,#1978,.T.);
#2525=ORIENTED_EDGE('',*,*,#1979,.T.);
#2526=ORIENTED_EDGE('',*,*,#1980,.T.);
#2527=ORIENTED_EDGE('',*,*,#1981,.T.);
#2528=ORIENTED_EDGE('',*,*,#1982,.T.);
#2529=ORIENTED_EDGE('',*,*,#1980,.F.);
#2530=ORIENTED_EDGE('',*,*,#1983,.T.);
#2531=ORIENTED_EDGE('',*,*,#1984,.T.);
#2532=ORIENTED_EDGE('',*,*,#1985,.T.);
#2533=ORIENTED_EDGE('',*,*,#1986,.T.);
#2534=ORIENTED_EDGE('',*,*,#1987,.T.);
#2535=ORIENTED_EDGE('',*,*,#1988,.T.);
#2536=ORIENTED_EDGE('',*,*,#1989,.T.);
#2537=ORIENTED_EDGE('',*,*,#1987,.F.);
#2538=ORIENTED_EDGE('',*,*,#1990,.T.);
#2539=ORIENTED_EDGE('',*,*,#1991,.T.);
#2540=ORIENTED_EDGE('',*,*,#1992,.T.);
#2541=ORIENTED_EDGE('',*,*,#1993,.T.);
#2542=ORIENTED_EDGE('',*,*,#1994,.T.);
#2543=ORIENTED_EDGE('',*,*,#1995,.T.);
#2544=ORIENTED_EDGE('',*,*,#1996,.T.);
#2545=ORIENTED_EDGE('',*,*,#1997,.T.);
#2546=ORIENTED_EDGE('',*,*,#1998,.T.);
#2547=ORIENTED_EDGE('',*,*,#1999,.T.);
#2548=ORIENTED_EDGE('',*,*,#2000,.T.);
#2549=ORIENTED_EDGE('',*,*,#2001,.T.);
#2550=ORIENTED_EDGE('',*,*,#2002,.T.);
#2551=ORIENTED_EDGE('',*,*,#2003,.T.);
#2552=ORIENTED_EDGE('',*,*,#2004,.T.);
#2553=ORIENTED_EDGE('',*,*,#2005,.T.);
#2554=ORIENTED_EDGE('',*,*,#2004,.F.);
#2555=ORIENTED_EDGE('',*,*,#2006,.T.);
#2556=ORIENTED_EDGE('',*,*,#2007,.T.);
#2557=ORIENTED_EDGE('',*,*,#2008,.T.);
#2558=ORIENTED_EDGE('',*,*,#2000,.F.);
#2559=ORIENTED_EDGE('',*,*,#2009,.T.);
#2560=ORIENTED_EDGE('',*,*,#2002,.F.);
#2561=ORIENTED_EDGE('',*,*,#2010,.T.);
#2562=ORIENTED_EDGE('',*,*,#2007,.F.);
#2563=ORIENTED_EDGE('',*,*,#2011,.T.);
#2564=ORIENTED_EDGE('',*,*,#2012,.T.);
#2565=ORIENTED_EDGE('',*,*,#2013,.T.);
#2566=ORIENTED_EDGE('',*,*,#2012,.F.);
#2567=ORIENTED_EDGE('',*,*,#2014,.T.);
#2568=ORIENTED_EDGE('',*,*,#1994,.F.);
#2569=ORIENTED_EDGE('',*,*,#2015,.T.);
#2570=ORIENTED_EDGE('',*,*,#1996,.F.);
#2571=ORIENTED_EDGE('',*,*,#2016,.T.);
#2572=ORIENTED_EDGE('',*,*,#1998,.F.);
#2573=ORIENTED_EDGE('',*,*,#2014,.F.);
#2574=ORIENTED_EDGE('',*,*,#2017,.T.);
#2575=ORIENTED_EDGE('',*,*,#2018,.F.);
#2576=ORIENTED_EDGE('',*,*,#2019,.T.);
#2577=ORIENTED_EDGE('',*,*,#2020,.T.);
#2578=ORIENTED_EDGE('',*,*,#2021,.F.);
#2579=ORIENTED_EDGE('',*,*,#2022,.T.);
#2580=ORIENTED_EDGE('',*,*,#2023,.T.);
#2581=ORIENTED_EDGE('',*,*,#2024,.T.);
#2582=ORIENTED_EDGE('',*,*,#2025,.T.);
#2583=ORIENTED_EDGE('',*,*,#2026,.F.);
#2584=ORIENTED_EDGE('',*,*,#2017,.F.);
#2585=ORIENTED_EDGE('',*,*,#2011,.F.);
#2586=ORIENTED_EDGE('',*,*,#2027,.F.);
#2587=ORIENTED_EDGE('',*,*,#2028,.F.);
#2588=ORIENTED_EDGE('',*,*,#2029,.T.);
#2589=ORIENTED_EDGE('',*,*,#2030,.T.);
#2590=ORIENTED_EDGE('',*,*,#2031,.T.);
#2591=ORIENTED_EDGE('',*,*,#2032,.T.);
#2592=ORIENTED_EDGE('',*,*,#2033,.F.);
#2593=ORIENTED_EDGE('',*,*,#2034,.T.);
#2594=ORIENTED_EDGE('',*,*,#1989,.F.);
#2595=ORIENTED_EDGE('',*,*,#2006,.F.);
#2596=ORIENTED_EDGE('',*,*,#2035,.T.);
#2597=ORIENTED_EDGE('',*,*,#2036,.F.);
#2598=ORIENTED_EDGE('',*,*,#2027,.T.);
#2599=ORIENTED_EDGE('',*,*,#2003,.F.);
#2600=ORIENTED_EDGE('',*,*,#2037,.F.);
#2601=ORIENTED_EDGE('',*,*,#2038,.F.);
#2602=ORIENTED_EDGE('',*,*,#2035,.F.);
#2603=ORIENTED_EDGE('',*,*,#2001,.F.);
#2604=ORIENTED_EDGE('',*,*,#2005,.F.);
#2605=ORIENTED_EDGE('',*,*,#2010,.F.);
#2606=ORIENTED_EDGE('',*,*,#2013,.F.);
#2607=ORIENTED_EDGE('',*,*,#1993,.F.);
#2608=ORIENTED_EDGE('',*,*,#2015,.F.);
#2609=ORIENTED_EDGE('',*,*,#1997,.F.);
#2610=ORIENTED_EDGE('',*,*,#2008,.F.);
#2611=ORIENTED_EDGE('',*,*,#1976,.T.);
#2612=ORIENTED_EDGE('',*,*,#2039,.T.);
#2613=ORIENTED_EDGE('',*,*,#2040,.T.);
#2614=ORIENTED_EDGE('',*,*,#2038,.T.);
#2615=ORIENTED_EDGE('',*,*,#2041,.T.);
#2616=ORIENTED_EDGE('',*,*,#2042,.T.);
#2617=ORIENTED_EDGE('',*,*,#2043,.T.);
#2618=ORIENTED_EDGE('',*,*,#2041,.F.);
#2619=ORIENTED_EDGE('',*,*,#2044,.T.);
#2620=ORIENTED_EDGE('',*,*,#2028,.T.);
#2621=ORIENTED_EDGE('',*,*,#2036,.T.);
#2622=ORIENTED_EDGE('',*,*,#2040,.F.);
#2623=ORIENTED_EDGE('',*,*,#2045,.T.);
#2624=ORIENTED_EDGE('',*,*,#2046,.T.);
#2625=ORIENTED_EDGE('',*,*,#2047,.F.);
#2626=ORIENTED_EDGE('',*,*,#2048,.T.);
#2627=ORIENTED_EDGE('',*,*,#2049,.T.);
#2628=ORIENTED_EDGE('',*,*,#2050,.T.);
#2629=ORIENTED_EDGE('',*,*,#2051,.T.);
#2630=ORIENTED_EDGE('',*,*,#2042,.F.);
#2631=ORIENTED_EDGE('',*,*,#2052,.F.);
#2632=ORIENTED_EDGE('',*,*,#1999,.F.);
#2633=ORIENTED_EDGE('',*,*,#2053,.F.);
#2634=ORIENTED_EDGE('',*,*,#2054,.F.);
#2635=ORIENTED_EDGE('',*,*,#2055,.T.);
#2636=ORIENTED_EDGE('',*,*,#2056,.T.);
#2637=ORIENTED_EDGE('',*,*,#2057,.T.);
#2638=ORIENTED_EDGE('',*,*,#2058,.T.);
#2639=ORIENTED_EDGE('',*,*,#2059,.F.);
#2640=ORIENTED_EDGE('',*,*,#2060,.T.);
#2641=ORIENTED_EDGE('',*,*,#1982,.F.);
#2642=ORIENTED_EDGE('',*,*,#2009,.F.);
#2643=ORIENTED_EDGE('',*,*,#2052,.T.);
#2644=ORIENTED_EDGE('',*,*,#2044,.F.);
#2645=ORIENTED_EDGE('',*,*,#2037,.T.);
#2646=ORIENTED_EDGE('',*,*,#2061,.T.);
#2647=ORIENTED_EDGE('',*,*,#2047,.T.);
#2648=ORIENTED_EDGE('',*,*,#2062,.T.);
#2649=ORIENTED_EDGE('',*,*,#2063,.T.);
#2650=ORIENTED_EDGE('',*,*,#2064,.T.);
#2651=ORIENTED_EDGE('',*,*,#2065,.T.);
#2652=ORIENTED_EDGE('',*,*,#2066,.T.);
#2653=ORIENTED_EDGE('',*,*,#2059,.T.);
#2654=ORIENTED_EDGE('',*,*,#2067,.T.);
#2655=ORIENTED_EDGE('',*,*,#2066,.F.);
#2656=ORIENTED_EDGE('',*,*,#2068,.T.);
#2657=ORIENTED_EDGE('',*,*,#2069,.T.);
#2658=ORIENTED_EDGE('',*,*,#2070,.T.);
#2659=ORIENTED_EDGE('',*,*,#2069,.F.);
#2660=ORIENTED_EDGE('',*,*,#2071,.T.);
#2661=ORIENTED_EDGE('',*,*,#2072,.T.);
#2662=ORIENTED_EDGE('',*,*,#2073,.T.);
#2663=ORIENTED_EDGE('',*,*,#2062,.F.);
#2664=ORIENTED_EDGE('',*,*,#2074,.T.);
#2665=ORIENTED_EDGE('',*,*,#2072,.F.);
#2666=ORIENTED_EDGE('',*,*,#2043,.F.);
#2667=ORIENTED_EDGE('',*,*,#2051,.F.);
#2668=ORIENTED_EDGE('',*,*,#2075,.T.);
#2669=ORIENTED_EDGE('',*,*,#2076,.T.);
#2670=ORIENTED_EDGE('',*,*,#2077,.T.);
#2671=ORIENTED_EDGE('',*,*,#2063,.F.);
#2672=ORIENTED_EDGE('',*,*,#2073,.F.);
#2673=ORIENTED_EDGE('',*,*,#2071,.F.);
#2674=ORIENTED_EDGE('',*,*,#2068,.F.);
#2675=ORIENTED_EDGE('',*,*,#2065,.F.);
#2676=ORIENTED_EDGE('',*,*,#2078,.T.);
#2677=ORIENTED_EDGE('',*,*,#2079,.T.);
#2678=ORIENTED_EDGE('',*,*,#2080,.T.);
#2679=ORIENTED_EDGE('',*,*,#2055,.F.);
#2680=ORIENTED_EDGE('',*,*,#2081,.F.);
#2681=ORIENTED_EDGE('',*,*,#2082,.F.);
#2682=ORIENTED_EDGE('',*,*,#2083,.F.);
#2683=ORIENTED_EDGE('',*,*,#2025,.F.);
#2684=ORIENTED_EDGE('',*,*,#2084,.T.);
#2685=ORIENTED_EDGE('',*,*,#2085,.T.);
#2686=ORIENTED_EDGE('',*,*,#2086,.T.);
#2687=ORIENTED_EDGE('',*,*,#2087,.F.);
#2688=ORIENTED_EDGE('',*,*,#2088,.F.);
#2689=ORIENTED_EDGE('',*,*,#2089,.F.);
#2690=ORIENTED_EDGE('',*,*,#2090,.F.);
#2691=ORIENTED_EDGE('',*,*,#2091,.F.);
#2692=ORIENTED_EDGE('',*,*,#2092,.T.);
#2693=ORIENTED_EDGE('',*,*,#2093,.T.);
#2694=ORIENTED_EDGE('',*,*,#2094,.T.);
#2695=ORIENTED_EDGE('',*,*,#2029,.F.);
#2696=ORIENTED_EDGE('',*,*,#2045,.F.);
#2697=ORIENTED_EDGE('',*,*,#2039,.F.);
#2698=ORIENTED_EDGE('',*,*,#2095,.F.);
#2699=ORIENTED_EDGE('',*,*,#2096,.F.);
#2700=ORIENTED_EDGE('',*,*,#2097,.F.);
#2701=ORIENTED_EDGE('',*,*,#2098,.F.);
#2702=ORIENTED_EDGE('',*,*,#2064,.F.);
#2703=ORIENTED_EDGE('',*,*,#2058,.F.);
#2704=ORIENTED_EDGE('',*,*,#2099,.F.);
#2705=ORIENTED_EDGE('',*,*,#2100,.F.);
#2706=ORIENTED_EDGE('',*,*,#2078,.F.);
#2707=ORIENTED_EDGE('',*,*,#2054,.T.);
#2708=ORIENTED_EDGE('',*,*,#2101,.T.);
#2709=ORIENTED_EDGE('',*,*,#2102,.T.);
#2710=ORIENTED_EDGE('',*,*,#2081,.T.);
#2711=ORIENTED_EDGE('',*,*,#2082,.T.);
#2712=ORIENTED_EDGE('',*,*,#2102,.F.);
#2713=ORIENTED_EDGE('',*,*,#2103,.T.);
#2714=ORIENTED_EDGE('',*,*,#2104,.T.);
#2715=ORIENTED_EDGE('',*,*,#2026,.T.);
#2716=ORIENTED_EDGE('',*,*,#2083,.T.);
#2717=ORIENTED_EDGE('',*,*,#2104,.F.);
#2718=ORIENTED_EDGE('',*,*,#2018,.T.);
#2719=ORIENTED_EDGE('',*,*,#2105,.T.);
#2720=ORIENTED_EDGE('',*,*,#2021,.T.);
#2721=ORIENTED_EDGE('',*,*,#2106,.T.);
#2722=ORIENTED_EDGE('',*,*,#2087,.T.);
#2723=ORIENTED_EDGE('',*,*,#2107,.T.);
#2724=ORIENTED_EDGE('',*,*,#2091,.T.);
#2725=ORIENTED_EDGE('',*,*,#2108,.T.);
#2726=ORIENTED_EDGE('',*,*,#2033,.T.);
#2727=ORIENTED_EDGE('',*,*,#2109,.T.);
#2728=ORIENTED_EDGE('',*,*,#2110,.T.);
#2729=ORIENTED_EDGE('',*,*,#2089,.T.);
#2730=ORIENTED_EDGE('',*,*,#2111,.T.);
#2731=ORIENTED_EDGE('',*,*,#2112,.T.);
#2732=ORIENTED_EDGE('',*,*,#2108,.F.);
#2733=ORIENTED_EDGE('',*,*,#2090,.T.);
#2734=ORIENTED_EDGE('',*,*,#2110,.F.);
#2735=ORIENTED_EDGE('',*,*,#2113,.T.);
#2736=ORIENTED_EDGE('',*,*,#2111,.F.);
#2737=ORIENTED_EDGE('',*,*,#2088,.T.);
#2738=ORIENTED_EDGE('',*,*,#2106,.F.);
#2739=ORIENTED_EDGE('',*,*,#2107,.F.);
#2740=ORIENTED_EDGE('',*,*,#2032,.F.);
#2741=ORIENTED_EDGE('',*,*,#2114,.F.);
#2742=ORIENTED_EDGE('',*,*,#2115,.F.);
#2743=ORIENTED_EDGE('',*,*,#2092,.F.);
#2744=ORIENTED_EDGE('',*,*,#2112,.F.);
#2745=ORIENTED_EDGE('',*,*,#2116,.T.);
#2746=ORIENTED_EDGE('',*,*,#1990,.F.);
#2747=ORIENTED_EDGE('',*,*,#1986,.F.);
#2748=ORIENTED_EDGE('',*,*,#2034,.F.);
#2749=ORIENTED_EDGE('',*,*,#2109,.F.);
#2750=ORIENTED_EDGE('',*,*,#2117,.T.);
#2751=ORIENTED_EDGE('',*,*,#1991,.F.);
#2752=ORIENTED_EDGE('',*,*,#2116,.F.);
#2753=ORIENTED_EDGE('',*,*,#2118,.T.);
#2754=ORIENTED_EDGE('',*,*,#2119,.T.);
#2755=ORIENTED_EDGE('',*,*,#2120,.T.);
#2756=ORIENTED_EDGE('',*,*,#2121,.T.);
#2757=ORIENTED_EDGE('',*,*,#2122,.T.);
#2758=ORIENTED_EDGE('',*,*,#2123,.T.);
#2759=ORIENTED_EDGE('',*,*,#2118,.F.);
#2760=ORIENTED_EDGE('',*,*,#2124,.T.);
#2761=ORIENTED_EDGE('',*,*,#2125,.T.);
#2762=ORIENTED_EDGE('',*,*,#2126,.T.);
#2763=ORIENTED_EDGE('',*,*,#2122,.F.);
#2764=ORIENTED_EDGE('',*,*,#2127,.T.);
#2765=ORIENTED_EDGE('',*,*,#2127,.F.);
#2766=ORIENTED_EDGE('',*,*,#2124,.F.);
#2767=ORIENTED_EDGE('',*,*,#2121,.F.);
#2768=ORIENTED_EDGE('',*,*,#2128,.F.);
#2769=ORIENTED_EDGE('',*,*,#2129,.F.);
#2770=ORIENTED_EDGE('',*,*,#2130,.F.);
#2771=ORIENTED_EDGE('',*,*,#2131,.T.);
#2772=ORIENTED_EDGE('',*,*,#2132,.T.);
#2773=ORIENTED_EDGE('',*,*,#2133,.T.);
#2774=ORIENTED_EDGE('',*,*,#2134,.T.);
#2775=ORIENTED_EDGE('',*,*,#2135,.T.);
#2776=ORIENTED_EDGE('',*,*,#2136,.T.);
#2777=ORIENTED_EDGE('',*,*,#2131,.F.);
#2778=ORIENTED_EDGE('',*,*,#2137,.T.);
#2779=ORIENTED_EDGE('',*,*,#2138,.T.);
#2780=ORIENTED_EDGE('',*,*,#2139,.T.);
#2781=ORIENTED_EDGE('',*,*,#2135,.F.);
#2782=ORIENTED_EDGE('',*,*,#2140,.T.);
#2783=ORIENTED_EDGE('',*,*,#2140,.F.);
#2784=ORIENTED_EDGE('',*,*,#2137,.F.);
#2785=ORIENTED_EDGE('',*,*,#2134,.F.);
#2786=ORIENTED_EDGE('',*,*,#2141,.F.);
#2787=ORIENTED_EDGE('',*,*,#2142,.F.);
#2788=ORIENTED_EDGE('',*,*,#2143,.F.);
#2789=ORIENTED_EDGE('',*,*,#2119,.F.);
#2790=ORIENTED_EDGE('',*,*,#2144,.T.);
#2791=ORIENTED_EDGE('',*,*,#2139,.F.);
#2792=ORIENTED_EDGE('',*,*,#2145,.T.);
#2793=ORIENTED_EDGE('',*,*,#2128,.T.);
#2794=ORIENTED_EDGE('',*,*,#2120,.F.);
#2795=ORIENTED_EDGE('',*,*,#2145,.F.);
#2796=ORIENTED_EDGE('',*,*,#2138,.F.);
#2797=ORIENTED_EDGE('',*,*,#2143,.T.);
#2798=ORIENTED_EDGE('',*,*,#2146,.F.);
#2799=ORIENTED_EDGE('',*,*,#2147,.F.);
#2800=ORIENTED_EDGE('',*,*,#2148,.F.);
#2801=ORIENTED_EDGE('',*,*,#2149,.T.);
#2802=ORIENTED_EDGE('',*,*,#2150,.F.);
#2803=ORIENTED_EDGE('',*,*,#2126,.F.);
#2804=ORIENTED_EDGE('',*,*,#2151,.T.);
#2805=ORIENTED_EDGE('',*,*,#2132,.F.);
#2806=ORIENTED_EDGE('',*,*,#2152,.T.);
#2807=ORIENTED_EDGE('',*,*,#2141,.T.);
#2808=ORIENTED_EDGE('',*,*,#2133,.F.);
#2809=ORIENTED_EDGE('',*,*,#2151,.F.);
#2810=ORIENTED_EDGE('',*,*,#2125,.F.);
#2811=ORIENTED_EDGE('',*,*,#2130,.T.);
#2812=ORIENTED_EDGE('',*,*,#2153,.F.);
#2813=ORIENTED_EDGE('',*,*,#2154,.F.);
#2814=ORIENTED_EDGE('',*,*,#2155,.F.);
#2815=ORIENTED_EDGE('',*,*,#2156,.T.);
#2816=ORIENTED_EDGE('',*,*,#2157,.F.);
#2817=ORIENTED_EDGE('',*,*,#2155,.T.);
#2818=ORIENTED_EDGE('',*,*,#2158,.F.);
#2819=ORIENTED_EDGE('',*,*,#2097,.T.);
#2820=ORIENTED_EDGE('',*,*,#2159,.T.);
#2821=ORIENTED_EDGE('',*,*,#2148,.T.);
#2822=ORIENTED_EDGE('',*,*,#2160,.T.);
#2823=ORIENTED_EDGE('',*,*,#2095,.T.);
#2824=ORIENTED_EDGE('',*,*,#2161,.T.);
#2825=ORIENTED_EDGE('',*,*,#2162,.T.);
#2826=ORIENTED_EDGE('',*,*,#2161,.F.);
#2827=ORIENTED_EDGE('',*,*,#2098,.T.);
#2828=ORIENTED_EDGE('',*,*,#2158,.T.);
#2829=ORIENTED_EDGE('',*,*,#2163,.T.);
#2830=ORIENTED_EDGE('',*,*,#2159,.F.);
#2831=ORIENTED_EDGE('',*,*,#2096,.T.);
#2832=ORIENTED_EDGE('',*,*,#2160,.F.);
#2833=ORIENTED_EDGE('',*,*,#2163,.F.);
#2834=ORIENTED_EDGE('',*,*,#2147,.T.);
#2835=ORIENTED_EDGE('',*,*,#2164,.F.);
#2836=ORIENTED_EDGE('',*,*,#2156,.F.);
#2837=ORIENTED_EDGE('',*,*,#2142,.T.);
#2838=ORIENTED_EDGE('',*,*,#2157,.T.);
#2839=ORIENTED_EDGE('',*,*,#2164,.T.);
#2840=ORIENTED_EDGE('',*,*,#2146,.T.);
#2841=ORIENTED_EDGE('',*,*,#2153,.T.);
#2842=ORIENTED_EDGE('',*,*,#2129,.T.);
#2843=ORIENTED_EDGE('',*,*,#2150,.T.);
#2844=ORIENTED_EDGE('',*,*,#2165,.T.);
#2845=ORIENTED_EDGE('',*,*,#2162,.F.);
#2846=ORIENTED_EDGE('',*,*,#2154,.T.);
#2847=ORIENTED_EDGE('',*,*,#2165,.F.);
#2848=ORIENTED_EDGE('',*,*,#2149,.F.);
#2849=ORIENTED_EDGE('',*,*,#2123,.F.);
#2850=ORIENTED_EDGE('',*,*,#2152,.F.);
#2851=ORIENTED_EDGE('',*,*,#2136,.F.);
#2852=ORIENTED_EDGE('',*,*,#2144,.F.);
#2853=ORIENTED_EDGE('',*,*,#1995,.F.);
#2854=ORIENTED_EDGE('',*,*,#2019,.F.);
#2855=ORIENTED_EDGE('',*,*,#2103,.F.);
#2856=ORIENTED_EDGE('',*,*,#2166,.F.);
#2857=ORIENTED_EDGE('',*,*,#2016,.F.);
#2858=ORIENTED_EDGE('',*,*,#2166,.T.);
#2859=ORIENTED_EDGE('',*,*,#2101,.F.);
#2860=ORIENTED_EDGE('',*,*,#2053,.T.);
#2861=ORIENTED_EDGE('',*,*,#2113,.F.);
#2862=ORIENTED_EDGE('',*,*,#2020,.F.);
#2863=ORIENTED_EDGE('',*,*,#1988,.F.);
#2864=ORIENTED_EDGE('',*,*,#1992,.F.);
#2865=ORIENTED_EDGE('',*,*,#2117,.F.);
#2866=ORIENTED_EDGE('',*,*,#2067,.F.);
#2867=ORIENTED_EDGE('',*,*,#2167,.T.);
#2868=ORIENTED_EDGE('',*,*,#1983,.F.);
#2869=ORIENTED_EDGE('',*,*,#1979,.F.);
#2870=ORIENTED_EDGE('',*,*,#2060,.F.);
#2871=ORIENTED_EDGE('',*,*,#2070,.F.);
#2872=ORIENTED_EDGE('',*,*,#2168,.T.);
#2873=ORIENTED_EDGE('',*,*,#1984,.F.);
#2874=ORIENTED_EDGE('',*,*,#2167,.F.);
#2875=ORIENTED_EDGE('',*,*,#2074,.F.);
#2876=ORIENTED_EDGE('',*,*,#2046,.F.);
#2877=ORIENTED_EDGE('',*,*,#1981,.F.);
#2878=ORIENTED_EDGE('',*,*,#1985,.F.);
#2879=ORIENTED_EDGE('',*,*,#2168,.F.);
#2880=ORIENTED_EDGE('',*,*,#2169,.F.);
#2881=ORIENTED_EDGE('',*,*,#2170,.F.);
#2882=ORIENTED_EDGE('',*,*,#2093,.F.);
#2883=ORIENTED_EDGE('',*,*,#2115,.T.);
#2884=ORIENTED_EDGE('',*,*,#2171,.F.);
#2885=ORIENTED_EDGE('',*,*,#2030,.F.);
#2886=ORIENTED_EDGE('',*,*,#2094,.F.);
#2887=ORIENTED_EDGE('',*,*,#2170,.T.);
#2888=ORIENTED_EDGE('',*,*,#2169,.T.);
#2889=ORIENTED_EDGE('',*,*,#2114,.T.);
#2890=ORIENTED_EDGE('',*,*,#2031,.F.);
#2891=ORIENTED_EDGE('',*,*,#2171,.T.);
#2892=ORIENTED_EDGE('',*,*,#2105,.F.);
#2893=ORIENTED_EDGE('',*,*,#2086,.F.);
#2894=ORIENTED_EDGE('',*,*,#2172,.T.);
#2895=ORIENTED_EDGE('',*,*,#2173,.F.);
#2896=ORIENTED_EDGE('',*,*,#2022,.F.);
#2897=ORIENTED_EDGE('',*,*,#2174,.F.);
#2898=ORIENTED_EDGE('',*,*,#2172,.F.);
#2899=ORIENTED_EDGE('',*,*,#2085,.F.);
#2900=ORIENTED_EDGE('',*,*,#2175,.T.);
#2901=ORIENTED_EDGE('',*,*,#2176,.F.);
#2902=ORIENTED_EDGE('',*,*,#2175,.F.);
#2903=ORIENTED_EDGE('',*,*,#2084,.F.);
#2904=ORIENTED_EDGE('',*,*,#2024,.F.);
#2905=ORIENTED_EDGE('',*,*,#2173,.T.);
#2906=ORIENTED_EDGE('',*,*,#2174,.T.);
#2907=ORIENTED_EDGE('',*,*,#2176,.T.);
#2908=ORIENTED_EDGE('',*,*,#2023,.F.);
#2909=ORIENTED_EDGE('',*,*,#2177,.F.);
#2910=ORIENTED_EDGE('',*,*,#2178,.F.);
#2911=ORIENTED_EDGE('',*,*,#2079,.F.);
#2912=ORIENTED_EDGE('',*,*,#2100,.T.);
#2913=ORIENTED_EDGE('',*,*,#2179,.F.);
#2914=ORIENTED_EDGE('',*,*,#2056,.F.);
#2915=ORIENTED_EDGE('',*,*,#2080,.F.);
#2916=ORIENTED_EDGE('',*,*,#2178,.T.);
#2917=ORIENTED_EDGE('',*,*,#2177,.T.);
#2918=ORIENTED_EDGE('',*,*,#2099,.T.);
#2919=ORIENTED_EDGE('',*,*,#2057,.F.);
#2920=ORIENTED_EDGE('',*,*,#2179,.T.);
#2921=ORIENTED_EDGE('',*,*,#2061,.F.);
#2922=ORIENTED_EDGE('',*,*,#2077,.F.);
#2923=ORIENTED_EDGE('',*,*,#2180,.T.);
#2924=ORIENTED_EDGE('',*,*,#2181,.F.);
#2925=ORIENTED_EDGE('',*,*,#2048,.F.);
#2926=ORIENTED_EDGE('',*,*,#2182,.F.);
#2927=ORIENTED_EDGE('',*,*,#2180,.F.);
#2928=ORIENTED_EDGE('',*,*,#2076,.F.);
#2929=ORIENTED_EDGE('',*,*,#2183,.T.);
#2930=ORIENTED_EDGE('',*,*,#2184,.F.);
#2931=ORIENTED_EDGE('',*,*,#2183,.F.);
#2932=ORIENTED_EDGE('',*,*,#2075,.F.);
#2933=ORIENTED_EDGE('',*,*,#2050,.F.);
#2934=ORIENTED_EDGE('',*,*,#2181,.T.);
#2935=ORIENTED_EDGE('',*,*,#2182,.T.);
#2936=ORIENTED_EDGE('',*,*,#2184,.T.);
#2937=ORIENTED_EDGE('',*,*,#2049,.F.);
#2938=ORIENTED_EDGE('',*,*,#2185,.T.);
#2939=ORIENTED_EDGE('',*,*,#2186,.T.);
#2940=ORIENTED_EDGE('',*,*,#2187,.T.);
#2941=ORIENTED_EDGE('',*,*,#2188,.T.);
#2942=ORIENTED_EDGE('',*,*,#2187,.F.);
#2943=ORIENTED_EDGE('',*,*,#2189,.F.);
#2944=ORIENTED_EDGE('',*,*,#2190,.T.);
#2945=ORIENTED_EDGE('',*,*,#2185,.F.);
#2946=ORIENTED_EDGE('',*,*,#2186,.F.);
#2947=ORIENTED_EDGE('',*,*,#2190,.F.);
#2948=ORIENTED_EDGE('',*,*,#2191,.F.);
#2949=ORIENTED_EDGE('',*,*,#2188,.F.);
#2950=ORIENTED_EDGE('',*,*,#2192,.T.);
#2951=ORIENTED_EDGE('',*,*,#2193,.T.);
#2952=ORIENTED_EDGE('',*,*,#2194,.T.);
#2953=ORIENTED_EDGE('',*,*,#2195,.T.);
#2954=ORIENTED_EDGE('',*,*,#2196,.T.);
#2955=ORIENTED_EDGE('',*,*,#2195,.F.);
#2956=ORIENTED_EDGE('',*,*,#2197,.F.);
#2957=ORIENTED_EDGE('',*,*,#2198,.F.);
#2958=ORIENTED_EDGE('',*,*,#2199,.T.);
#2959=ORIENTED_EDGE('',*,*,#2200,.T.);
#2960=ORIENTED_EDGE('',*,*,#2201,.T.);
#2961=ORIENTED_EDGE('',*,*,#2202,.T.);
#2962=ORIENTED_EDGE('',*,*,#2203,.T.);
#2963=ORIENTED_EDGE('',*,*,#2204,.T.);
#2964=ORIENTED_EDGE('',*,*,#2205,.T.);
#2965=ORIENTED_EDGE('',*,*,#2206,.F.);
#2966=ORIENTED_EDGE('',*,*,#2207,.F.);
#2967=ORIENTED_EDGE('',*,*,#2208,.F.);
#2968=ORIENTED_EDGE('',*,*,#2209,.T.);
#2969=ORIENTED_EDGE('',*,*,#2210,.T.);
#2970=ORIENTED_EDGE('',*,*,#2211,.T.);
#2971=ORIENTED_EDGE('',*,*,#2212,.T.);
#2972=ORIENTED_EDGE('',*,*,#2213,.T.);
#2973=ORIENTED_EDGE('',*,*,#2214,.T.);
#2974=ORIENTED_EDGE('',*,*,#2215,.T.);
#2975=ORIENTED_EDGE('',*,*,#2216,.F.);
#2976=ORIENTED_EDGE('',*,*,#2217,.F.);
#2977=ORIENTED_EDGE('',*,*,#2218,.F.);
#2978=ORIENTED_EDGE('',*,*,#2219,.T.);
#2979=ORIENTED_EDGE('',*,*,#2220,.T.);
#2980=ORIENTED_EDGE('',*,*,#2221,.T.);
#2981=ORIENTED_EDGE('',*,*,#2222,.T.);
#2982=ORIENTED_EDGE('',*,*,#2223,.T.);
#2983=ORIENTED_EDGE('',*,*,#2224,.T.);
#2984=ORIENTED_EDGE('',*,*,#2225,.T.);
#2985=ORIENTED_EDGE('',*,*,#2226,.F.);
#2986=ORIENTED_EDGE('',*,*,#2227,.F.);
#2987=ORIENTED_EDGE('',*,*,#2228,.F.);
#2988=ORIENTED_EDGE('',*,*,#2229,.T.);
#2989=ORIENTED_EDGE('',*,*,#2230,.T.);
#2990=ORIENTED_EDGE('',*,*,#2231,.T.);
#2991=ORIENTED_EDGE('',*,*,#2232,.T.);
#2992=ORIENTED_EDGE('',*,*,#2233,.T.);
#2993=ORIENTED_EDGE('',*,*,#2234,.T.);
#2994=ORIENTED_EDGE('',*,*,#2235,.T.);
#2995=ORIENTED_EDGE('',*,*,#2236,.F.);
#2996=ORIENTED_EDGE('',*,*,#2196,.F.);
#2997=ORIENTED_EDGE('',*,*,#2237,.T.);
#2998=ORIENTED_EDGE('',*,*,#2238,.T.);
#2999=ORIENTED_EDGE('',*,*,#2239,.T.);
#3000=ORIENTED_EDGE('',*,*,#2240,.T.);
#3001=ORIENTED_EDGE('',*,*,#2238,.F.);
#3002=ORIENTED_EDGE('',*,*,#2241,.T.);
#3003=ORIENTED_EDGE('',*,*,#2242,.T.);
#3004=ORIENTED_EDGE('',*,*,#2243,.T.);
#3005=ORIENTED_EDGE('',*,*,#2241,.F.);
#3006=ORIENTED_EDGE('',*,*,#2237,.F.);
#3007=ORIENTED_EDGE('',*,*,#2243,.F.);
#3008=ORIENTED_EDGE('',*,*,#2239,.F.);
#3009=ORIENTED_EDGE('',*,*,#2240,.F.);
#3010=ORIENTED_EDGE('',*,*,#2244,.T.);
#3011=ORIENTED_EDGE('',*,*,#2245,.F.);
#3012=ORIENTED_EDGE('',*,*,#2244,.F.);
#3013=ORIENTED_EDGE('',*,*,#2189,.T.);
#3014=ORIENTED_EDGE('',*,*,#2246,.T.);
#3015=ORIENTED_EDGE('',*,*,#2247,.T.);
#3016=ORIENTED_EDGE('',*,*,#2246,.F.);
#3017=ORIENTED_EDGE('',*,*,#2191,.T.);
#3018=ORIENTED_EDGE('',*,*,#2248,.F.);
#3019=ORIENTED_EDGE('',*,*,#2249,.F.);
#3020=ORIENTED_EDGE('',*,*,#2250,.T.);
#3021=ORIENTED_EDGE('',*,*,#2251,.T.);
#3022=ORIENTED_EDGE('',*,*,#2252,.T.);
#3023=ORIENTED_EDGE('',*,*,#2253,.T.);
#3024=ORIENTED_EDGE('',*,*,#2254,.T.);
#3025=ORIENTED_EDGE('',*,*,#2255,.T.);
#3026=ORIENTED_EDGE('',*,*,#2256,.T.);
#3027=ORIENTED_EDGE('',*,*,#2257,.F.);
#3028=ORIENTED_EDGE('',*,*,#2258,.F.);
#3029=ORIENTED_EDGE('',*,*,#2259,.F.);
#3030=ORIENTED_EDGE('',*,*,#2260,.T.);
#3031=ORIENTED_EDGE('',*,*,#2261,.T.);
#3032=ORIENTED_EDGE('',*,*,#2262,.T.);
#3033=ORIENTED_EDGE('',*,*,#2263,.T.);
#3034=ORIENTED_EDGE('',*,*,#2264,.T.);
#3035=ORIENTED_EDGE('',*,*,#2265,.T.);
#3036=ORIENTED_EDGE('',*,*,#2266,.T.);
#3037=ORIENTED_EDGE('',*,*,#2267,.F.);
#3038=ORIENTED_EDGE('',*,*,#2268,.F.);
#3039=ORIENTED_EDGE('',*,*,#2269,.F.);
#3040=ORIENTED_EDGE('',*,*,#2270,.T.);
#3041=ORIENTED_EDGE('',*,*,#2271,.T.);
#3042=ORIENTED_EDGE('',*,*,#2272,.T.);
#3043=ORIENTED_EDGE('',*,*,#2273,.T.);
#3044=ORIENTED_EDGE('',*,*,#2274,.T.);
#3045=ORIENTED_EDGE('',*,*,#2275,.T.);
#3046=ORIENTED_EDGE('',*,*,#2276,.T.);
#3047=ORIENTED_EDGE('',*,*,#2277,.F.);
#3048=ORIENTED_EDGE('',*,*,#2278,.F.);
#3049=ORIENTED_EDGE('',*,*,#2279,.F.);
#3050=ORIENTED_EDGE('',*,*,#2280,.T.);
#3051=ORIENTED_EDGE('',*,*,#2281,.T.);
#3052=ORIENTED_EDGE('',*,*,#2282,.T.);
#3053=ORIENTED_EDGE('',*,*,#2283,.T.);
#3054=ORIENTED_EDGE('',*,*,#2284,.T.);
#3055=ORIENTED_EDGE('',*,*,#2285,.T.);
#3056=ORIENTED_EDGE('',*,*,#2286,.T.);
#3057=ORIENTED_EDGE('',*,*,#2287,.F.);
#3058=ORIENTED_EDGE('',*,*,#2247,.F.);
#3059=ORIENTED_EDGE('',*,*,#2242,.F.);
#3060=ORIENTED_EDGE('',*,*,#2288,.T.);
#3061=ORIENTED_EDGE('',*,*,#2193,.F.);
#3062=ORIENTED_EDGE('',*,*,#2194,.F.);
#3063=ORIENTED_EDGE('',*,*,#2288,.F.);
#3064=ORIENTED_EDGE('',*,*,#2245,.T.);
#3065=ORIENTED_EDGE('',*,*,#2289,.T.);
#3066=ORIENTED_EDGE('',*,*,#2192,.F.);
#3067=ORIENTED_EDGE('',*,*,#2289,.F.);
#3068=ORIENTED_EDGE('',*,*,#2248,.T.);
#3069=ORIENTED_EDGE('',*,*,#2290,.T.);
#3070=ORIENTED_EDGE('',*,*,#2197,.T.);
#3071=ORIENTED_EDGE('',*,*,#2291,.T.);
#3072=ORIENTED_EDGE('',*,*,#2291,.F.);
#3073=ORIENTED_EDGE('',*,*,#2236,.T.);
#3074=ORIENTED_EDGE('',*,*,#2292,.T.);
#3075=ORIENTED_EDGE('',*,*,#2249,.T.);
#3076=ORIENTED_EDGE('',*,*,#2278,.T.);
#3077=ORIENTED_EDGE('',*,*,#2293,.T.);
#3078=ORIENTED_EDGE('',*,*,#2207,.T.);
#3079=ORIENTED_EDGE('',*,*,#2294,.T.);
#3080=ORIENTED_EDGE('',*,*,#2293,.F.);
#3081=ORIENTED_EDGE('',*,*,#2277,.T.);
#3082=ORIENTED_EDGE('',*,*,#2295,.T.);
#3083=ORIENTED_EDGE('',*,*,#2208,.T.);
#3084=ORIENTED_EDGE('',*,*,#2268,.T.);
#3085=ORIENTED_EDGE('',*,*,#2296,.T.);
#3086=ORIENTED_EDGE('',*,*,#2217,.T.);
#3087=ORIENTED_EDGE('',*,*,#2297,.T.);
#3088=ORIENTED_EDGE('',*,*,#2297,.F.);
#3089=ORIENTED_EDGE('',*,*,#2216,.T.);
#3090=ORIENTED_EDGE('',*,*,#2298,.T.);
#3091=ORIENTED_EDGE('',*,*,#2269,.T.);
#3092=ORIENTED_EDGE('',*,*,#2258,.T.);
#3093=ORIENTED_EDGE('',*,*,#2299,.T.);
#3094=ORIENTED_EDGE('',*,*,#2227,.T.);
#3095=ORIENTED_EDGE('',*,*,#2300,.T.);
#3096=ORIENTED_EDGE('',*,*,#2300,.F.);
#3097=ORIENTED_EDGE('',*,*,#2226,.T.);
#3098=ORIENTED_EDGE('',*,*,#2301,.T.);
#3099=ORIENTED_EDGE('',*,*,#2259,.T.);
#3100=ORIENTED_EDGE('',*,*,#2302,.T.);
#3101=ORIENTED_EDGE('',*,*,#2303,.T.);
#3102=ORIENTED_EDGE('',*,*,#2304,.T.);
#3103=ORIENTED_EDGE('',*,*,#2305,.T.);
#3104=ORIENTED_EDGE('',*,*,#2305,.F.);
#3105=ORIENTED_EDGE('',*,*,#2306,.F.);
#3106=ORIENTED_EDGE('',*,*,#2307,.F.);
#3107=ORIENTED_EDGE('',*,*,#2308,.T.);
#3108=ORIENTED_EDGE('',*,*,#2304,.F.);
#3109=ORIENTED_EDGE('',*,*,#2309,.F.);
#3110=ORIENTED_EDGE('',*,*,#2310,.T.);
#3111=ORIENTED_EDGE('',*,*,#2311,.T.);
#3112=ORIENTED_EDGE('',*,*,#2312,.F.);
#3113=ORIENTED_EDGE('',*,*,#2306,.T.);
#3114=ORIENTED_EDGE('',*,*,#2313,.T.);
#3115=ORIENTED_EDGE('',*,*,#2307,.T.);
#3116=ORIENTED_EDGE('',*,*,#2312,.T.);
#3117=ORIENTED_EDGE('',*,*,#2314,.T.);
#3118=ORIENTED_EDGE('',*,*,#2314,.F.);
#3119=ORIENTED_EDGE('',*,*,#2311,.F.);
#3120=ORIENTED_EDGE('',*,*,#2315,.T.);
#3121=ORIENTED_EDGE('',*,*,#2316,.T.);
#3122=ORIENTED_EDGE('',*,*,#2317,.T.);
#3123=ORIENTED_EDGE('',*,*,#2318,.T.);
#3124=ORIENTED_EDGE('',*,*,#2319,.T.);
#3125=ORIENTED_EDGE('',*,*,#2320,.T.);
#3126=ORIENTED_EDGE('',*,*,#2320,.F.);
#3127=ORIENTED_EDGE('',*,*,#2321,.F.);
#3128=ORIENTED_EDGE('',*,*,#2322,.F.);
#3129=ORIENTED_EDGE('',*,*,#2323,.T.);
#3130=ORIENTED_EDGE('',*,*,#2319,.F.);
#3131=ORIENTED_EDGE('',*,*,#2324,.F.);
#3132=ORIENTED_EDGE('',*,*,#2325,.T.);
#3133=ORIENTED_EDGE('',*,*,#2326,.T.);
#3134=ORIENTED_EDGE('',*,*,#2327,.F.);
#3135=ORIENTED_EDGE('',*,*,#2321,.T.);
#3136=ORIENTED_EDGE('',*,*,#2328,.T.);
#3137=ORIENTED_EDGE('',*,*,#2322,.T.);
#3138=ORIENTED_EDGE('',*,*,#2327,.T.);
#3139=ORIENTED_EDGE('',*,*,#2329,.T.);
#3140=ORIENTED_EDGE('',*,*,#2329,.F.);
#3141=ORIENTED_EDGE('',*,*,#2326,.F.);
#3142=ORIENTED_EDGE('',*,*,#2330,.T.);
#3143=ORIENTED_EDGE('',*,*,#2331,.T.);
#3144=ORIENTED_EDGE('',*,*,#2332,.T.);
#3145=ORIENTED_EDGE('',*,*,#2333,.T.);
#3146=ORIENTED_EDGE('',*,*,#2334,.T.);
#3147=ORIENTED_EDGE('',*,*,#2335,.T.);
#3148=ORIENTED_EDGE('',*,*,#2335,.F.);
#3149=ORIENTED_EDGE('',*,*,#2336,.F.);
#3150=ORIENTED_EDGE('',*,*,#2337,.F.);
#3151=ORIENTED_EDGE('',*,*,#2338,.F.);
#3152=ORIENTED_EDGE('',*,*,#2334,.F.);
#3153=ORIENTED_EDGE('',*,*,#2339,.F.);
#3154=ORIENTED_EDGE('',*,*,#2340,.T.);
#3155=ORIENTED_EDGE('',*,*,#2341,.F.);
#3156=ORIENTED_EDGE('',*,*,#2342,.F.);
#3157=ORIENTED_EDGE('',*,*,#2343,.T.);
#3158=ORIENTED_EDGE('',*,*,#2344,.F.);
#3159=ORIENTED_EDGE('',*,*,#2345,.F.);
#3160=ORIENTED_EDGE('',*,*,#2346,.F.);
#3161=ORIENTED_EDGE('',*,*,#2336,.T.);
#3162=ORIENTED_EDGE('',*,*,#2342,.T.);
#3163=ORIENTED_EDGE('',*,*,#2347,.T.);
#3164=ORIENTED_EDGE('',*,*,#2348,.T.);
#3165=ORIENTED_EDGE('',*,*,#2349,.T.);
#3166=ORIENTED_EDGE('',*,*,#2349,.F.);
#3167=ORIENTED_EDGE('',*,*,#2350,.F.);
#3168=ORIENTED_EDGE('',*,*,#2351,.F.);
#3169=ORIENTED_EDGE('',*,*,#2343,.F.);
#3170=ORIENTED_EDGE('',*,*,#2352,.T.);
#3171=ORIENTED_EDGE('',*,*,#2353,.T.);
#3172=ORIENTED_EDGE('',*,*,#2354,.T.);
#3173=ORIENTED_EDGE('',*,*,#2355,.T.);
#3174=ORIENTED_EDGE('',*,*,#2355,.F.);
#3175=ORIENTED_EDGE('',*,*,#2356,.F.);
#3176=ORIENTED_EDGE('',*,*,#2357,.F.);
#3177=ORIENTED_EDGE('',*,*,#2358,.F.);
#3178=ORIENTED_EDGE('',*,*,#2354,.F.);
#3179=ORIENTED_EDGE('',*,*,#2359,.F.);
#3180=ORIENTED_EDGE('',*,*,#2360,.T.);
#3181=ORIENTED_EDGE('',*,*,#2361,.F.);
#3182=ORIENTED_EDGE('',*,*,#2362,.F.);
#3183=ORIENTED_EDGE('',*,*,#2363,.T.);
#3184=ORIENTED_EDGE('',*,*,#2364,.F.);
#3185=ORIENTED_EDGE('',*,*,#2365,.F.);
#3186=ORIENTED_EDGE('',*,*,#2366,.F.);
#3187=ORIENTED_EDGE('',*,*,#2356,.T.);
#3188=ORIENTED_EDGE('',*,*,#2362,.T.);
#3189=ORIENTED_EDGE('',*,*,#2367,.T.);
#3190=ORIENTED_EDGE('',*,*,#2368,.T.);
#3191=ORIENTED_EDGE('',*,*,#2369,.T.);
#3192=ORIENTED_EDGE('',*,*,#2369,.F.);
#3193=ORIENTED_EDGE('',*,*,#2370,.F.);
#3194=ORIENTED_EDGE('',*,*,#2371,.F.);
#3195=ORIENTED_EDGE('',*,*,#2363,.F.);
#3196=ORIENTED_EDGE('',*,*,#2372,.T.);
#3197=ORIENTED_EDGE('',*,*,#2373,.F.);
#3198=ORIENTED_EDGE('',*,*,#2344,.T.);
#3199=ORIENTED_EDGE('',*,*,#2351,.T.);
#3200=ORIENTED_EDGE('',*,*,#2374,.T.);
#3201=ORIENTED_EDGE('',*,*,#2337,.T.);
#3202=ORIENTED_EDGE('',*,*,#2346,.T.);
#3203=ORIENTED_EDGE('',*,*,#2375,.F.);
#3204=ORIENTED_EDGE('',*,*,#2366,.T.);
#3205=ORIENTED_EDGE('',*,*,#2376,.F.);
#3206=ORIENTED_EDGE('',*,*,#2377,.T.);
#3207=ORIENTED_EDGE('',*,*,#2357,.T.);
#3208=ORIENTED_EDGE('',*,*,#2364,.T.);
#3209=ORIENTED_EDGE('',*,*,#2371,.T.);
#3210=ORIENTED_EDGE('',*,*,#2378,.T.);
#3211=ORIENTED_EDGE('',*,*,#2379,.F.);
#3212=ORIENTED_EDGE('',*,*,#2380,.F.);
#3213=ORIENTED_EDGE('',*,*,#2381,.F.);
#3214=ORIENTED_EDGE('',*,*,#2382,.F.);
#3215=ORIENTED_EDGE('',*,*,#2383,.F.);
#3216=ORIENTED_EDGE('',*,*,#2303,.F.);
#3217=ORIENTED_EDGE('',*,*,#2384,.T.);
#3218=ORIENTED_EDGE('',*,*,#2385,.F.);
#3219=ORIENTED_EDGE('',*,*,#2309,.T.);
#3220=ORIENTED_EDGE('',*,*,#2383,.T.);
#3221=ORIENTED_EDGE('',*,*,#2386,.F.);
#3222=ORIENTED_EDGE('',*,*,#2387,.T.);
#3223=ORIENTED_EDGE('',*,*,#2385,.T.);
#3224=ORIENTED_EDGE('',*,*,#2381,.T.);
#3225=ORIENTED_EDGE('',*,*,#2315,.F.);
#3226=ORIENTED_EDGE('',*,*,#2388,.F.);
#3227=ORIENTED_EDGE('',*,*,#2389,.F.);
#3228=ORIENTED_EDGE('',*,*,#2302,.F.);
#3229=ORIENTED_EDGE('',*,*,#2308,.F.);
#3230=ORIENTED_EDGE('',*,*,#2313,.F.);
#3231=ORIENTED_EDGE('',*,*,#2316,.F.);
#3232=ORIENTED_EDGE('',*,*,#2380,.T.);
#3233=ORIENTED_EDGE('',*,*,#2384,.F.);
#3234=ORIENTED_EDGE('',*,*,#2310,.F.);
#3235=ORIENTED_EDGE('',*,*,#2387,.F.);
#3236=ORIENTED_EDGE('',*,*,#2390,.F.);
#3237=ORIENTED_EDGE('',*,*,#2388,.T.);
#3238=ORIENTED_EDGE('',*,*,#2391,.F.);
#3239=ORIENTED_EDGE('',*,*,#2392,.F.);
#3240=ORIENTED_EDGE('',*,*,#2393,.F.);
#3241=ORIENTED_EDGE('',*,*,#2394,.F.);
#3242=ORIENTED_EDGE('',*,*,#2318,.F.);
#3243=ORIENTED_EDGE('',*,*,#2395,.T.);
#3244=ORIENTED_EDGE('',*,*,#2396,.F.);
#3245=ORIENTED_EDGE('',*,*,#2324,.T.);
#3246=ORIENTED_EDGE('',*,*,#2394,.T.);
#3247=ORIENTED_EDGE('',*,*,#2397,.F.);
#3248=ORIENTED_EDGE('',*,*,#2398,.T.);
#3249=ORIENTED_EDGE('',*,*,#2396,.T.);
#3250=ORIENTED_EDGE('',*,*,#2392,.T.);
#3251=ORIENTED_EDGE('',*,*,#2330,.F.);
#3252=ORIENTED_EDGE('',*,*,#2399,.F.);
#3253=ORIENTED_EDGE('',*,*,#2400,.F.);
#3254=ORIENTED_EDGE('',*,*,#2317,.F.);
#3255=ORIENTED_EDGE('',*,*,#2323,.F.);
#3256=ORIENTED_EDGE('',*,*,#2328,.F.);
#3257=ORIENTED_EDGE('',*,*,#2331,.F.);
#3258=ORIENTED_EDGE('',*,*,#2391,.T.);
#3259=ORIENTED_EDGE('',*,*,#2395,.F.);
#3260=ORIENTED_EDGE('',*,*,#2325,.F.);
#3261=ORIENTED_EDGE('',*,*,#2398,.F.);
#3262=ORIENTED_EDGE('',*,*,#2401,.F.);
#3263=ORIENTED_EDGE('',*,*,#2399,.T.);
#3264=ORIENTED_EDGE('',*,*,#2401,.T.);
#3265=ORIENTED_EDGE('',*,*,#2402,.F.);
#3266=ORIENTED_EDGE('',*,*,#2403,.T.);
#3267=ORIENTED_EDGE('',*,*,#2404,.T.);
#3268=ORIENTED_EDGE('',*,*,#2405,.F.);
#3269=ORIENTED_EDGE('',*,*,#2406,.F.);
#3270=ORIENTED_EDGE('',*,*,#2386,.T.);
#3271=ORIENTED_EDGE('',*,*,#2407,.T.);
#3272=ORIENTED_EDGE('',*,*,#2408,.T.);
#3273=ORIENTED_EDGE('',*,*,#2409,.T.);
#3274=ORIENTED_EDGE('',*,*,#2382,.T.);
#3275=ORIENTED_EDGE('',*,*,#2410,.F.);
#3276=ORIENTED_EDGE('',*,*,#2411,.F.);
#3277=ORIENTED_EDGE('',*,*,#2412,.T.);
#3278=ORIENTED_EDGE('',*,*,#2413,.F.);
#3279=ORIENTED_EDGE('',*,*,#2407,.F.);
#3280=ORIENTED_EDGE('',*,*,#2397,.T.);
#3281=ORIENTED_EDGE('',*,*,#2414,.T.);
#3282=ORIENTED_EDGE('',*,*,#2415,.T.);
#3283=ORIENTED_EDGE('',*,*,#2402,.T.);
#3284=ORIENTED_EDGE('',*,*,#2400,.T.);
#3285=ORIENTED_EDGE('',*,*,#2406,.T.);
#3286=ORIENTED_EDGE('',*,*,#2416,.T.);
#3287=ORIENTED_EDGE('',*,*,#2417,.T.);
#3288=ORIENTED_EDGE('',*,*,#2416,.F.);
#3289=ORIENTED_EDGE('',*,*,#2405,.T.);
#3290=ORIENTED_EDGE('',*,*,#2418,.T.);
#3291=ORIENTED_EDGE('',*,*,#2419,.T.);
#3292=ORIENTED_EDGE('',*,*,#2389,.T.);
#3293=ORIENTED_EDGE('',*,*,#2420,.T.);
#3294=ORIENTED_EDGE('',*,*,#2421,.T.);
#3295=ORIENTED_EDGE('',*,*,#2410,.T.);
#3296=ORIENTED_EDGE('',*,*,#2421,.F.);
#3297=ORIENTED_EDGE('',*,*,#2422,.T.);
#3298=ORIENTED_EDGE('',*,*,#2423,.T.);
#3299=ORIENTED_EDGE('',*,*,#2411,.T.);
#3300=ORIENTED_EDGE('',*,*,#2390,.T.);
#3301=ORIENTED_EDGE('',*,*,#2409,.F.);
#3302=ORIENTED_EDGE('',*,*,#2424,.T.);
#3303=ORIENTED_EDGE('',*,*,#2425,.T.);
#3304=ORIENTED_EDGE('',*,*,#2422,.F.);
#3305=ORIENTED_EDGE('',*,*,#2420,.F.);
#3306=ORIENTED_EDGE('',*,*,#2408,.F.);
#3307=ORIENTED_EDGE('',*,*,#2413,.T.);
#3308=ORIENTED_EDGE('',*,*,#2426,.T.);
#3309=ORIENTED_EDGE('',*,*,#2424,.F.);
#3310=ORIENTED_EDGE('',*,*,#2427,.F.);
#3311=ORIENTED_EDGE('',*,*,#2428,.F.);
#3312=ORIENTED_EDGE('',*,*,#2253,.F.);
#3313=ORIENTED_EDGE('',*,*,#2429,.F.);
#3314=ORIENTED_EDGE('',*,*,#2415,.F.);
#3315=ORIENTED_EDGE('',*,*,#2430,.T.);
#3316=ORIENTED_EDGE('',*,*,#2431,.T.);
#3317=ORIENTED_EDGE('',*,*,#2403,.F.);
#3318=ORIENTED_EDGE('',*,*,#2418,.F.);
#3319=ORIENTED_EDGE('',*,*,#2432,.T.);
#3320=ORIENTED_EDGE('',*,*,#2433,.T.);
#3321=ORIENTED_EDGE('',*,*,#2428,.T.);
#3322=ORIENTED_EDGE('',*,*,#2431,.F.);
#3323=ORIENTED_EDGE('',*,*,#2429,.T.);
#3324=ORIENTED_EDGE('',*,*,#2434,.F.);
#3325=ORIENTED_EDGE('',*,*,#2435,.F.);
#3326=ORIENTED_EDGE('',*,*,#2393,.T.);
#3327=ORIENTED_EDGE('',*,*,#2417,.F.);
#3328=ORIENTED_EDGE('',*,*,#2419,.F.);
#3329=ORIENTED_EDGE('',*,*,#2427,.T.);
#3330=ORIENTED_EDGE('',*,*,#2430,.F.);
#3331=ORIENTED_EDGE('',*,*,#2414,.F.);
#3332=ORIENTED_EDGE('',*,*,#2404,.F.);
#3333=ORIENTED_EDGE('',*,*,#2435,.T.);
#3334=ORIENTED_EDGE('',*,*,#2232,.F.);
#3335=ORIENTED_EDGE('',*,*,#2432,.F.);
#3336=ORIENTED_EDGE('',*,*,#2412,.F.);
#3337=ORIENTED_EDGE('',*,*,#2436,.F.);
#3338=ORIENTED_EDGE('',*,*,#2273,.F.);
#3339=ORIENTED_EDGE('',*,*,#2437,.F.);
#3340=ORIENTED_EDGE('',*,*,#2423,.F.);
#3341=ORIENTED_EDGE('',*,*,#2438,.T.);
#3342=ORIENTED_EDGE('',*,*,#2439,.T.);
#3343=ORIENTED_EDGE('',*,*,#2436,.T.);
#3344=ORIENTED_EDGE('',*,*,#2426,.F.);
#3345=ORIENTED_EDGE('',*,*,#2437,.T.);
#3346=ORIENTED_EDGE('',*,*,#2440,.F.);
#3347=ORIENTED_EDGE('',*,*,#2441,.F.);
#3348=ORIENTED_EDGE('',*,*,#2425,.F.);
#3349=ORIENTED_EDGE('',*,*,#2441,.T.);
#3350=ORIENTED_EDGE('',*,*,#2212,.F.);
#3351=ORIENTED_EDGE('',*,*,#2438,.F.);
#3352=ORIENTED_EDGE('',*,*,#2440,.T.);
#3353=ORIENTED_EDGE('',*,*,#2272,.F.);
#3354=ORIENTED_EDGE('',*,*,#2442,.F.);
#3355=ORIENTED_EDGE('',*,*,#2213,.F.);
#3356=ORIENTED_EDGE('',*,*,#2270,.F.);
#3357=ORIENTED_EDGE('',*,*,#2298,.F.);
#3358=ORIENTED_EDGE('',*,*,#2215,.F.);
#3359=ORIENTED_EDGE('',*,*,#2443,.T.);
#3360=ORIENTED_EDGE('',*,*,#2271,.F.);
#3361=ORIENTED_EDGE('',*,*,#2443,.F.);
#3362=ORIENTED_EDGE('',*,*,#2214,.F.);
#3363=ORIENTED_EDGE('',*,*,#2442,.T.);
#3364=ORIENTED_EDGE('',*,*,#2276,.F.);
#3365=ORIENTED_EDGE('',*,*,#2444,.F.);
#3366=ORIENTED_EDGE('',*,*,#2209,.F.);
#3367=ORIENTED_EDGE('',*,*,#2295,.F.);
#3368=ORIENTED_EDGE('',*,*,#2439,.F.);
#3369=ORIENTED_EDGE('',*,*,#2211,.F.);
#3370=ORIENTED_EDGE('',*,*,#2445,.T.);
#3371=ORIENTED_EDGE('',*,*,#2274,.F.);
#3372=ORIENTED_EDGE('',*,*,#2275,.F.);
#3373=ORIENTED_EDGE('',*,*,#2445,.F.);
#3374=ORIENTED_EDGE('',*,*,#2210,.F.);
#3375=ORIENTED_EDGE('',*,*,#2444,.T.);
#3376=ORIENTED_EDGE('',*,*,#2434,.T.);
#3377=ORIENTED_EDGE('',*,*,#2252,.F.);
#3378=ORIENTED_EDGE('',*,*,#2446,.F.);
#3379=ORIENTED_EDGE('',*,*,#2233,.F.);
#3380=ORIENTED_EDGE('',*,*,#2250,.F.);
#3381=ORIENTED_EDGE('',*,*,#2292,.F.);
#3382=ORIENTED_EDGE('',*,*,#2235,.F.);
#3383=ORIENTED_EDGE('',*,*,#2447,.T.);
#3384=ORIENTED_EDGE('',*,*,#2251,.F.);
#3385=ORIENTED_EDGE('',*,*,#2447,.F.);
#3386=ORIENTED_EDGE('',*,*,#2234,.F.);
#3387=ORIENTED_EDGE('',*,*,#2446,.T.);
#3388=ORIENTED_EDGE('',*,*,#2256,.F.);
#3389=ORIENTED_EDGE('',*,*,#2448,.F.);
#3390=ORIENTED_EDGE('',*,*,#2229,.F.);
#3391=ORIENTED_EDGE('',*,*,#2449,.F.);
#3392=ORIENTED_EDGE('',*,*,#2433,.F.);
#3393=ORIENTED_EDGE('',*,*,#2231,.F.);
#3394=ORIENTED_EDGE('',*,*,#2450,.T.);
#3395=ORIENTED_EDGE('',*,*,#2254,.F.);
#3396=ORIENTED_EDGE('',*,*,#2255,.F.);
#3397=ORIENTED_EDGE('',*,*,#2450,.F.);
#3398=ORIENTED_EDGE('',*,*,#2230,.F.);
#3399=ORIENTED_EDGE('',*,*,#2448,.T.);
#3400=ORIENTED_EDGE('',*,*,#2299,.F.);
#3401=ORIENTED_EDGE('',*,*,#2257,.T.);
#3402=ORIENTED_EDGE('',*,*,#2449,.T.);
#3403=ORIENTED_EDGE('',*,*,#2228,.T.);
#3404=ORIENTED_EDGE('',*,*,#2353,.F.);
#3405=ORIENTED_EDGE('',*,*,#2451,.T.);
#3406=ORIENTED_EDGE('',*,*,#2452,.T.);
#3407=ORIENTED_EDGE('',*,*,#2359,.T.);
#3408=ORIENTED_EDGE('',*,*,#2333,.F.);
#3409=ORIENTED_EDGE('',*,*,#2453,.T.);
#3410=ORIENTED_EDGE('',*,*,#2454,.T.);
#3411=ORIENTED_EDGE('',*,*,#2339,.T.);
#3412=ORIENTED_EDGE('',*,*,#2332,.F.);
#3413=ORIENTED_EDGE('',*,*,#2338,.T.);
#3414=ORIENTED_EDGE('',*,*,#2374,.F.);
#3415=ORIENTED_EDGE('',*,*,#2455,.T.);
#3416=ORIENTED_EDGE('',*,*,#2372,.F.);
#3417=ORIENTED_EDGE('',*,*,#2350,.T.);
#3418=ORIENTED_EDGE('',*,*,#2348,.F.);
#3419=ORIENTED_EDGE('',*,*,#2456,.T.);
#3420=ORIENTED_EDGE('',*,*,#2457,.T.);
#3421=ORIENTED_EDGE('',*,*,#2453,.F.);
#3422=ORIENTED_EDGE('',*,*,#2373,.T.);
#3423=ORIENTED_EDGE('',*,*,#2455,.F.);
#3424=ORIENTED_EDGE('',*,*,#2375,.T.);
#3425=ORIENTED_EDGE('',*,*,#2345,.T.);
#3426=ORIENTED_EDGE('',*,*,#2340,.F.);
#3427=ORIENTED_EDGE('',*,*,#2458,.F.);
#3428=ORIENTED_EDGE('',*,*,#2283,.F.);
#3429=ORIENTED_EDGE('',*,*,#2459,.F.);
#3430=ORIENTED_EDGE('',*,*,#2347,.F.);
#3431=ORIENTED_EDGE('',*,*,#2341,.T.);
#3432=ORIENTED_EDGE('',*,*,#2460,.T.);
#3433=ORIENTED_EDGE('',*,*,#2456,.F.);
#3434=ORIENTED_EDGE('',*,*,#2454,.F.);
#3435=ORIENTED_EDGE('',*,*,#2461,.T.);
#3436=ORIENTED_EDGE('',*,*,#2462,.T.);
#3437=ORIENTED_EDGE('',*,*,#2458,.T.);
#3438=ORIENTED_EDGE('',*,*,#2460,.F.);
#3439=ORIENTED_EDGE('',*,*,#2459,.T.);
#3440=ORIENTED_EDGE('',*,*,#2463,.F.);
#3441=ORIENTED_EDGE('',*,*,#2464,.F.);
#3442=ORIENTED_EDGE('',*,*,#2457,.F.);
#3443=ORIENTED_EDGE('',*,*,#2464,.T.);
#3444=ORIENTED_EDGE('',*,*,#2202,.F.);
#3445=ORIENTED_EDGE('',*,*,#2461,.F.);
#3446=ORIENTED_EDGE('',*,*,#2360,.F.);
#3447=ORIENTED_EDGE('',*,*,#2465,.F.);
#3448=ORIENTED_EDGE('',*,*,#2263,.F.);
#3449=ORIENTED_EDGE('',*,*,#2466,.F.);
#3450=ORIENTED_EDGE('',*,*,#2367,.F.);
#3451=ORIENTED_EDGE('',*,*,#2361,.T.);
#3452=ORIENTED_EDGE('',*,*,#2467,.T.);
#3453=ORIENTED_EDGE('',*,*,#2468,.F.);
#3454=ORIENTED_EDGE('',*,*,#2352,.F.);
#3455=ORIENTED_EDGE('',*,*,#2358,.T.);
#3456=ORIENTED_EDGE('',*,*,#2377,.F.);
#3457=ORIENTED_EDGE('',*,*,#2469,.T.);
#3458=ORIENTED_EDGE('',*,*,#2378,.F.);
#3459=ORIENTED_EDGE('',*,*,#2370,.T.);
#3460=ORIENTED_EDGE('',*,*,#2368,.F.);
#3461=ORIENTED_EDGE('',*,*,#2468,.T.);
#3462=ORIENTED_EDGE('',*,*,#2470,.T.);
#3463=ORIENTED_EDGE('',*,*,#2451,.F.);
#3464=ORIENTED_EDGE('',*,*,#2452,.F.);
#3465=ORIENTED_EDGE('',*,*,#2471,.T.);
#3466=ORIENTED_EDGE('',*,*,#2472,.T.);
#3467=ORIENTED_EDGE('',*,*,#2465,.T.);
#3468=ORIENTED_EDGE('',*,*,#2467,.F.);
#3469=ORIENTED_EDGE('',*,*,#2466,.T.);
#3470=ORIENTED_EDGE('',*,*,#2473,.F.);
#3471=ORIENTED_EDGE('',*,*,#2474,.F.);
#3472=ORIENTED_EDGE('',*,*,#2376,.T.);
#3473=ORIENTED_EDGE('',*,*,#2365,.T.);
#3474=ORIENTED_EDGE('',*,*,#2379,.T.);
#3475=ORIENTED_EDGE('',*,*,#2469,.F.);
#3476=ORIENTED_EDGE('',*,*,#2470,.F.);
#3477=ORIENTED_EDGE('',*,*,#2474,.T.);
#3478=ORIENTED_EDGE('',*,*,#2222,.F.);
#3479=ORIENTED_EDGE('',*,*,#2471,.F.);
#3480=ORIENTED_EDGE('',*,*,#2473,.T.);
#3481=ORIENTED_EDGE('',*,*,#2262,.F.);
#3482=ORIENTED_EDGE('',*,*,#2475,.F.);
#3483=ORIENTED_EDGE('',*,*,#2223,.F.);
#3484=ORIENTED_EDGE('',*,*,#2260,.F.);
#3485=ORIENTED_EDGE('',*,*,#2301,.F.);
#3486=ORIENTED_EDGE('',*,*,#2225,.F.);
#3487=ORIENTED_EDGE('',*,*,#2476,.T.);
#3488=ORIENTED_EDGE('',*,*,#2261,.F.);
#3489=ORIENTED_EDGE('',*,*,#2476,.F.);
#3490=ORIENTED_EDGE('',*,*,#2224,.F.);
#3491=ORIENTED_EDGE('',*,*,#2475,.T.);
#3492=ORIENTED_EDGE('',*,*,#2266,.F.);
#3493=ORIENTED_EDGE('',*,*,#2477,.F.);
#3494=ORIENTED_EDGE('',*,*,#2219,.F.);
#3495=ORIENTED_EDGE('',*,*,#2478,.F.);
#3496=ORIENTED_EDGE('',*,*,#2472,.F.);
#3497=ORIENTED_EDGE('',*,*,#2221,.F.);
#3498=ORIENTED_EDGE('',*,*,#2479,.T.);
#3499=ORIENTED_EDGE('',*,*,#2264,.F.);
#3500=ORIENTED_EDGE('',*,*,#2265,.F.);
#3501=ORIENTED_EDGE('',*,*,#2479,.F.);
#3502=ORIENTED_EDGE('',*,*,#2220,.F.);
#3503=ORIENTED_EDGE('',*,*,#2477,.T.);
#3504=ORIENTED_EDGE('',*,*,#2296,.F.);
#3505=ORIENTED_EDGE('',*,*,#2267,.T.);
#3506=ORIENTED_EDGE('',*,*,#2478,.T.);
#3507=ORIENTED_EDGE('',*,*,#2218,.T.);
#3508=ORIENTED_EDGE('',*,*,#2463,.T.);
#3509=ORIENTED_EDGE('',*,*,#2282,.F.);
#3510=ORIENTED_EDGE('',*,*,#2480,.F.);
#3511=ORIENTED_EDGE('',*,*,#2203,.F.);
#3512=ORIENTED_EDGE('',*,*,#2280,.F.);
#3513=ORIENTED_EDGE('',*,*,#2481,.F.);
#3514=ORIENTED_EDGE('',*,*,#2205,.F.);
#3515=ORIENTED_EDGE('',*,*,#2482,.T.);
#3516=ORIENTED_EDGE('',*,*,#2281,.F.);
#3517=ORIENTED_EDGE('',*,*,#2482,.F.);
#3518=ORIENTED_EDGE('',*,*,#2204,.F.);
#3519=ORIENTED_EDGE('',*,*,#2480,.T.);
#3520=ORIENTED_EDGE('',*,*,#2286,.F.);
#3521=ORIENTED_EDGE('',*,*,#2483,.F.);
#3522=ORIENTED_EDGE('',*,*,#2199,.F.);
#3523=ORIENTED_EDGE('',*,*,#2484,.F.);
#3524=ORIENTED_EDGE('',*,*,#2462,.F.);
#3525=ORIENTED_EDGE('',*,*,#2201,.F.);
#3526=ORIENTED_EDGE('',*,*,#2485,.T.);
#3527=ORIENTED_EDGE('',*,*,#2284,.F.);
#3528=ORIENTED_EDGE('',*,*,#2285,.F.);
#3529=ORIENTED_EDGE('',*,*,#2485,.F.);
#3530=ORIENTED_EDGE('',*,*,#2200,.F.);
#3531=ORIENTED_EDGE('',*,*,#2483,.T.);
#3532=ORIENTED_EDGE('',*,*,#2290,.F.);
#3533=ORIENTED_EDGE('',*,*,#2287,.T.);
#3534=ORIENTED_EDGE('',*,*,#2484,.T.);
#3535=ORIENTED_EDGE('',*,*,#2198,.T.);
#3536=ORIENTED_EDGE('',*,*,#2294,.F.);
#3537=ORIENTED_EDGE('',*,*,#2206,.T.);
#3538=ORIENTED_EDGE('',*,*,#2481,.T.);
#3539=ORIENTED_EDGE('',*,*,#2279,.T.);
#3540=ORIENTED_EDGE('',*,*,#2486,.T.);
#3541=ORIENTED_EDGE('',*,*,#2487,.T.);
#3542=ORIENTED_EDGE('',*,*,#2488,.T.);
#3543=ORIENTED_EDGE('',*,*,#2487,.F.);
#3544=ORIENTED_EDGE('',*,*,#2489,.F.);
#3545=ORIENTED_EDGE('',*,*,#2490,.T.);
#3546=ORIENTED_EDGE('',*,*,#2486,.F.);
#3547=ORIENTED_EDGE('',*,*,#2490,.F.);
#3548=ORIENTED_EDGE('',*,*,#2491,.F.);
#3549=ORIENTED_EDGE('',*,*,#2488,.F.);
#3550=ORIENTED_EDGE('',*,*,#2489,.T.);
#3551=ORIENTED_EDGE('',*,*,#2492,.T.);
#3552=ORIENTED_EDGE('',*,*,#2493,.T.);
#3553=ORIENTED_EDGE('',*,*,#2492,.F.);
#3554=ORIENTED_EDGE('',*,*,#2493,.F.);
#3555=ORIENTED_EDGE('',*,*,#2491,.T.);
#3556=ORIENTED_EDGE('',*,*,#2494,.T.);
#3557=ORIENTED_EDGE('',*,*,#2495,.F.);
#3558=ORIENTED_EDGE('',*,*,#2494,.F.);
#3559=ORIENTED_EDGE('',*,*,#2495,.T.);
#3560=ORIENTED_EDGE('',*,*,#2496,.T.);
#3561=ORIENTED_EDGE('',*,*,#2497,.F.);
#3562=ORIENTED_EDGE('',*,*,#2498,.T.);
#3563=ORIENTED_EDGE('',*,*,#2499,.T.);
#3564=ORIENTED_EDGE('',*,*,#2500,.T.);
#3565=ORIENTED_EDGE('',*,*,#2501,.F.);
#3566=ORIENTED_EDGE('',*,*,#2502,.T.);
#3567=ORIENTED_EDGE('',*,*,#2497,.T.);
#3568=ORIENTED_EDGE('',*,*,#2503,.T.);
#3569=ORIENTED_EDGE('',*,*,#2504,.F.);
#3570=ORIENTED_EDGE('',*,*,#2505,.T.);
#3571=ORIENTED_EDGE('',*,*,#2501,.T.);
#3572=ORIENTED_EDGE('',*,*,#2506,.T.);
#3573=ORIENTED_EDGE('',*,*,#2499,.F.);
#3574=ORIENTED_EDGE('',*,*,#2507,.T.);
#3575=ORIENTED_EDGE('',*,*,#2504,.T.);
#3576=ORIENTED_EDGE('',*,*,#2507,.F.);
#3577=ORIENTED_EDGE('',*,*,#2498,.F.);
#3578=ORIENTED_EDGE('',*,*,#2502,.F.);
#3579=ORIENTED_EDGE('',*,*,#2505,.F.);
#3580=ORIENTED_EDGE('',*,*,#2496,.F.);
#3581=ORIENTED_EDGE('',*,*,#2506,.F.);
#3582=ORIENTED_EDGE('',*,*,#2503,.F.);
#3583=ORIENTED_EDGE('',*,*,#2500,.F.);
#3584=ORIENTED_EDGE('',*,*,#2508,.F.);
#3585=ORIENTED_EDGE('',*,*,#2509,.F.);
#3586=ORIENTED_EDGE('',*,*,#2510,.F.);
#3587=ORIENTED_EDGE('',*,*,#2511,.T.);
#3588=ORIENTED_EDGE('',*,*,#2512,.F.);
#3589=ORIENTED_EDGE('',*,*,#2511,.F.);
#3590=ORIENTED_EDGE('',*,*,#2513,.F.);
#3591=ORIENTED_EDGE('',*,*,#2514,.T.);
#3592=ORIENTED_EDGE('',*,*,#2515,.F.);
#3593=ORIENTED_EDGE('',*,*,#2514,.F.);
#3594=ORIENTED_EDGE('',*,*,#2516,.F.);
#3595=ORIENTED_EDGE('',*,*,#2517,.T.);
#3596=ORIENTED_EDGE('',*,*,#2518,.F.);
#3597=ORIENTED_EDGE('',*,*,#2517,.F.);
#3598=ORIENTED_EDGE('',*,*,#2519,.F.);
#3599=ORIENTED_EDGE('',*,*,#2509,.T.);
#3600=ORIENTED_EDGE('',*,*,#2519,.T.);
#3601=ORIENTED_EDGE('',*,*,#2516,.T.);
#3602=ORIENTED_EDGE('',*,*,#2513,.T.);
#3603=ORIENTED_EDGE('',*,*,#2510,.T.);
#3604=ORIENTED_EDGE('',*,*,#2508,.T.);
#3605=ORIENTED_EDGE('',*,*,#2512,.T.);
#3606=ORIENTED_EDGE('',*,*,#2515,.T.);
#3607=ORIENTED_EDGE('',*,*,#2518,.T.);
#3608=CYLINDRICAL_SURFACE('',#4020,1.25);
#3609=CYLINDRICAL_SURFACE('',#4024,0.02);
#3610=CYLINDRICAL_SURFACE('',#4028,0.02);
#3611=CYLINDRICAL_SURFACE('',#4032,0.02);
#3612=CYLINDRICAL_SURFACE('',#4035,0.02);
#3613=CYLINDRICAL_SURFACE('',#4038,0.02);
#3614=CYLINDRICAL_SURFACE('',#4041,0.02);
#3615=CYLINDRICAL_SURFACE('',#4043,0.02);
#3616=CYLINDRICAL_SURFACE('',#4044,0.02);
#3617=CYLINDRICAL_SURFACE('',#4046,0.02);
#3618=CYLINDRICAL_SURFACE('',#4047,0.02);
#3619=CYLINDRICAL_SURFACE('',#4055,0.02);
#3620=CYLINDRICAL_SURFACE('',#4058,0.02);
#3621=CYLINDRICAL_SURFACE('',#4060,0.02);
#3622=CYLINDRICAL_SURFACE('',#4064,0.02);
#3623=CYLINDRICAL_SURFACE('',#4067,0.02);
#3624=CYLINDRICAL_SURFACE('',#4070,0.02);
#3625=CYLINDRICAL_SURFACE('',#4072,0.02);
#3626=CYLINDRICAL_SURFACE('',#4074,0.02);
#3627=CYLINDRICAL_SURFACE('',#4077,0.02);
#3628=CYLINDRICAL_SURFACE('',#4079,0.02);
#3629=CYLINDRICAL_SURFACE('',#4081,0.02);
#3630=CYLINDRICAL_SURFACE('',#4082,0.02);
#3631=CYLINDRICAL_SURFACE('',#4085,0.02);
#3632=CYLINDRICAL_SURFACE('',#4088,0.02);
#3633=CYLINDRICAL_SURFACE('',#4091,0.02);
#3634=CYLINDRICAL_SURFACE('',#4092,0.02);
#3635=CYLINDRICAL_SURFACE('',#4100,0.02);
#3636=CYLINDRICAL_SURFACE('',#4110,0.02);
#3637=CYLINDRICAL_SURFACE('',#4116,0.02);
#3638=CYLINDRICAL_SURFACE('',#4118,0.02);
#3639=CYLINDRICAL_SURFACE('',#4120,0.02);
#3640=CYLINDRICAL_SURFACE('',#4123,0.02);
#3641=CYLINDRICAL_SURFACE('',#4126,0.02);
#3642=CYLINDRICAL_SURFACE('',#4127,0.02);
#3643=CYLINDRICAL_SURFACE('',#4194,0.05);
#3644=CYLINDRICAL_SURFACE('',#4200,0.05);
#3645=CYLINDRICAL_SURFACE('',#4203,0.05);
#3646=CYLINDRICAL_SURFACE('',#4209,0.05);
#3647=CYLINDRICAL_SURFACE('',#4212,0.05);
#3648=CYLINDRICAL_SURFACE('',#4220,0.05);
#3649=CYLINDRICAL_SURFACE('',#4223,0.05);
#3650=CYLINDRICAL_SURFACE('',#4231,0.05);
#3651=CYLINDRICAL_SURFACE('',#4234,0.05);
#3652=CYLINDRICAL_SURFACE('',#4236,0.05);
#3653=CYLINDRICAL_SURFACE('',#4238,0.05);
#3654=CYLINDRICAL_SURFACE('',#4240,0.05);
#3655=CYLINDRICAL_SURFACE('',#4242,0.1875);
#3656=CYLINDRICAL_SURFACE('',#4245,0.0374999999999997);
#3657=CYLINDRICAL_SURFACE('',#4246,0.1875);
#3658=CYLINDRICAL_SURFACE('',#4249,0.0374999999999997);
#3659=CYLINDRICAL_SURFACE('',#4260,0.1875);
#3660=CYLINDRICAL_SURFACE('',#4269,0.0375);
#3661=CYLINDRICAL_SURFACE('',#4270,0.1875);
#3662=CYLINDRICAL_SURFACE('',#4277,0.0375);
#3663=CYLINDRICAL_SURFACE('',#4295,0.1875);
#3664=CYLINDRICAL_SURFACE('',#4303,0.0375);
#3665=CYLINDRICAL_SURFACE('',#4304,0.1875);
#3666=CYLINDRICAL_SURFACE('',#4314,0.0375);
#3667=CYLINDRICAL_SURFACE('',#4335,0.9);
#3668=CYLINDRICAL_SURFACE('',#4343,1.225);
#3669=ADVANCED_FACE('',(#272),#3608,.F.);
#3670=ADVANCED_FACE('',(#273),#130,.F.);
#3671=ADVANCED_FACE('',(#274),#3609,.T.);
#3672=ADVANCED_FACE('',(#275),#131,.F.);
#3673=ADVANCED_FACE('',(#276),#3610,.T.);
#3674=ADVANCED_FACE('',(#277),#132,.F.);
#3675=ADVANCED_FACE('',(#278),#3611,.T.);
#3676=ADVANCED_FACE('',(#279),#3612,.T.);
#3677=ADVANCED_FACE('',(#280),#3613,.T.);
#3678=ADVANCED_FACE('',(#281),#3614,.T.);
#3679=ADVANCED_FACE('',(#282),#3615,.T.);
#3680=ADVANCED_FACE('',(#283),#3616,.T.);
#3681=ADVANCED_FACE('',(#284),#3617,.T.);
#3682=ADVANCED_FACE('',(#285),#3618,.T.);
#3683=ADVANCED_FACE('',(#286),#133,.T.);
#3684=ADVANCED_FACE('',(#287),#134,.T.);
#3685=ADVANCED_FACE('',(#288),#135,.T.);
#3686=ADVANCED_FACE('',(#289),#136,.T.);
#3687=ADVANCED_FACE('',(#290,#96),#137,.T.);
#3688=ADVANCED_FACE('',(#291),#3619,.T.);
#3689=ADVANCED_FACE('',(#292),#3620,.T.);
#3690=ADVANCED_FACE('',(#293),#3621,.T.);
#3691=ADVANCED_FACE('',(#294),#138,.T.);
#3692=ADVANCED_FACE('',(#295),#139,.T.);
#3693=ADVANCED_FACE('',(#296),#3622,.T.);
#3694=ADVANCED_FACE('',(#297),#3623,.T.);
#3695=ADVANCED_FACE('',(#298),#3624,.T.);
#3696=ADVANCED_FACE('',(#299),#3625,.T.);
#3697=ADVANCED_FACE('',(#300),#3626,.T.);
#3698=ADVANCED_FACE('',(#301,#97),#140,.F.);
#3699=ADVANCED_FACE('',(#302),#141,.F.);
#3700=ADVANCED_FACE('',(#303),#3627,.T.);
#3701=ADVANCED_FACE('',(#304),#3628,.T.);
#3702=ADVANCED_FACE('',(#305),#3629,.T.);
#3703=ADVANCED_FACE('',(#306),#3630,.T.);
#3704=ADVANCED_FACE('',(#307),#3631,.T.);
#3705=ADVANCED_FACE('',(#308),#3632,.T.);
#3706=ADVANCED_FACE('',(#309),#3633,.T.);
#3707=ADVANCED_FACE('',(#310),#3634,.T.);
#3708=ADVANCED_FACE('',(#311),#142,.F.);
#3709=ADVANCED_FACE('',(#312),#143,.F.);
#3710=ADVANCED_FACE('',(#313),#144,.F.);
#3711=ADVANCED_FACE('',(#314),#86,.T.);
#3712=ADVANCED_FACE('',(#315),#3635,.T.);
#3713=ADVANCED_FACE('',(#316),#87,.T.);
#3714=ADVANCED_FACE('',(#317),#145,.F.);
#3715=ADVANCED_FACE('',(#318),#88,.T.);
#3716=ADVANCED_FACE('',(#319),#3636,.T.);
#3717=ADVANCED_FACE('',(#320),#89,.T.);
#3718=ADVANCED_FACE('',(#321),#146,.F.);
#3719=ADVANCED_FACE('',(#322),#3637,.F.);
#3720=ADVANCED_FACE('',(#323),#147,.F.);
#3721=ADVANCED_FACE('',(#324),#3638,.F.);
#3722=ADVANCED_FACE('',(#325),#148,.F.);
#3723=ADVANCED_FACE('',(#326),#3639,.T.);
#3724=ADVANCED_FACE('',(#327),#3640,.T.);
#3725=ADVANCED_FACE('',(#328),#3641,.T.);
#3726=ADVANCED_FACE('',(#329),#3642,.T.);
#3727=ADVANCED_FACE('',(#330),#149,.F.);
#3728=ADVANCED_FACE('',(#331),#150,.F.);
#3729=ADVANCED_FACE('',(#332),#151,.F.);
#3730=ADVANCED_FACE('',(#333),#152,.F.);
#3731=ADVANCED_FACE('',(#334),#153,.F.);
#3732=ADVANCED_FACE('',(#335),#154,.T.);
#3733=ADVANCED_FACE('',(#336),#155,.T.);
#3734=ADVANCED_FACE('',(#337),#156,.F.);
#3735=ADVANCED_FACE('',(#338),#157,.F.);
#3736=ADVANCED_FACE('',(#339),#158,.F.);
#3737=ADVANCED_FACE('',(#340),#159,.F.);
#3738=ADVANCED_FACE('',(#341),#160,.F.);
#3739=ADVANCED_FACE('',(#342),#161,.F.);
#3740=ADVANCED_FACE('',(#343),#162,.F.);
#3741=ADVANCED_FACE('',(#344),#163,.F.);
#3742=ADVANCED_FACE('',(#345),#164,.F.);
#3743=ADVANCED_FACE('',(#346),#165,.F.);
#3744=ADVANCED_FACE('',(#347),#166,.F.);
#3745=ADVANCED_FACE('',(#348),#167,.F.);
#3746=ADVANCED_FACE('',(#349),#168,.F.);
#3747=ADVANCED_FACE('',(#350),#169,.F.);
#3748=ADVANCED_FACE('',(#351),#170,.F.);
#3749=ADVANCED_FACE('',(#352),#171,.F.);
#3750=ADVANCED_FACE('',(#353),#172,.F.);
#3751=ADVANCED_FACE('',(#354),#173,.F.);
#3752=ADVANCED_FACE('',(#355),#90,.T.);
#3753=ADVANCED_FACE('',(#356),#43,.T.);
#3754=ADVANCED_FACE('',(#357,#98),#174,.T.);
#3755=ADVANCED_FACE('',(#358),#91,.T.);
#3756=ADVANCED_FACE('',(#359,#99),#175,.F.);
#3757=ADVANCED_FACE('',(#360),#92,.F.);
#3758=ADVANCED_FACE('',(#361),#44,.F.);
#3759=ADVANCED_FACE('',(#362),#45,.F.);
#3760=ADVANCED_FACE('',(#363),#93,.F.);
#3761=ADVANCED_FACE('',(#364,#100),#176,.T.);
#3762=ADVANCED_FACE('',(#365),#46,.T.);
#3763=ADVANCED_FACE('',(#366),#47,.F.);
#3764=ADVANCED_FACE('',(#367),#177,.T.);
#3765=ADVANCED_FACE('',(#368),#178,.T.);
#3766=ADVANCED_FACE('',(#369),#179,.T.);
#3767=ADVANCED_FACE('',(#370),#180,.T.);
#3768=ADVANCED_FACE('',(#371),#181,.T.);
#3769=ADVANCED_FACE('',(#372),#182,.T.);
#3770=ADVANCED_FACE('',(#373),#183,.T.);
#3771=ADVANCED_FACE('',(#374),#184,.T.);
#3772=ADVANCED_FACE('',(#375),#3643,.T.);
#3773=ADVANCED_FACE('',(#376),#185,.T.);
#3774=ADVANCED_FACE('',(#377),#186,.F.);
#3775=ADVANCED_FACE('',(#378),#3644,.T.);
#3776=ADVANCED_FACE('',(#379),#187,.T.);
#3777=ADVANCED_FACE('',(#380),#3645,.T.);
#3778=ADVANCED_FACE('',(#381),#188,.T.);
#3779=ADVANCED_FACE('',(#382),#189,.T.);
#3780=ADVANCED_FACE('',(#383),#3646,.T.);
#3781=ADVANCED_FACE('',(#384),#190,.T.);
#3782=ADVANCED_FACE('',(#385),#3647,.T.);
#3783=ADVANCED_FACE('',(#386),#191,.F.);
#3784=ADVANCED_FACE('',(#387),#192,.T.);
#3785=ADVANCED_FACE('',(#388),#3648,.T.);
#3786=ADVANCED_FACE('',(#389),#193,.F.);
#3787=ADVANCED_FACE('',(#390),#3649,.T.);
#3788=ADVANCED_FACE('',(#391),#194,.F.);
#3789=ADVANCED_FACE('',(#392),#195,.T.);
#3790=ADVANCED_FACE('',(#393),#3650,.T.);
#3791=ADVANCED_FACE('',(#394),#196,.F.);
#3792=ADVANCED_FACE('',(#395),#3651,.F.);
#3793=ADVANCED_FACE('',(#396),#3652,.F.);
#3794=ADVANCED_FACE('',(#397),#3653,.F.);
#3795=ADVANCED_FACE('',(#398),#3654,.F.);
#3796=ADVANCED_FACE('',(#399),#3655,.T.);
#3797=ADVANCED_FACE('',(#400),#197,.T.);
#3798=ADVANCED_FACE('',(#401),#39,.T.);
#3799=ADVANCED_FACE('',(#402),#40,.T.);
#3800=ADVANCED_FACE('',(#403),#198,.T.);
#3801=ADVANCED_FACE('',(#404),#3656,.F.);
#3802=ADVANCED_FACE('',(#405),#3657,.T.);
#3803=ADVANCED_FACE('',(#406),#199,.T.);
#3804=ADVANCED_FACE('',(#407),#41,.T.);
#3805=ADVANCED_FACE('',(#408),#42,.T.);
#3806=ADVANCED_FACE('',(#409),#200,.F.);
#3807=ADVANCED_FACE('',(#410),#3658,.F.);
#3808=ADVANCED_FACE('',(#411),#201,.F.);
#3809=ADVANCED_FACE('',(#412),#202,.T.);
#3810=ADVANCED_FACE('',(#413),#203,.T.);
#3811=ADVANCED_FACE('',(#414),#204,.T.);
#3812=ADVANCED_FACE('',(#415),#205,.T.);
#3813=ADVANCED_FACE('',(#416),#206,.T.);
#3814=ADVANCED_FACE('',(#417),#207,.T.);
#3815=ADVANCED_FACE('',(#418),#208,.T.);
#3816=ADVANCED_FACE('',(#419),#209,.F.);
#3817=ADVANCED_FACE('',(#420),#210,.T.);
#3818=ADVANCED_FACE('',(#421),#3659,.T.);
#3819=ADVANCED_FACE('',(#422),#211,.T.);
#3820=ADVANCED_FACE('',(#423),#212,.T.);
#3821=ADVANCED_FACE('',(#424),#213,.T.);
#3822=ADVANCED_FACE('',(#425),#214,.T.);
#3823=ADVANCED_FACE('',(#426),#3660,.F.);
#3824=ADVANCED_FACE('',(#427),#3661,.T.);
#3825=ADVANCED_FACE('',(#428),#215,.T.);
#3826=ADVANCED_FACE('',(#429),#216,.T.);
#3827=ADVANCED_FACE('',(#430),#3662,.F.);
#3828=ADVANCED_FACE('',(#431),#217,.F.);
#3829=ADVANCED_FACE('',(#432),#218,.F.);
#3830=ADVANCED_FACE('',(#433),#219,.F.);
#3831=ADVANCED_FACE('',(#434),#220,.F.);
#3832=ADVANCED_FACE('',(#435),#221,.F.);
#3833=ADVANCED_FACE('',(#436),#222,.F.);
#3834=ADVANCED_FACE('',(#437),#223,.F.);
#3835=ADVANCED_FACE('',(#438),#224,.F.);
#3836=ADVANCED_FACE('',(#439),#225,.F.);
#3837=ADVANCED_FACE('',(#440),#226,.F.);
#3838=ADVANCED_FACE('',(#441),#227,.F.);
#3839=ADVANCED_FACE('',(#442),#228,.F.);
#3840=ADVANCED_FACE('',(#443),#229,.T.);
#3841=ADVANCED_FACE('',(#444),#230,.T.);
#3842=ADVANCED_FACE('',(#445),#231,.T.);
#3843=ADVANCED_FACE('',(#446),#232,.F.);
#3844=ADVANCED_FACE('',(#447),#233,.T.);
#3845=ADVANCED_FACE('',(#448),#3663,.T.);
#3846=ADVANCED_FACE('',(#449),#234,.T.);
#3847=ADVANCED_FACE('',(#450),#235,.T.);
#3848=ADVANCED_FACE('',(#451),#236,.T.);
#3849=ADVANCED_FACE('',(#452),#3664,.F.);
#3850=ADVANCED_FACE('',(#453),#3665,.T.);
#3851=ADVANCED_FACE('',(#454),#237,.T.);
#3852=ADVANCED_FACE('',(#455),#238,.F.);
#3853=ADVANCED_FACE('',(#456),#239,.T.);
#3854=ADVANCED_FACE('',(#457),#240,.T.);
#3855=ADVANCED_FACE('',(#458),#241,.T.);
#3856=ADVANCED_FACE('',(#459),#3666,.F.);
#3857=ADVANCED_FACE('',(#460),#242,.F.);
#3858=ADVANCED_FACE('',(#461),#243,.F.);
#3859=ADVANCED_FACE('',(#462),#244,.F.);
#3860=ADVANCED_FACE('',(#463),#245,.F.);
#3861=ADVANCED_FACE('',(#464),#246,.F.);
#3862=ADVANCED_FACE('',(#465),#247,.F.);
#3863=ADVANCED_FACE('',(#466),#248,.T.);
#3864=ADVANCED_FACE('',(#467),#249,.F.);
#3865=ADVANCED_FACE('',(#468),#250,.F.);
#3866=ADVANCED_FACE('',(#469),#251,.F.);
#3867=ADVANCED_FACE('',(#470),#252,.F.);
#3868=ADVANCED_FACE('',(#471),#253,.F.);
#3869=ADVANCED_FACE('',(#472),#254,.F.);
#3870=ADVANCED_FACE('',(#473),#255,.T.);
#3871=ADVANCED_FACE('',(#474),#256,.T.);
#3872=ADVANCED_FACE('',(#475),#94,.F.);
#3873=ADVANCED_FACE('',(#476),#3667,.T.);
#3874=ADVANCED_FACE('',(#477,#101),#257,.F.);
#3875=ADVANCED_FACE('',(#478),#95,.T.);
#3876=ADVANCED_FACE('',(#479),#258,.F.);
#3877=ADVANCED_FACE('',(#480),#3668,.T.);
#3878=ADVANCED_FACE('',(#481),#259,.T.);
#3879=ADVANCED_FACE('',(#482),#260,.T.);
#3880=ADVANCED_FACE('',(#483),#261,.T.);
#3881=ADVANCED_FACE('',(#484),#262,.T.);
#3882=ADVANCED_FACE('',(#485),#263,.T.);
#3883=ADVANCED_FACE('',(#486),#264,.F.);
#3884=ADVANCED_FACE('',(#487),#265,.T.);
#3885=ADVANCED_FACE('',(#488),#266,.F.);
#3886=ADVANCED_FACE('',(#489),#267,.F.);
#3887=ADVANCED_FACE('',(#490),#268,.F.);
#3888=ADVANCED_FACE('',(#491),#269,.F.);
#3889=ADVANCED_FACE('',(#492),#270,.T.);
#3890=ADVANCED_FACE('',(#493),#271,.F.);
#3891=CLOSED_SHELL('',(#3669,#3670,#3671,#3672,#3673,#3674,#3675,#3676,
#3677,#3678,#3679,#3680,#3681,#3682,#3683,#3684,#3685,#3686,#3687,#3688,
#3689,#3690,#3691,#3692,#3693,#3694,#3695,#3696,#3697,#3698,#3699,#3700,
#3701,#3702,#3703,#3704,#3705,#3706,#3707,#3708,#3709,#3710,#3711,#3712,
#3713,#3714,#3715,#3716,#3717,#3718,#3719,#3720,#3721,#3722,#3723,#3724,
#3725,#3726,#3727,#3728,#3729,#3730,#3731,#3732,#3733,#3734,#3735,#3736,
#3737,#3738,#3739,#3740,#3741,#3742,#3743,#3744,#3745,#3746,#3747,#3748,
#3749,#3750,#3751));
#3892=CLOSED_SHELL('',(#3752,#3753,#3754,#3755,#3756,#3757,#3758,#3759,
#3760,#3761,#3762,#3763,#3764,#3765,#3766,#3767,#3768,#3769,#3770,#3771,
#3772,#3773,#3774,#3775,#3776,#3777,#3778,#3779,#3780,#3781,#3782,#3783,
#3784,#3785,#3786,#3787,#3788,#3789,#3790,#3791,#3792,#3793,#3794,#3795,
#3796,#3797,#3798,#3799,#3800,#3801,#3802,#3803,#3804,#3805,#3806,#3807,
#3808,#3809,#3810,#3811,#3812,#3813,#3814,#3815,#3816,#3817,#3818,#3819,
#3820,#3821,#3822,#3823,#3824,#3825,#3826,#3827,#3828,#3829,#3830,#3831,
#3832,#3833,#3834,#3835,#3836,#3837,#3838,#3839,#3840,#3841,#3842,#3843,
#3844,#3845,#3846,#3847,#3848,#3849,#3850,#3851,#3852,#3853,#3854,#3855,
#3856,#3857,#3858,#3859,#3860,#3861,#3862,#3863,#3864,#3865,#3866,#3867,
#3868,#3869,#3870,#3871));
#3893=CLOSED_SHELL('',(#3872,#3873,#3874,#3875,#3876,#3877,#3878));
#3894=CLOSED_SHELL('',(#3879,#3880,#3881,#3882,#3883,#3884));
#3895=CLOSED_SHELL('',(#3885,#3886,#3887,#3888,#3889,#3890));
#3896=DERIVED_UNIT_ELEMENT(#3907,1.);
#3897=DERIVED_UNIT_ELEMENT(#6753,-3.);
#3898=DERIVED_UNIT_ELEMENT(#3907,1.);
#3899=DERIVED_UNIT_ELEMENT(#6753,-3.);
#3900=DERIVED_UNIT_ELEMENT(#3907,1.);
#3901=DERIVED_UNIT_ELEMENT(#6753,-3.);
#3902=DERIVED_UNIT_ELEMENT(#3907,1.);
#3903=DERIVED_UNIT_ELEMENT(#6753,-3.);
#3904=DERIVED_UNIT_ELEMENT(#3907,1.);
#3905=DERIVED_UNIT_ELEMENT(#6753,-3.);
#3906=DIMENSIONAL_EXPONENTS(1.,0.,0.,0.,0.,0.,0.);
#3907=(
CONVERSION_BASED_UNIT('gram',#3909)
MASS_UNIT()
NAMED_UNIT(#3906)
);
#3908=(
MASS_UNIT()
NAMED_UNIT(*)
SI_UNIT(.KILO.,.GRAM.)
);
#3909=MASS_MEASURE_WITH_UNIT(MASS_MEASURE(0.001),#3908);
#3910=DERIVED_UNIT((#3896,#3897));
#3911=DERIVED_UNIT((#3898,#3899));
#3912=DERIVED_UNIT((#3900,#3901));
#3913=DERIVED_UNIT((#3902,#3903));
#3914=DERIVED_UNIT((#3904,#3905));
#3915=MEASURE_REPRESENTATION_ITEM('density measure',
POSITIVE_RATIO_MEASURE(1.13),#3910);
#3916=MEASURE_REPRESENTATION_ITEM('density measure',
POSITIVE_RATIO_MEASURE(8.),#3911);
#3917=MEASURE_REPRESENTATION_ITEM('density measure',
POSITIVE_RATIO_MEASURE(1.13),#3912);
#3918=MEASURE_REPRESENTATION_ITEM('density measure',
POSITIVE_RATIO_MEASURE(1.),#3913);
#3919=MEASURE_REPRESENTATION_ITEM('density measure',
POSITIVE_RATIO_MEASURE(1.),#3914);
#3920=PROPERTY_DEFINITION_REPRESENTATION(#3945,#3930);
#3921=PROPERTY_DEFINITION_REPRESENTATION(#3946,#3931);
#3922=PROPERTY_DEFINITION_REPRESENTATION(#3947,#3932);
#3923=PROPERTY_DEFINITION_REPRESENTATION(#3948,#3933);
#3924=PROPERTY_DEFINITION_REPRESENTATION(#3949,#3934);
#3925=PROPERTY_DEFINITION_REPRESENTATION(#3950,#3935);
#3926=PROPERTY_DEFINITION_REPRESENTATION(#3951,#3936);
#3927=PROPERTY_DEFINITION_REPRESENTATION(#3952,#3937);
#3928=PROPERTY_DEFINITION_REPRESENTATION(#3953,#3938);
#3929=PROPERTY_DEFINITION_REPRESENTATION(#3954,#3939);
#3930=REPRESENTATION('material name',(#3940),#6746);
#3931=REPRESENTATION('density',(#3915),#6746);
#3932=REPRESENTATION('material name',(#3941),#6747);
#3933=REPRESENTATION('density',(#3916),#6747);
#3934=REPRESENTATION('material name',(#3942),#6748);
#3935=REPRESENTATION('density',(#3917),#6748);
#3936=REPRESENTATION('material name',(#3943),#6749);
#3937=REPRESENTATION('density',(#3918),#6749);
#3938=REPRESENTATION('material name',(#3944),#6750);
#3939=REPRESENTATION('density',(#3919),#6750);
#3940=DESCRIPTIVE_REPRESENTATION_ITEM('Nylon-6/6','Nylon-6/6');
#3941=DESCRIPTIVE_REPRESENTATION_ITEM('Stainless Steel',
'Stainless Steel');
#3942=DESCRIPTIVE_REPRESENTATION_ITEM('Nylon-6/6','Nylon-6/6');
#3943=DESCRIPTIVE_REPRESENTATION_ITEM('Generic','Generic');
#3944=DESCRIPTIVE_REPRESENTATION_ITEM('Generic','Generic');
#3945=PROPERTY_DEFINITION('material property','material name',#6783);
#3946=PROPERTY_DEFINITION('material property','density of part',#6783);
#3947=PROPERTY_DEFINITION('material property','material name',#6784);
#3948=PROPERTY_DEFINITION('material property','density of part',#6784);
#3949=PROPERTY_DEFINITION('material property','material name',#6785);
#3950=PROPERTY_DEFINITION('material property','density of part',#6785);
#3951=PROPERTY_DEFINITION('material property','material name',#6786);
#3952=PROPERTY_DEFINITION('material property','density of part',#6786);
#3953=PROPERTY_DEFINITION('material property','material name',#6787);
#3954=PROPERTY_DEFINITION('material property','density of part',#6787);
#3955=PRESENTATION_STYLE_ASSIGNMENT((#3958));
#3956=PRESENTATION_STYLE_ASSIGNMENT((#3959));
#3957=PRESENTATION_STYLE_ASSIGNMENT((#3960));
#3958=SURFACE_STYLE_USAGE(.BOTH.,#3967);
#3959=SURFACE_STYLE_USAGE(.BOTH.,#3968);
#3960=SURFACE_STYLE_USAGE(.BOTH.,#3969);
#3961=SURFACE_STYLE_RENDERING_WITH_PROPERTIES($,#3979,(#3964));
#3962=SURFACE_STYLE_RENDERING_WITH_PROPERTIES($,#3980,(#3965));
#3963=SURFACE_STYLE_RENDERING_WITH_PROPERTIES($,#3981,(#3966));
#3964=SURFACE_STYLE_TRANSPARENT(0.);
#3965=SURFACE_STYLE_TRANSPARENT(0.);
#3966=SURFACE_STYLE_TRANSPARENT(0.);
#3967=SURFACE_SIDE_STYLE('',(#3970,#3961));
#3968=SURFACE_SIDE_STYLE('',(#3971,#3962));
#3969=SURFACE_SIDE_STYLE('',(#3972,#3963));
#3970=SURFACE_STYLE_FILL_AREA(#3973);
#3971=SURFACE_STYLE_FILL_AREA(#3974);
#3972=SURFACE_STYLE_FILL_AREA(#3975);
#3973=FILL_AREA_STYLE('',(#3976));
#3974=FILL_AREA_STYLE('',(#3977));
#3975=FILL_AREA_STYLE('',(#3978));
#3976=FILL_AREA_STYLE_COLOUR('',#3979);
#3977=FILL_AREA_STYLE_COLOUR('',#3980);
#3978=FILL_AREA_STYLE_COLOUR('',#3981);
#3979=COLOUR_RGB('',0.501960784313725,0.501960784313725,0.501960784313725);
#3980=COLOUR_RGB('',0.956862745098039,0.956862745098039,0.956862745098039);
#3981=COLOUR_RGB('',0.956862745098039,0.956862745098039,0.956862745098039);
#3982=DATE_TIME_ROLE('creation_date');
#3983=DATE_TIME_ROLE('creation_date');
#3984=DATE_TIME_ROLE('creation_date');
#3985=DATE_TIME_ROLE('creation_date');
#3986=DATE_TIME_ROLE('creation_date');
#3987=DATE_TIME_ROLE('creation_date');
#3988=APPLIED_DATE_AND_TIME_ASSIGNMENT(#3994,#3982,(#6782));
#3989=APPLIED_DATE_AND_TIME_ASSIGNMENT(#3995,#3983,(#6783));
#3990=APPLIED_DATE_AND_TIME_ASSIGNMENT(#3996,#3984,(#6784));
#3991=APPLIED_DATE_AND_TIME_ASSIGNMENT(#3997,#3985,(#6785));
#3992=APPLIED_DATE_AND_TIME_ASSIGNMENT(#3998,#3986,(#6786));
#3993=APPLIED_DATE_AND_TIME_ASSIGNMENT(#3999,#3987,(#6787));
#3994=DATE_AND_TIME(#4000,#4006);
#3995=DATE_AND_TIME(#4001,#4007);
#3996=DATE_AND_TIME(#4002,#4008);
#3997=DATE_AND_TIME(#4003,#4009);
#3998=DATE_AND_TIME(#4004,#4010);
#3999=DATE_AND_TIME(#4005,#4011);
#4000=CALENDAR_DATE(2011,21,11);
#4001=CALENDAR_DATE(2011,21,11);
#4002=CALENDAR_DATE(2011,21,11);
#4003=CALENDAR_DATE(2011,21,11);
#4004=CALENDAR_DATE(2011,21,11);
#4005=CALENDAR_DATE(2011,21,11);
#4006=LOCAL_TIME(0,0,0.,#4012);
#4007=LOCAL_TIME(0,0,0.,#4013);
#4008=LOCAL_TIME(0,0,0.,#4014);
#4009=LOCAL_TIME(0,0,0.,#4015);
#4010=LOCAL_TIME(0,0,0.,#4016);
#4011=LOCAL_TIME(0,0,0.,#4017);
#4012=COORDINATED_UNIVERSAL_TIME_OFFSET(0,0,.BEHIND.);
#4013=COORDINATED_UNIVERSAL_TIME_OFFSET(0,0,.BEHIND.);
#4014=COORDINATED_UNIVERSAL_TIME_OFFSET(0,0,.BEHIND.);
#4015=COORDINATED_UNIVERSAL_TIME_OFFSET(0,0,.BEHIND.);
#4016=COORDINATED_UNIVERSAL_TIME_OFFSET(0,0,.BEHIND.);
#4017=COORDINATED_UNIVERSAL_TIME_OFFSET(0,0,.BEHIND.);
#4018=AXIS2_PLACEMENT_3D('placement',#5479,#4367,#4368);
#4019=AXIS2_PLACEMENT_3D('placement',#5480,#4369,#4370);
#4020=AXIS2_PLACEMENT_3D('',#5481,#4371,#4372);
#4021=AXIS2_PLACEMENT_3D('',#5483,#4373,#4374);
#4022=AXIS2_PLACEMENT_3D('',#5486,#4376,#4377);
#4023=AXIS2_PLACEMENT_3D('',#5487,#4378,#4379);
#4024=AXIS2_PLACEMENT_3D('',#5488,#4380,#4381);
#4025=AXIS2_PLACEMENT_3D('',#5491,#4382,#4383);
#4026=AXIS2_PLACEMENT_3D('',#5495,#4385,#4386);
#4027=AXIS2_PLACEMENT_3D('',#5497,#4388,#4389);
#4028=AXIS2_PLACEMENT_3D('',#5503,#4393,#4394);
#4029=AXIS2_PLACEMENT_3D('',#5506,#4395,#4396);
#4030=AXIS2_PLACEMENT_3D('',#5510,#4398,#4399);
#4031=AXIS2_PLACEMENT_3D('',#5512,#4401,#4402);
#4032=AXIS2_PLACEMENT_3D('',#5518,#4406,#4407);
#4033=AXIS2_PLACEMENT_3D('',#5523,#4409,#4410);
#4034=AXIS2_PLACEMENT_3D('',#5526,#4412,#4413);
#4035=AXIS2_PLACEMENT_3D('',#5527,#4414,#4415);
#4036=AXIS2_PLACEMENT_3D('',#5532,#4417,#4418);
#4037=AXIS2_PLACEMENT_3D('',#5535,#4420,#4421);
#4038=AXIS2_PLACEMENT_3D('',#5536,#4422,#4423);
#4039=AXIS2_PLACEMENT_3D('',#5541,#4425,#4426);
#4040=AXIS2_PLACEMENT_3D('',#5544,#4428,#4429);
#4041=AXIS2_PLACEMENT_3D('',#5545,#4430,#4431);
#4042=AXIS2_PLACEMENT_3D('',#5550,#4434,#4435);
#4043=AXIS2_PLACEMENT_3D('',#5551,#4436,#4437);
#4044=AXIS2_PLACEMENT_3D('',#5554,#4440,#4441);
#4045=AXIS2_PLACEMENT_3D('',#5559,#4444,#4445);
#4046=AXIS2_PLACEMENT_3D('',#5560,#4446,#4447);
#4047=AXIS2_PLACEMENT_3D('',#5563,#4450,#4451);
#4048=AXIS2_PLACEMENT_3D('',#5566,#4454,#4455);
#4049=AXIS2_PLACEMENT_3D('',#5572,#4459,#4460);
#4050=AXIS2_PLACEMENT_3D('',#5585,#4467,#4468);
#4051=AXIS2_PLACEMENT_3D('',#5589,#4470,#4471);
#4052=AXIS2_PLACEMENT_3D('',#5601,#4478,#4479);
#4053=AXIS2_PLACEMENT_3D('',#5605,#4482,#4483);
#4054=AXIS2_PLACEMENT_3D('',#5609,#4486,#4487);
#4055=AXIS2_PLACEMENT_3D('',#5610,#4488,#4489);
#4056=AXIS2_PLACEMENT_3D('',#5614,#4491,#4492);
#4057=AXIS2_PLACEMENT_3D('',#5615,#4493,#4494);
#4058=AXIS2_PLACEMENT_3D('',#5616,#4495,#4496);
#4059=AXIS2_PLACEMENT_3D('',#5619,#4497,#4498);
#4060=AXIS2_PLACEMENT_3D('',#5622,#4501,#4502);
#4061=AXIS2_PLACEMENT_3D('',#5624,#4504,#4505);
#4062=AXIS2_PLACEMENT_3D('',#5640,#4514,#4515);
#4063=AXIS2_PLACEMENT_3D('',#5652,#4522,#4523);
#4064=AXIS2_PLACEMENT_3D('',#5653,#4524,#4525);
#4065=AXIS2_PLACEMENT_3D('',#5655,#4526,#4527);
#4066=AXIS2_PLACEMENT_3D('',#5657,#4528,#4529);
#4067=AXIS2_PLACEMENT_3D('',#5659,#4531,#4532);
#4068=AXIS2_PLACEMENT_3D('',#5661,#4533,#4534);
#4069=AXIS2_PLACEMENT_3D('',#5664,#4536,#4537);
#4070=AXIS2_PLACEMENT_3D('',#5665,#4538,#4539);
#4071=AXIS2_PLACEMENT_3D('',#5670,#4542,#4543);
#4072=AXIS2_PLACEMENT_3D('',#5671,#4544,#4545);
#4073=AXIS2_PLACEMENT_3D('',#5676,#4548,#4549);
#4074=AXIS2_PLACEMENT_3D('',#5677,#4550,#4551);
#4075=AXIS2_PLACEMENT_3D('',#5680,#4554,#4555);
#4076=AXIS2_PLACEMENT_3D('',#5725,#4580,#4581);
#4077=AXIS2_PLACEMENT_3D('',#5729,#4584,#4585);
#4078=AXIS2_PLACEMENT_3D('',#5732,#4587,#4588);
#4079=AXIS2_PLACEMENT_3D('',#5733,#4589,#4590);
#4080=AXIS2_PLACEMENT_3D('',#5735,#4592,#4593);
#4081=AXIS2_PLACEMENT_3D('',#5736,#4594,#4595);
#4082=AXIS2_PLACEMENT_3D('',#5737,#4596,#4597);
#4083=AXIS2_PLACEMENT_3D('',#5738,#4598,#4599);
#4084=AXIS2_PLACEMENT_3D('',#5739,#4600,#4601);
#4085=AXIS2_PLACEMENT_3D('',#5740,#4602,#4603);
#4086=AXIS2_PLACEMENT_3D('',#5741,#4604,#4605);
#4087=AXIS2_PLACEMENT_3D('',#5742,#4606,#4607);
#4088=AXIS2_PLACEMENT_3D('',#5743,#4608,#4609);
#4089=AXIS2_PLACEMENT_3D('',#5747,#4611,#4612);
#4090=AXIS2_PLACEMENT_3D('',#5748,#4613,#4614);
#4091=AXIS2_PLACEMENT_3D('',#5749,#4615,#4616);
#4092=AXIS2_PLACEMENT_3D('',#5751,#4618,#4619);
#4093=AXIS2_PLACEMENT_3D('',#5753,#4621,#4622);
#4094=AXIS2_PLACEMENT_3D('',#5757,#4625,#4626);
#4095=AXIS2_PLACEMENT_3D('',#5759,#4628,#4629);
#4096=AXIS2_PLACEMENT_3D('',#5761,#4631,#4632);
#4097=AXIS2_PLACEMENT_3D('',#5764,#4633,#4634);
#4098=AXIS2_PLACEMENT_3D('',#5766,#4635,#4636);
#4099=AXIS2_PLACEMENT_3D('',#5774,#4637,#4638);
#4100=AXIS2_PLACEMENT_3D('',#5775,#4639,#4640);
#4101=AXIS2_PLACEMENT_3D('',#5778,#4641,#4642);
#4102=AXIS2_PLACEMENT_3D('',#5781,#4645,#4646);
#4103=AXIS2_PLACEMENT_3D('',#5790,#4647,#4648);
#4104=AXIS2_PLACEMENT_3D('',#5791,#4649,#4650);
#4105=AXIS2_PLACEMENT_3D('',#5792,#4651,#4652);
#4106=AXIS2_PLACEMENT_3D('',#5798,#4656,#4657);
#4107=AXIS2_PLACEMENT_3D('',#5801,#4658,#4659);
#4108=AXIS2_PLACEMENT_3D('',#5803,#4660,#4661);
#4109=AXIS2_PLACEMENT_3D('',#5811,#4662,#4663);
#4110=AXIS2_PLACEMENT_3D('',#5812,#4664,#4665);
#4111=AXIS2_PLACEMENT_3D('',#5815,#4666,#4667);
#4112=AXIS2_PLACEMENT_3D('',#5818,#4670,#4671);
#4113=AXIS2_PLACEMENT_3D('',#5827,#4672,#4673);
#4114=AXIS2_PLACEMENT_3D('',#5828,#4674,#4675);
#4115=AXIS2_PLACEMENT_3D('',#5829,#4676,#4677);
#4116=AXIS2_PLACEMENT_3D('',#5835,#4681,#4682);
#4117=AXIS2_PLACEMENT_3D('',#5838,#4685,#4686);
#4118=AXIS2_PLACEMENT_3D('',#5848,#4692,#4693);
#4119=AXIS2_PLACEMENT_3D('',#5851,#4696,#4697);
#4120=AXIS2_PLACEMENT_3D('',#5861,#4703,#4704);
#4121=AXIS2_PLACEMENT_3D('',#5862,#4705,#4706);
#4122=AXIS2_PLACEMENT_3D('',#5863,#4707,#4708);
#4123=AXIS2_PLACEMENT_3D('',#5864,#4709,#4710);
#4124=AXIS2_PLACEMENT_3D('',#5865,#4711,#4712);
#4125=AXIS2_PLACEMENT_3D('',#5866,#4713,#4714);
#4126=AXIS2_PLACEMENT_3D('',#5867,#4715,#4716);
#4127=AXIS2_PLACEMENT_3D('',#5869,#4718,#4719);
#4128=AXIS2_PLACEMENT_3D('',#5871,#4721,#4722);
#4129=AXIS2_PLACEMENT_3D('',#5873,#4724,#4725);
#4130=AXIS2_PLACEMENT_3D('',#5874,#4726,#4727);
#4131=AXIS2_PLACEMENT_3D('',#5876,#4729,#4730);
#4132=AXIS2_PLACEMENT_3D('',#5877,#4731,#4732);
#4133=AXIS2_PLACEMENT_3D('',#5878,#4733,#4734);
#4134=AXIS2_PLACEMENT_3D('',#5880,#4736,#4737);
#4135=AXIS2_PLACEMENT_3D('',#5881,#4738,#4739);
#4136=AXIS2_PLACEMENT_3D('',#5882,#4740,#4741);
#4137=AXIS2_PLACEMENT_3D('',#5884,#4743,#4744);
#4138=AXIS2_PLACEMENT_3D('',#5886,#4746,#4747);
#4139=AXIS2_PLACEMENT_3D('',#5887,#4748,#4749);
#4140=AXIS2_PLACEMENT_3D('',#5891,#4752,#4753);
#4141=AXIS2_PLACEMENT_3D('',#5893,#4755,#4756);
#4142=AXIS2_PLACEMENT_3D('',#5894,#4757,#4758);
#4143=AXIS2_PLACEMENT_3D('',#5898,#4761,#4762);
#4144=AXIS2_PLACEMENT_3D('',#5902,#4765,#4766);
#4145=AXIS2_PLACEMENT_3D('',#5904,#4768,#4769);
#4146=AXIS2_PLACEMENT_3D('',#5905,#4770,#4771);
#4147=AXIS2_PLACEMENT_3D('',#5909,#4774,#4775);
#4148=AXIS2_PLACEMENT_3D('',#5911,#4777,#4778);
#4149=AXIS2_PLACEMENT_3D('',#5912,#4779,#4780);
#4150=AXIS2_PLACEMENT_3D('',#5916,#4783,#4784);
#4151=AXIS2_PLACEMENT_3D('',#5920,#4787,#4788);
#4152=AXIS2_PLACEMENT_3D('',#5922,#4790,#4791);
#4153=AXIS2_PLACEMENT_3D('placement',#5923,#4792,#4793);
#4154=AXIS2_PLACEMENT_3D('',#5924,#4794,#4795);
#4155=AXIS2_PLACEMENT_3D('',#5927,#4796,#4797);
#4156=AXIS2_PLACEMENT_3D('',#5928,#4798,#4799);
#4157=AXIS2_PLACEMENT_3D('',#5930,#4800,#4801);
#4158=AXIS2_PLACEMENT_3D('',#5931,#4802,#4803);
#4159=AXIS2_PLACEMENT_3D('',#5932,#4804,#4805);
#4160=AXIS2_PLACEMENT_3D('',#5935,#4806,#4807);
#4161=AXIS2_PLACEMENT_3D('',#5937,#4809,#4810);
#4162=AXIS2_PLACEMENT_3D('',#5938,#4811,#4812);
#4163=AXIS2_PLACEMENT_3D('',#5940,#4813,#4814);
#4164=AXIS2_PLACEMENT_3D('',#5941,#4815,#4816);
#4165=AXIS2_PLACEMENT_3D('',#5944,#4817,#4818);
#4166=AXIS2_PLACEMENT_3D('',#5945,#4819,#4820);
#4167=AXIS2_PLACEMENT_3D('',#5947,#4821,#4822);
#4168=AXIS2_PLACEMENT_3D('',#5948,#4823,#4824);
#4169=AXIS2_PLACEMENT_3D('',#5949,#4825,#4826);
#4170=AXIS2_PLACEMENT_3D('',#6030,#4867,#4868);
#4171=AXIS2_PLACEMENT_3D('',#6033,#4869,#4870);
#4172=AXIS2_PLACEMENT_3D('',#6035,#4871,#4872);
#4173=AXIS2_PLACEMENT_3D('',#6037,#4873,#4874);
#4174=AXIS2_PLACEMENT_3D('',#6038,#4875,#4876);
#4175=AXIS2_PLACEMENT_3D('',#6039,#4877,#4878);
#4176=AXIS2_PLACEMENT_3D('',#6040,#4879,#4880);
#4177=AXIS2_PLACEMENT_3D('',#6042,#4881,#4882);
#4178=AXIS2_PLACEMENT_3D('',#6044,#4884,#4885);
#4179=AXIS2_PLACEMENT_3D('',#6047,#4887,#4888);
#4180=AXIS2_PLACEMENT_3D('',#6048,#4889,#4890);
#4181=AXIS2_PLACEMENT_3D('',#6050,#4891,#4892);
#4182=AXIS2_PLACEMENT_3D('',#6051,#4893,#4894);
#4183=AXIS2_PLACEMENT_3D('',#6052,#4895,#4896);
#4184=AXIS2_PLACEMENT_3D('',#6133,#4937,#4938);
#4185=AXIS2_PLACEMENT_3D('',#6135,#4940,#4941);
#4186=AXIS2_PLACEMENT_3D('',#6137,#4943,#4944);
#4187=AXIS2_PLACEMENT_3D('',#6140,#4947,#4948);
#4188=AXIS2_PLACEMENT_3D('',#6142,#4950,#4951);
#4189=AXIS2_PLACEMENT_3D('',#6145,#4954,#4955);
#4190=AXIS2_PLACEMENT_3D('',#6147,#4957,#4958);
#4191=AXIS2_PLACEMENT_3D('',#6150,#4961,#4962);
#4192=AXIS2_PLACEMENT_3D('',#6152,#4964,#4965);
#4193=AXIS2_PLACEMENT_3D('',#6155,#4968,#4969);
#4194=AXIS2_PLACEMENT_3D('',#6157,#4971,#4972);
#4195=AXIS2_PLACEMENT_3D('',#6160,#4973,#4974);
#4196=AXIS2_PLACEMENT_3D('',#6164,#4976,#4977);
#4197=AXIS2_PLACEMENT_3D('',#6166,#4979,#4980);
#4198=AXIS2_PLACEMENT_3D('',#6172,#4984,#4985);
#4199=AXIS2_PLACEMENT_3D('',#6179,#4989,#4990);
#4200=AXIS2_PLACEMENT_3D('',#6180,#4991,#4992);
#4201=AXIS2_PLACEMENT_3D('',#6182,#4993,#4994);
#4202=AXIS2_PLACEMENT_3D('',#6184,#4996,#4997);
#4203=AXIS2_PLACEMENT_3D('',#6188,#5000,#5001);
#4204=AXIS2_PLACEMENT_3D('',#6191,#5002,#5003);
#4205=AXIS2_PLACEMENT_3D('',#6195,#5005,#5006);
#4206=AXIS2_PLACEMENT_3D('',#6197,#5008,#5009);
#4207=AXIS2_PLACEMENT_3D('',#6203,#5013,#5014);
#4208=AXIS2_PLACEMENT_3D('',#6210,#5018,#5019);
#4209=AXIS2_PLACEMENT_3D('',#6211,#5020,#5021);
#4210=AXIS2_PLACEMENT_3D('',#6213,#5022,#5023);
#4211=AXIS2_PLACEMENT_3D('',#6215,#5025,#5026);
#4212=AXIS2_PLACEMENT_3D('',#6219,#5029,#5030);
#4213=AXIS2_PLACEMENT_3D('',#6222,#5031,#5032);
#4214=AXIS2_PLACEMENT_3D('',#6226,#5034,#5035);
#4215=AXIS2_PLACEMENT_3D('',#6228,#5037,#5038);
#4216=AXIS2_PLACEMENT_3D('',#6234,#5042,#5043);
#4217=AXIS2_PLACEMENT_3D('',#6242,#5047,#5048);
#4218=AXIS2_PLACEMENT_3D('',#6246,#5050,#5051);
#4219=AXIS2_PLACEMENT_3D('',#6249,#5053,#5054);
#4220=AXIS2_PLACEMENT_3D('',#6250,#5055,#5056);
#4221=AXIS2_PLACEMENT_3D('',#6254,#5058,#5059);
#4222=AXIS2_PLACEMENT_3D('',#6256,#5061,#5062);
#4223=AXIS2_PLACEMENT_3D('',#6260,#5065,#5066);
#4224=AXIS2_PLACEMENT_3D('',#6263,#5067,#5068);
#4225=AXIS2_PLACEMENT_3D('',#6267,#5070,#5071);
#4226=AXIS2_PLACEMENT_3D('',#6269,#5073,#5074);
#4227=AXIS2_PLACEMENT_3D('',#6275,#5078,#5079);
#4228=AXIS2_PLACEMENT_3D('',#6283,#5083,#5084);
#4229=AXIS2_PLACEMENT_3D('',#6287,#5086,#5087);
#4230=AXIS2_PLACEMENT_3D('',#6290,#5089,#5090);
#4231=AXIS2_PLACEMENT_3D('',#6291,#5091,#5092);
#4232=AXIS2_PLACEMENT_3D('',#6295,#5094,#5095);
#4233=AXIS2_PLACEMENT_3D('',#6297,#5097,#5098);
#4234=AXIS2_PLACEMENT_3D('',#6301,#5101,#5102);
#4235=AXIS2_PLACEMENT_3D('',#6303,#5103,#5104);
#4236=AXIS2_PLACEMENT_3D('',#6305,#5106,#5107);
#4237=AXIS2_PLACEMENT_3D('',#6307,#5108,#5109);
#4238=AXIS2_PLACEMENT_3D('',#6309,#5111,#5112);
#4239=AXIS2_PLACEMENT_3D('',#6312,#5114,#5115);
#4240=AXIS2_PLACEMENT_3D('',#6313,#5116,#5117);
#4241=AXIS2_PLACEMENT_3D('',#6315,#5118,#5119);
#4242=AXIS2_PLACEMENT_3D('',#6317,#5121,#5122);
#4243=AXIS2_PLACEMENT_3D('',#6337,#5125,#5126);
#4244=AXIS2_PLACEMENT_3D('',#6398,#5131,#5132);
#4245=AXIS2_PLACEMENT_3D('',#6399,#5133,#5134);
#4246=AXIS2_PLACEMENT_3D('',#6401,#5136,#5137);
#4247=AXIS2_PLACEMENT_3D('',#6421,#5140,#5141);
#4248=AXIS2_PLACEMENT_3D('',#6482,#5146,#5147);
#4249=AXIS2_PLACEMENT_3D('',#6483,#5148,#5149);
#4250=AXIS2_PLACEMENT_3D('',#6485,#5151,#5152);
#4251=AXIS2_PLACEMENT_3D('',#6495,#5158,#5159);
#4252=AXIS2_PLACEMENT_3D('',#6501,#5163,#5164);
#4253=AXIS2_PLACEMENT_3D('',#6509,#5169,#5170);
#4254=AXIS2_PLACEMENT_3D('',#6513,#5173,#5174);
#4255=AXIS2_PLACEMENT_3D('',#6517,#5177,#5178);
#4256=AXIS2_PLACEMENT_3D('',#6521,#5181,#5182);
#4257=AXIS2_PLACEMENT_3D('',#6525,#5185,#5186);
#4258=AXIS2_PLACEMENT_3D('',#6529,#5189,#5190);
#4259=AXIS2_PLACEMENT_3D('',#6533,#5193,#5194);
#4260=AXIS2_PLACEMENT_3D('',#6535,#5196,#5197);
#4261=AXIS2_PLACEMENT_3D('',#6538,#5199,#5200);
#4262=AXIS2_PLACEMENT_3D('',#6539,#5201,#5202);
#4263=AXIS2_PLACEMENT_3D('',#6540,#5203,#5204);
#4264=AXIS2_PLACEMENT_3D('',#6543,#5207,#5208);
#4265=AXIS2_PLACEMENT_3D('',#6544,#5209,#5210);
#4266=AXIS2_PLACEMENT_3D('',#6546,#5212,#5213);
#4267=AXIS2_PLACEMENT_3D('',#6548,#5215,#5216);
#4268=AXIS2_PLACEMENT_3D('',#6549,#5217,#5218);
#4269=AXIS2_PLACEMENT_3D('',#6550,#5219,#5220);
#4270=AXIS2_PLACEMENT_3D('',#6551,#5221,#5222);
#4271=AXIS2_PLACEMENT_3D('',#6552,#5223,#5224);
#4272=AXIS2_PLACEMENT_3D('',#6553,#5225,#5226);
#4273=AXIS2_PLACEMENT_3D('',#6554,#5227,#5228);
#4274=AXIS2_PLACEMENT_3D('',#6555,#5229,#5230);
#4275=AXIS2_PLACEMENT_3D('',#6557,#5232,#5233);
#4276=AXIS2_PLACEMENT_3D('',#6559,#5235,#5236);
#4277=AXIS2_PLACEMENT_3D('',#6560,#5237,#5238);
#4278=AXIS2_PLACEMENT_3D('',#6561,#5239,#5240);
#4279=AXIS2_PLACEMENT_3D('',#6563,#5242,#5243);
#4280=AXIS2_PLACEMENT_3D('',#6565,#5245,#5246);
#4281=AXIS2_PLACEMENT_3D('',#6566,#5247,#5248);
#4282=AXIS2_PLACEMENT_3D('',#6568,#5250,#5251);
#4283=AXIS2_PLACEMENT_3D('',#6570,#5253,#5254);
#4284=AXIS2_PLACEMENT_3D('',#6571,#5255,#5256);
#4285=AXIS2_PLACEMENT_3D('',#6573,#5258,#5259);
#4286=AXIS2_PLACEMENT_3D('',#6575,#5261,#5262);
#4287=AXIS2_PLACEMENT_3D('',#6576,#5263,#5264);
#4288=AXIS2_PLACEMENT_3D('',#6579,#5267,#5268);
#4289=AXIS2_PLACEMENT_3D('',#6581,#5270,#5271);
#4290=AXIS2_PLACEMENT_3D('',#6582,#5272,#5273);
#4291=AXIS2_PLACEMENT_3D('',#6583,#5274,#5275);
#4292=AXIS2_PLACEMENT_3D('',#6587,#5278,#5279);
#4293=AXIS2_PLACEMENT_3D('',#6591,#5282,#5283);
#4294=AXIS2_PLACEMENT_3D('',#6596,#5287,#5288);
#4295=AXIS2_PLACEMENT_3D('',#6597,#5289,#5290);
#4296=AXIS2_PLACEMENT_3D('',#6598,#5291,#5292);
#4297=AXIS2_PLACEMENT_3D('',#6599,#5293,#5294);
#4298=AXIS2_PLACEMENT_3D('',#6600,#5295,#5296);
#4299=AXIS2_PLACEMENT_3D('',#6602,#5298,#5299);
#4300=AXIS2_PLACEMENT_3D('',#6603,#5300,#5301);
#4301=AXIS2_PLACEMENT_3D('',#6605,#5303,#5304);
#4302=AXIS2_PLACEMENT_3D('',#6607,#5306,#5307);
#4303=AXIS2_PLACEMENT_3D('',#6608,#5308,#5309);
#4304=AXIS2_PLACEMENT_3D('',#6609,#5310,#5311);
#4305=AXIS2_PLACEMENT_3D('',#6610,#5312,#5313);
#4306=AXIS2_PLACEMENT_3D('',#6611,#5314,#5315);
#4307=AXIS2_PLACEMENT_3D('',#6612,#5316,#5317);
#4308=AXIS2_PLACEMENT_3D('',#6616,#5320,#5321);
#4309=AXIS2_PLACEMENT_3D('',#6619,#5324,#5325);
#4310=AXIS2_PLACEMENT_3D('',#6620,#5326,#5327);
#4311=AXIS2_PLACEMENT_3D('',#6622,#5329,#5330);
#4312=AXIS2_PLACEMENT_3D('',#6624,#5332,#5333);
#4313=AXIS2_PLACEMENT_3D('',#6625,#5334,#5335);
#4314=AXIS2_PLACEMENT_3D('',#6626,#5336,#5337);
#4315=AXIS2_PLACEMENT_3D('',#6627,#5338,#5339);
#4316=AXIS2_PLACEMENT_3D('',#6629,#5341,#5342);
#4317=AXIS2_PLACEMENT_3D('',#6631,#5344,#5345);
#4318=AXIS2_PLACEMENT_3D('',#6632,#5346,#5347);
#4319=AXIS2_PLACEMENT_3D('',#6635,#5350,#5351);
#4320=AXIS2_PLACEMENT_3D('',#6637,#5353,#5354);
#4321=AXIS2_PLACEMENT_3D('',#6638,#5355,#5356);
#4322=AXIS2_PLACEMENT_3D('',#6639,#5357,#5358);
#4323=AXIS2_PLACEMENT_3D('',#6641,#5360,#5361);
#4324=AXIS2_PLACEMENT_3D('',#6644,#5364,#5365);
#4325=AXIS2_PLACEMENT_3D('',#6645,#5366,#5367);
#4326=AXIS2_PLACEMENT_3D('',#6648,#5370,#5371);
#4327=AXIS2_PLACEMENT_3D('',#6650,#5373,#5374);
#4328=AXIS2_PLACEMENT_3D('',#6651,#5375,#5376);
#4329=AXIS2_PLACEMENT_3D('',#6652,#5377,#5378);
#4330=AXIS2_PLACEMENT_3D('placement',#6653,#5379,#5380);
#4331=AXIS2_PLACEMENT_3D('',#6654,#5381,#5382);
#4332=AXIS2_PLACEMENT_3D('',#6656,#5383,#5384);
#4333=AXIS2_PLACEMENT_3D('',#6658,#5385,#5386);
#4334=AXIS2_PLACEMENT_3D('',#6659,#5387,#5388);
#4335=AXIS2_PLACEMENT_3D('',#6660,#5389,#5390);
#4336=AXIS2_PLACEMENT_3D('',#6662,#5391,#5392);
#4337=AXIS2_PLACEMENT_3D('',#6664,#5394,#5395);
#4338=AXIS2_PLACEMENT_3D('',#6666,#5396,#5397);
#4339=AXIS2_PLACEMENT_3D('',#6667,#5398,#5399);
#4340=AXIS2_PLACEMENT_3D('',#6669,#5400,#5401);
#4341=AXIS2_PLACEMENT_3D('',#6670,#5402,#5403);
#4342=AXIS2_PLACEMENT_3D('',#6671,#5404,#5405);
#4343=AXIS2_PLACEMENT_3D('',#6672,#5406,#5407);
#4344=AXIS2_PLACEMENT_3D('',#6675,#5409,#5410);
#4345=AXIS2_PLACEMENT_3D('',#6676,#5411,#5412);
#4346=AXIS2_PLACEMENT_3D('placement',#6677,#5413,#5414);
#4347=AXIS2_PLACEMENT_3D('',#6678,#5415,#5416);
#4348=AXIS2_PLACEMENT_3D('',#6687,#5421,#5422);
#4349=AXIS2_PLACEMENT_3D('',#6693,#5426,#5427);
#4350=AXIS2_PLACEMENT_3D('',#6699,#5431,#5432);
#4351=AXIS2_PLACEMENT_3D('',#6702,#5435,#5436);
#4352=AXIS2_PLACEMENT_3D('',#6703,#5437,#5438);
#4353=AXIS2_PLACEMENT_3D('placement',#6704,#5439,#5440);
#4354=AXIS2_PLACEMENT_3D('',#6705,#5441,#5442);
#4355=AXIS2_PLACEMENT_3D('',#6714,#5447,#5448);
#4356=AXIS2_PLACEMENT_3D('',#6720,#5452,#5453);
#4357=AXIS2_PLACEMENT_3D('',#6726,#5457,#5458);
#4358=AXIS2_PLACEMENT_3D('',#6729,#5461,#5462);
#4359=AXIS2_PLACEMENT_3D('',#6730,#5463,#5464);
#4360=AXIS2_PLACEMENT_3D('',#6731,#5465,#5466);
#4361=AXIS2_PLACEMENT_3D('',#6732,#5467,#5468);
#4362=AXIS2_PLACEMENT_3D('',#6733,#5469,#5470);
#4363=AXIS2_PLACEMENT_3D('',#6734,#5471,#5472);
#4364=AXIS2_PLACEMENT_3D('',#6735,#5473,#5474);
#4365=AXIS2_PLACEMENT_3D('',#6736,#5475,#5476);
#4366=AXIS2_PLACEMENT_3D('',#6737,#5477,#5478);
#4367=DIRECTION('axis',(0.,0.,1.));
#4368=DIRECTION('refdir',(1.,0.,0.));
#4369=DIRECTION('axis',(0.,0.,1.));
#4370=DIRECTION('refdir',(1.,0.,0.));
#4371=DIRECTION('center_axis',(0.,0.,-1.));
#4372=DIRECTION('ref_axis',(-1.,0.,0.));
#4373=DIRECTION('center_axis',(0.,0.,-1.));
#4374=DIRECTION('ref_axis',(-1.,0.,0.));
#4375=DIRECTION('',(0.,0.,-1.));
#4376=DIRECTION('center_axis',(0.,0.,1.));
#4377=DIRECTION('ref_axis',(-1.,0.,0.));
#4378=DIRECTION('center_axis',(0.,0.,-1.));
#4379=DIRECTION('ref_axis',(-1.,0.,0.));
#4380=DIRECTION('center_axis',(0.,-1.,0.));
#4381=DIRECTION('ref_axis',(-0.707106781186548,0.,-0.707106781186548));
#4382=DIRECTION('center_axis',(9.25185853854297E-17,1.,0.));
#4383=DIRECTION('ref_axis',(-0.707106781186548,0.,-0.707106781186548));
#4384=DIRECTION('',(0.,-1.,0.));
#4385=DIRECTION('center_axis',(9.25185853854297E-17,-1.,0.));
#4386=DIRECTION('ref_axis',(-0.707106781186548,0.,-0.707106781186548));
#4387=DIRECTION('',(0.,1.,0.));
#4388=DIRECTION('center_axis',(0.,0.,1.));
#4389=DIRECTION('ref_axis',(1.,0.,0.));
#4390=DIRECTION('',(1.,-9.25185853854297E-17,0.));
#4391=DIRECTION('',(0.,-1.,0.));
#4392=DIRECTION('',(-1.,-9.25185853854297E-17,0.));
#4393=DIRECTION('center_axis',(0.,1.,0.));
#4394=DIRECTION('ref_axis',(0.707106781186548,0.,-0.707106781186548));
#4395=DIRECTION('center_axis',(0.,-1.,0.));
#4396=DIRECTION('ref_axis',(0.707106781186548,0.,-0.707106781186548));
#4397=DIRECTION('',(0.,1.,0.));
#4398=DIRECTION('center_axis',(0.,1.,0.));
#4399=DIRECTION('ref_axis',(0.707106781186548,0.,-0.707106781186548));
#4400=DIRECTION('',(0.,-1.,0.));
#4401=DIRECTION('center_axis',(0.,0.,1.));
#4402=DIRECTION('ref_axis',(1.,0.,0.));
#4403=DIRECTION('',(-1.,0.,0.));
#4404=DIRECTION('',(0.,1.,0.));
#4405=DIRECTION('',(1.,0.,0.));
#4406=DIRECTION('center_axis',(1.,8.95341148891255E-17,0.));
#4407=DIRECTION('ref_axis',(0.,0.707106781186548,0.707106781186548));
#4408=DIRECTION('',(1.,8.95341148891255E-17,0.));
#4409=DIRECTION('center_axis',(-0.923879532511282,0.3826834323651,0.));
#4410=DIRECTION('ref_axis',(-0.3826834323651,-0.923879532511282,0.));
#4411=DIRECTION('',(-1.,-8.95341148891255E-17,0.));
#4412=DIRECTION('center_axis',(0.923879532511287,0.382683432365089,0.));
#4413=DIRECTION('ref_axis',(-0.382683432365089,0.923879532511287,0.));
#4414=DIRECTION('center_axis',(0.,1.,0.));
#4415=DIRECTION('ref_axis',(-0.707106781186548,0.,0.707106781186548));
#4416=DIRECTION('',(0.,1.,0.));
#4417=DIRECTION('center_axis',(-0.382683432365074,-0.923879532511293,-1.28214041121745E-14));
#4418=DIRECTION('ref_axis',(0.923879532511293,-0.382683432365074,3.09536076962794E-14));
#4419=DIRECTION('',(0.,-1.,0.));
#4420=DIRECTION('center_axis',(-0.382683432365085,0.923879532511289,0.));
#4421=DIRECTION('ref_axis',(-0.923879532511289,-0.382683432365085,0.));
#4422=DIRECTION('center_axis',(-1.,0.,0.));
#4423=DIRECTION('ref_axis',(0.,-0.707106781186548,0.707106781186548));
#4424=DIRECTION('',(-1.,0.,0.));
#4425=DIRECTION('center_axis',(0.923879532511289,-0.382683432365085,0.));
#4426=DIRECTION('ref_axis',(0.382683432365085,0.923879532511289,0.));
#4427=DIRECTION('',(1.,0.,0.));
#4428=DIRECTION('center_axis',(-0.923879532511289,-0.382683432365085,0.));
#4429=DIRECTION('ref_axis',(0.382683432365085,-0.923879532511289,0.));
#4430=DIRECTION('center_axis',(-0.707106781186548,-0.707106781186548,0.));
#4431=DIRECTION('ref_axis',(0.499999999999999,-0.499999999999999,0.707106781186549));
#4432=DIRECTION('',(-0.707106781186548,-0.707106781186548,0.));
#4433=DIRECTION('',(0.707106781186548,0.707106781186548,0.));
#4434=DIRECTION('center_axis',(-0.382683432365085,-0.923879532511289,0.));
#4435=DIRECTION('ref_axis',(0.923879532511289,-0.382683432365085,0.));
#4436=DIRECTION('center_axis',(-0.707106781186548,0.707106781186548,0.));
#4437=DIRECTION('ref_axis',(-0.499999999999999,-0.499999999999999,0.707106781186549));
#4438=DIRECTION('',(-0.707106781186548,0.707106781186548,0.));
#4439=DIRECTION('',(0.707106781186548,-0.707106781186548,0.));
#4440=DIRECTION('center_axis',(0.,-1.,0.));
#4441=DIRECTION('ref_axis',(0.707106781186548,0.,0.707106781186548));
#4442=DIRECTION('',(0.,-1.,0.));
#4443=DIRECTION('',(0.,1.,0.));
#4444=DIRECTION('center_axis',(0.382683432365085,-0.923879532511289,0.));
#4445=DIRECTION('ref_axis',(0.923879532511289,0.382683432365085,0.));
#4446=DIRECTION('center_axis',(0.707106781186548,-0.707106781186548,0.));
#4447=DIRECTION('ref_axis',(0.499999999999999,0.499999999999999,0.707106781186549));
#4448=DIRECTION('',(0.707106781186547,-0.707106781186547,0.));
#4449=DIRECTION('',(-0.707106781186548,0.707106781186548,0.));
#4450=DIRECTION('center_axis',(0.707106781186548,0.707106781186547,0.));
#4451=DIRECTION('ref_axis',(-0.499999999999999,0.499999999999999,0.707106781186549));
#4452=DIRECTION('',(0.707106781186548,0.707106781186547,0.));
#4453=DIRECTION('',(-0.707106781186548,-0.707106781186547,0.));
#4454=DIRECTION('center_axis',(0.707106781186548,0.707106781186548,0.));
#4455=DIRECTION('ref_axis',(0.,0.,-1.));
#4456=DIRECTION('',(0.,0.,-1.));
#4457=DIRECTION('',(0.707106781186548,-0.707106781186548,0.));
#4458=DIRECTION('',(0.,0.,1.));
#4459=DIRECTION('center_axis',(1.,0.,0.));
#4460=DIRECTION('ref_axis',(0.,0.,-1.));
#4461=DIRECTION('',(0.,0.,-1.));
#4462=DIRECTION('',(0.,-1.,0.));
#4463=DIRECTION('',(0.,0.,1.));
#4464=DIRECTION('',(0.,1.,0.));
#4465=DIRECTION('',(0.,0.,-1.));
#4466=DIRECTION('',(0.,1.,0.));
#4467=DIRECTION('center_axis',(-1.,0.,0.));
#4468=DIRECTION('ref_axis',(0.,1.,-7.66646708341687E-17));
#4469=DIRECTION('',(0.,0.,1.));
#4470=DIRECTION('center_axis',(-1.,0.,0.));
#4471=DIRECTION('ref_axis',(0.,-1.,-7.66646708341687E-17));
#4472=DIRECTION('',(0.,1.,0.));
#4473=DIRECTION('',(0.,0.,1.));
#4474=DIRECTION('',(0.,1.,0.));
#4475=DIRECTION('',(0.,0.,-1.));
#4476=DIRECTION('',(0.,-1.,0.));
#4477=DIRECTION('',(0.,0.,1.));
#4478=DIRECTION('center_axis',(0.707106781186548,-0.707106781186548,0.));
#4479=DIRECTION('ref_axis',(0.,0.,-1.));
#4480=DIRECTION('',(0.,0.,-1.));
#4481=DIRECTION('',(-0.707106781186548,-0.707106781186548,0.));
#4482=DIRECTION('center_axis',(0.,-1.,0.));
#4483=DIRECTION('ref_axis',(0.,0.,-1.));
#4484=DIRECTION('',(0.,0.,1.));
#4485=DIRECTION('',(-1.,0.,0.));
#4486=DIRECTION('center_axis',(0.,0.,1.));
#4487=DIRECTION('ref_axis',(1.,0.,0.));
#4488=DIRECTION('center_axis',(1.,0.,0.));
#4489=DIRECTION('ref_axis',(0.,-0.707106781186548,-0.707106781186547));
#4490=DIRECTION('',(1.,0.,0.));
#4491=DIRECTION('center_axis',(-0.923879532511289,-0.382683432365085,0.));
#4492=DIRECTION('ref_axis',(-0.382683432365085,0.923879532511289,0.));
#4493=DIRECTION('center_axis',(0.923879532511289,-0.382683432365085,0.));
#4494=DIRECTION('ref_axis',(-0.382683432365085,-0.923879532511289,0.));
#4495=DIRECTION('center_axis',(0.707106781186548,-0.707106781186548,0.));
#4496=DIRECTION('ref_axis',(-0.499999999999999,-0.499999999999999,-0.707106781186549));
#4497=DIRECTION('center_axis',(1.,0.,0.));
#4498=DIRECTION('ref_axis',(0.,-1.,-7.66646708341687E-17));
#4499=DIRECTION('',(0.707106781186548,-0.707106781186548,0.));
#4500=DIRECTION('',(-0.707106781186548,0.707106781186548,0.));
#4501=DIRECTION('center_axis',(0.707106781186548,0.707106781186548,0.));
#4502=DIRECTION('ref_axis',(0.499999999999999,-0.499999999999999,-0.707106781186549));
#4503=DIRECTION('',(0.707106781186547,0.707106781186547,0.));
#4504=DIRECTION('center_axis',(-1.,0.,0.));
#4505=DIRECTION('ref_axis',(0.,0.,1.));
#4506=DIRECTION('',(0.,0.,-1.));
#4507=DIRECTION('',(0.,1.,0.));
#4508=DIRECTION('',(0.,0.,1.));
#4509=DIRECTION('',(0.,-1.,0.));
#4510=DIRECTION('',(0.,0.,-1.));
#4511=DIRECTION('',(0.,-1.,0.));
#4512=DIRECTION('',(0.,0.,-1.));
#4513=DIRECTION('',(0.,0.,1.));
#4514=DIRECTION('center_axis',(1.,0.,0.));
#4515=DIRECTION('ref_axis',(0.,1.,7.66646708341688E-17));
#4516=DIRECTION('',(0.,-1.,0.));
#4517=DIRECTION('',(0.,0.,1.));
#4518=DIRECTION('',(0.,-1.,0.));
#4519=DIRECTION('',(0.,0.,-1.));
#4520=DIRECTION('',(0.,1.,0.));
#4521=DIRECTION('',(0.,0.,1.));
#4522=DIRECTION('center_axis',(-0.707106781186548,-0.707106781186548,0.));
#4523=DIRECTION('ref_axis',(0.,0.,1.));
#4524=DIRECTION('center_axis',(0.,-1.,0.));
#4525=DIRECTION('ref_axis',(-0.707106781186548,0.,-0.707106781186547));
#4526=DIRECTION('center_axis',(3.46944695195361E-16,1.,0.));
#4527=DIRECTION('ref_axis',(-0.707106781186548,0.,-0.707106781186547));
#4528=DIRECTION('center_axis',(-0.70710678118655,-0.707106781186545,0.));
#4529=DIRECTION('ref_axis',(-0.707106781186545,0.70710678118655,0.));
#4530=DIRECTION('',(0.,-1.,0.));
#4531=DIRECTION('center_axis',(0.,-1.,0.));
#4532=DIRECTION('ref_axis',(-0.707106781186548,0.,-0.707106781186547));
#4533=DIRECTION('center_axis',(0.,-1.,0.));
#4534=DIRECTION('ref_axis',(-0.707106781186548,0.,-0.707106781186547));
#4535=DIRECTION('',(0.,-1.,0.));
#4536=DIRECTION('center_axis',(-0.707106781186543,0.707106781186552,7.35980840008025E-15));
#4537=DIRECTION('ref_axis',(0.707106781186552,0.707106781186543,-7.35980840008035E-15));
#4538=DIRECTION('center_axis',(-1.,9.25185853854297E-17,0.));
#4539=DIRECTION('ref_axis',(0.,-0.707106781186548,-0.707106781186547));
#4540=DIRECTION('',(-1.,9.25185853854297E-17,0.));
#4541=DIRECTION('',(1.,-9.25185853854297E-17,0.));
#4542=DIRECTION('center_axis',(-0.707106781186548,0.707106781186548,0.));
#4543=DIRECTION('ref_axis',(0.707106781186548,0.707106781186548,0.));
#4544=DIRECTION('center_axis',(0.,1.,0.));
#4545=DIRECTION('ref_axis',(-0.707106781186548,0.,-0.707106781186547));
#4546=DIRECTION('',(0.,1.,0.));
#4547=DIRECTION('',(0.,-1.,0.));
#4548=DIRECTION('center_axis',(0.707106781186548,0.707106781186548,-2.4532694666934E-15));
#4549=DIRECTION('ref_axis',(0.707106781186547,-0.707106781186547,-2.4532694666934E-15));
#4550=DIRECTION('center_axis',(1.,9.25185853854297E-17,0.));
#4551=DIRECTION('ref_axis',(0.,0.707106781186548,-0.707106781186547));
#4552=DIRECTION('',(-1.,-9.25185853854297E-17,0.));
#4553=DIRECTION('',(1.,9.25185853854297E-17,0.));
#4554=DIRECTION('center_axis',(0.,0.,1.));
#4555=DIRECTION('ref_axis',(1.,0.,0.));
#4556=DIRECTION('',(1.,-6.93889390390723E-16,0.));
#4557=DIRECTION('',(0.,1.,0.));
#4558=DIRECTION('',(-1.,3.46944695195361E-16,0.));
#4559=DIRECTION('',(1.,0.,0.));
#4560=DIRECTION('',(3.46944695195361E-16,1.,0.));
#4561=DIRECTION('',(-1.,0.,0.));
#4562=DIRECTION('',(-0.707106781186548,-0.707106781186547,0.));
#4563=DIRECTION('',(-1.,-8.95341148891255E-17,0.));
#4564=DIRECTION('',(-0.707106781186548,0.707106781186548,0.));
#4565=DIRECTION('',(-1.,6.93889390390723E-16,0.));
#4566=DIRECTION('',(-3.46944695195361E-16,-1.,0.));
#4567=DIRECTION('',(1.,0.,0.));
#4568=DIRECTION('',(0.,1.,0.));
#4569=DIRECTION('',(1.,0.,0.));
#4570=DIRECTION('',(0.,1.,0.));
#4571=DIRECTION('',(-1.,0.,0.));
#4572=DIRECTION('',(0.,1.,0.));
#4573=DIRECTION('',(-1.,0.,0.));
#4574=DIRECTION('',(-1.04083408558608E-15,-1.,0.));
#4575=DIRECTION('',(1.,0.,0.));
#4576=DIRECTION('',(0.,-1.,0.));
#4577=DIRECTION('',(1.,2.31296463463574E-16,0.));
#4578=DIRECTION('',(0.,1.,0.));
#4579=DIRECTION('',(-1.,2.31296463463574E-16,0.));
#4580=DIRECTION('center_axis',(0.,-1.,0.));
#4581=DIRECTION('ref_axis',(0.,0.,-1.));
#4582=DIRECTION('',(-1.,0.,0.));
#4583=DIRECTION('',(0.,0.,1.));
#4584=DIRECTION('center_axis',(-0.707106781186548,-0.707106781186547,0.));
#4585=DIRECTION('ref_axis',(-0.499999999999999,0.499999999999999,-0.707106781186549));
#4586=DIRECTION('',(0.707106781186548,0.707106781186547,0.));
#4587=DIRECTION('center_axis',(-0.923879532511287,-0.382683432365089,-1.28214041121745E-14));
#4588=DIRECTION('ref_axis',(-0.382683432365089,0.923879532511287,-3.09536076962778E-14));
#4589=DIRECTION('center_axis',(-1.,-8.95341148891255E-17,0.));
#4590=DIRECTION('ref_axis',(0.,0.707106781186548,-0.707106781186547));
#4591=DIRECTION('',(1.,8.95341148891255E-17,0.));
#4592=DIRECTION('center_axis',(-0.923879532511282,0.3826834323651,0.));
#4593=DIRECTION('ref_axis',(0.3826834323651,0.923879532511282,0.));
#4594=DIRECTION('center_axis',(-0.707106781186548,0.707106781186548,0.));
#4595=DIRECTION('ref_axis',(0.499999999999999,0.499999999999999,-0.707106781186549));
#4596=DIRECTION('center_axis',(0.,1.,0.));
#4597=DIRECTION('ref_axis',(0.707106781186548,0.,-0.707106781186547));
#4598=DIRECTION('center_axis',(0.,-1.,0.));
#4599=DIRECTION('ref_axis',(0.707106781186548,0.,-0.707106781186547));
#4600=DIRECTION('center_axis',(0.707106781186549,0.707106781186546,0.));
#4601=DIRECTION('ref_axis',(0.707106781186546,-0.707106781186549,0.));
#4602=DIRECTION('center_axis',(0.,1.,0.));
#4603=DIRECTION('ref_axis',(0.707106781186548,0.,-0.707106781186547));
#4604=DIRECTION('center_axis',(0.,1.,0.));
#4605=DIRECTION('ref_axis',(0.707106781186548,0.,-0.707106781186547));
#4606=DIRECTION('center_axis',(0.707106781186546,-0.707106781186549,4.90653893338681E-15));
#4607=DIRECTION('ref_axis',(-0.707106781186549,-0.707106781186546,-4.90653893338682E-15));
#4608=DIRECTION('center_axis',(0.,-1.,0.));
#4609=DIRECTION('ref_axis',(0.707106781186548,0.,-0.707106781186547));
#4610=DIRECTION('',(0.,-1.,0.));
#4611=DIRECTION('center_axis',(-0.707106781186548,0.707106781186548,0.));
#4612=DIRECTION('ref_axis',(0.707106781186547,0.707106781186547,0.));
#4613=DIRECTION('center_axis',(-0.707106781186548,-0.707106781186548,0.));
#4614=DIRECTION('ref_axis',(-0.707106781186547,0.707106781186547,0.));
#4615=DIRECTION('center_axis',(1.,0.,0.));
#4616=DIRECTION('ref_axis',(0.,0.707106781186548,-0.707106781186547));
#4617=DIRECTION('',(1.,0.,0.));
#4618=DIRECTION('center_axis',(-1.,0.,0.));
#4619=DIRECTION('ref_axis',(0.,-0.707106781186548,-0.707106781186547));
#4620=DIRECTION('',(-1.,0.,0.));
#4621=DIRECTION('center_axis',(0.,1.,0.));
#4622=DIRECTION('ref_axis',(0.,0.,1.));
#4623=DIRECTION('',(1.,0.,0.));
#4624=DIRECTION('',(0.,0.,1.));
#4625=DIRECTION('center_axis',(0.,-1.,0.));
#4626=DIRECTION('ref_axis',(0.,0.,-1.));
#4627=DIRECTION('',(0.,0.,1.));
#4628=DIRECTION('center_axis',(-1.,0.,0.));
#4629=DIRECTION('ref_axis',(0.,0.,1.));
#4630=DIRECTION('',(0.,0.,1.));
#4631=DIRECTION('center_axis',(0.,-1.,0.));
#4632=DIRECTION('ref_axis',(0.,0.,-1.));
#4633=DIRECTION('center_axis',(1.,0.,0.));
#4634=DIRECTION('ref_axis',(0.,-1.,0.));
#4635=DIRECTION('center_axis',(0.,1.,0.));
#4636=DIRECTION('ref_axis',(0.707106781186547,0.,0.707106781186548));
#4637=DIRECTION('center_axis',(0.,-1.,0.));
#4638=DIRECTION('ref_axis',(0.707106781186547,0.,0.707106781186548));
#4639=DIRECTION('center_axis',(-1.,0.,0.));
#4640=DIRECTION('ref_axis',(0.,-0.707106781186547,-0.707106781186548));
#4641=DIRECTION('center_axis',(1.,0.,0.));
#4642=DIRECTION('ref_axis',(0.,-1.,0.));
#4643=DIRECTION('',(1.,0.,0.));
#4644=DIRECTION('',(-1.,0.,0.));
#4645=DIRECTION('center_axis',(0.,-1.,0.));
#4646=DIRECTION('ref_axis',(0.,0.,-1.));
#4647=DIRECTION('center_axis',(0.,1.,0.));
#4648=DIRECTION('ref_axis',(-0.707106781186548,0.,0.707106781186548));
#4649=DIRECTION('center_axis',(0.,-1.,0.));
#4650=DIRECTION('ref_axis',(-0.707106781186548,0.,0.707106781186548));
#4651=DIRECTION('center_axis',(0.,1.,0.));
#4652=DIRECTION('ref_axis',(0.,0.,1.));
#4653=DIRECTION('',(0.,0.,-1.));
#4654=DIRECTION('',(1.,0.,0.));
#4655=DIRECTION('',(0.,0.,1.));
#4656=DIRECTION('center_axis',(0.,1.,0.));
#4657=DIRECTION('ref_axis',(0.,0.,1.));
#4658=DIRECTION('center_axis',(-1.,0.,0.));
#4659=DIRECTION('ref_axis',(0.,1.,0.));
#4660=DIRECTION('center_axis',(0.,-1.,0.));
#4661=DIRECTION('ref_axis',(-0.707106781186547,0.,0.707106781186548));
#4662=DIRECTION('center_axis',(0.,1.,0.));
#4663=DIRECTION('ref_axis',(-0.707106781186547,0.,0.707106781186548));
#4664=DIRECTION('center_axis',(1.,0.,0.));
#4665=DIRECTION('ref_axis',(0.,0.707106781186547,-0.707106781186548));
#4666=DIRECTION('center_axis',(-1.,0.,0.));
#4667=DIRECTION('ref_axis',(0.,1.,0.));
#4668=DIRECTION('',(-1.,0.,0.));
#4669=DIRECTION('',(1.,0.,0.));
#4670=DIRECTION('center_axis',(0.,1.,0.));
#4671=DIRECTION('ref_axis',(0.,0.,1.));
#4672=DIRECTION('center_axis',(0.,-1.,0.));
#4673=DIRECTION('ref_axis',(0.707106781186548,0.,0.707106781186548));
#4674=DIRECTION('center_axis',(0.,1.,0.));
#4675=DIRECTION('ref_axis',(0.707106781186548,0.,0.707106781186548));
#4676=DIRECTION('center_axis',(0.,-1.,0.));
#4677=DIRECTION('ref_axis',(0.,0.,-1.));
#4678=DIRECTION('',(0.,0.,-1.));
#4679=DIRECTION('',(-1.,0.,0.));
#4680=DIRECTION('',(0.,0.,1.));
#4681=DIRECTION('center_axis',(0.,-1.,0.));
#4682=DIRECTION('ref_axis',(0.707106781186547,0.,0.707106781186548));
#4683=DIRECTION('',(0.,1.,0.));
#4684=DIRECTION('',(0.,-1.,0.));
#4685=DIRECTION('center_axis',(1.,0.,0.));
#4686=DIRECTION('ref_axis',(0.,0.,-1.));
#4687=DIRECTION('',(0.,-1.,0.));
#4688=DIRECTION('',(0.,0.,1.));
#4689=DIRECTION('',(0.,1.,0.));
#4690=DIRECTION('',(0.,0.,1.));
#4691=DIRECTION('',(0.,-1.,0.));
#4692=DIRECTION('center_axis',(0.,1.,0.));
#4693=DIRECTION('ref_axis',(-0.707106781186547,0.,0.707106781186548));
#4694=DIRECTION('',(0.,1.,0.));
#4695=DIRECTION('',(0.,-1.,0.));
#4696=DIRECTION('center_axis',(-1.,0.,0.));
#4697=DIRECTION('ref_axis',(0.,0.,1.));
#4698=DIRECTION('',(0.,1.,0.));
#4699=DIRECTION('',(0.,0.,1.));
#4700=DIRECTION('',(0.,-1.,0.));
#4701=DIRECTION('',(0.,0.,1.));
#4702=DIRECTION('',(0.,1.,0.));
#4703=DIRECTION('center_axis',(0.,-1.,0.));
#4704=DIRECTION('ref_axis',(0.707106781186548,0.,-0.707106781186547));
#4705=DIRECTION('center_axis',(0.707106781186548,-0.707106781186548,0.));
#4706=DIRECTION('ref_axis',(-0.707106781186548,-0.707106781186548,0.));
#4707=DIRECTION('center_axis',(-0.707106781186548,-0.707106781186548,0.));
#4708=DIRECTION('ref_axis',(-0.707106781186547,0.707106781186547,0.));
#4709=DIRECTION('center_axis',(0.,1.,0.));
#4710=DIRECTION('ref_axis',(-0.707106781186548,0.,-0.707106781186547));
#4711=DIRECTION('center_axis',(0.707106781186548,-0.707106781186548,0.));
#4712=DIRECTION('ref_axis',(-0.707106781186547,-0.707106781186547,0.));
#4713=DIRECTION('center_axis',(0.707106781186548,0.707106781186548,0.));
#4714=DIRECTION('ref_axis',(0.707106781186547,-0.707106781186547,0.));
#4715=DIRECTION('center_axis',(1.,-2.31296463463574E-16,0.));
#4716=DIRECTION('ref_axis',(6.13317366673349E-16,0.707106781186548,-0.707106781186547));
#4717=DIRECTION('',(1.,-2.31296463463574E-16,0.));
#4718=DIRECTION('center_axis',(-1.,-2.31296463463574E-16,0.));
#4719=DIRECTION('ref_axis',(6.13317366673349E-16,-0.707106781186548,-0.707106781186547));
#4720=DIRECTION('',(-1.,-2.31296463463574E-16,0.));
#4721=DIRECTION('center_axis',(-2.31296463463574E-16,1.,0.));
#4722=DIRECTION('ref_axis',(0.,0.,1.));
#4723=DIRECTION('',(1.,0.,0.));
#4724=DIRECTION('center_axis',(6.98668615812121E-33,-4.06246264541018E-31,
1.));
#4725=DIRECTION('ref_axis',(1.,0.,-6.98668615812121E-33));
#4726=DIRECTION('center_axis',(1.99619604517748E-33,-3.5198232306803E-32,
1.));
#4727=DIRECTION('ref_axis',(1.,0.,-1.99619604517748E-33));
#4728=DIRECTION('',(-1.,0.,0.));
#4729=DIRECTION('center_axis',(-2.31296463463574E-16,-1.,0.));
#4730=DIRECTION('ref_axis',(0.,0.,-1.));
#4731=DIRECTION('center_axis',(0.,0.,1.));
#4732=DIRECTION('ref_axis',(1.,0.,0.));
#4733=DIRECTION('center_axis',(-8.95341148891255E-17,1.,0.));
#4734=DIRECTION('ref_axis',(0.,0.,1.));
#4735=DIRECTION('',(0.,0.,-1.));
#4736=DIRECTION('center_axis',(-0.707106781186547,0.707106781186548,0.));
#4737=DIRECTION('ref_axis',(0.,0.,1.));
#4738=DIRECTION('center_axis',(0.,1.,0.));
#4739=DIRECTION('ref_axis',(0.,0.,1.));
#4740=DIRECTION('center_axis',(9.25185853854297E-17,1.,0.));
#4741=DIRECTION('ref_axis',(0.,0.,1.));
#4742=DIRECTION('',(0.,0.,1.));
#4743=DIRECTION('center_axis',(1.,0.,0.));
#4744=DIRECTION('ref_axis',(0.,0.,-1.));
#4745=DIRECTION('',(0.,0.,1.));
#4746=DIRECTION('center_axis',(9.25185853854297E-17,-1.,0.));
#4747=DIRECTION('ref_axis',(0.,0.,-1.));
#4748=DIRECTION('center_axis',(-1.,1.04083408558608E-15,0.));
#4749=DIRECTION('ref_axis',(0.,0.,1.));
#4750=DIRECTION('',(1.04083408558608E-15,1.,0.));
#4751=DIRECTION('',(0.,0.,1.));
#4752=DIRECTION('center_axis',(0.,-1.,0.));
#4753=DIRECTION('ref_axis',(0.,0.,-1.));
#4754=DIRECTION('',(-1.,0.,0.));
#4755=DIRECTION('center_axis',(0.,0.,1.));
#4756=DIRECTION('ref_axis',(1.,0.,0.));
#4757=DIRECTION('center_axis',(0.,-1.,0.));
#4758=DIRECTION('ref_axis',(0.,0.,-1.));
#4759=DIRECTION('',(0.,0.,1.));
#4760=DIRECTION('',(-1.,0.,0.));
#4761=DIRECTION('center_axis',(-1.,3.46944695195361E-16,0.));
#4762=DIRECTION('ref_axis',(0.,0.,1.));
#4763=DIRECTION('',(3.46944695195361E-16,1.,0.));
#4764=DIRECTION('',(0.,0.,1.));
#4765=DIRECTION('center_axis',(6.93889390390723E-16,1.,0.));
#4766=DIRECTION('ref_axis',(0.,0.,1.));
#4767=DIRECTION('',(1.,-6.93889390390723E-16,0.));
#4768=DIRECTION('center_axis',(0.,0.,1.));
#4769=DIRECTION('ref_axis',(1.,0.,0.));
#4770=DIRECTION('center_axis',(1.,-3.46944695195361E-16,0.));
#4771=DIRECTION('ref_axis',(0.,0.,-1.));
#4772=DIRECTION('',(-3.46944695195361E-16,-1.,0.));
#4773=DIRECTION('',(0.,0.,1.));
#4774=DIRECTION('center_axis',(0.,1.,0.));
#4775=DIRECTION('ref_axis',(0.,0.,1.));
#4776=DIRECTION('',(1.,0.,0.));
#4777=DIRECTION('center_axis',(0.,0.,1.));
#4778=DIRECTION('ref_axis',(1.,0.,0.));
#4779=DIRECTION('center_axis',(3.46944695195361E-16,1.,0.));
#4780=DIRECTION('ref_axis',(0.,0.,1.));
#4781=DIRECTION('',(0.,0.,1.));
#4782=DIRECTION('',(1.,-3.46944695195361E-16,0.));
#4783=DIRECTION('center_axis',(1.,0.,0.));
#4784=DIRECTION('ref_axis',(0.,0.,-1.));
#4785=DIRECTION('',(0.,-1.,0.));
#4786=DIRECTION('',(0.,0.,1.));
#4787=DIRECTION('center_axis',(-6.93889390390723E-16,-1.,0.));
#4788=DIRECTION('ref_axis',(0.,0.,-1.));
#4789=DIRECTION('',(-1.,6.93889390390723E-16,0.));
#4790=DIRECTION('center_axis',(0.,0.,1.));
#4791=DIRECTION('ref_axis',(1.,0.,0.));
#4792=DIRECTION('axis',(0.,0.,1.));
#4793=DIRECTION('refdir',(1.,0.,0.));
#4794=DIRECTION('center_axis',(0.,0.,-1.));
#4795=DIRECTION('ref_axis',(-1.,0.,0.));
#4796=DIRECTION('center_axis',(0.,0.,1.));
#4797=DIRECTION('ref_axis',(0.,-1.,0.));
#4798=DIRECTION('center_axis',(0.,0.,1.));
#4799=DIRECTION('ref_axis',(0.,-1.,0.));
#4800=DIRECTION('center_axis',(-1.22464679914735E-16,-1.,0.));
#4801=DIRECTION('ref_axis',(1.,-1.22464679914735E-16,0.));
#4802=DIRECTION('center_axis',(0.,0.,-1.));
#4803=DIRECTION('ref_axis',(1.22464679914735E-16,-1.,0.));
#4804=DIRECTION('center_axis',(0.,0.,-1.));
#4805=DIRECTION('ref_axis',(0.,1.,0.));
#4806=DIRECTION('center_axis',(0.,0.,-1.));
#4807=DIRECTION('ref_axis',(0.,-1.,0.));
#4808=DIRECTION('',(4.97376172462971E-17,0.406138466053448,0.913811548620257));
#4809=DIRECTION('center_axis',(0.,0.,-1.));
#4810=DIRECTION('ref_axis',(0.,-1.,0.));
#4811=DIRECTION('center_axis',(0.,0.,1.));
#4812=DIRECTION('ref_axis',(1.,0.,0.));
#4813=DIRECTION('center_axis',(0.,0.,-1.));
#4814=DIRECTION('ref_axis',(0.,1.,0.));
#4815=DIRECTION('center_axis',(0.,0.,-1.));
#4816=DIRECTION('ref_axis',(0.706846095925015,-0.707367370378055,0.));
#4817=DIRECTION('center_axis',(0.,0.,1.));
#4818=DIRECTION('ref_axis',(-1.,0.,0.));
#4819=DIRECTION('center_axis',(0.,0.,1.));
#4820=DIRECTION('ref_axis',(-1.,0.,0.));
#4821=DIRECTION('center_axis',(0.707367370378055,0.706846095925015,0.));
#4822=DIRECTION('ref_axis',(-0.706846095925015,0.707367370378055,0.));
#4823=DIRECTION('center_axis',(0.,0.,-1.));
#4824=DIRECTION('ref_axis',(0.706846095925015,-0.707367370378055,0.));
#4825=DIRECTION('center_axis',(0.,0.,1.));
#4826=DIRECTION('ref_axis',(1.,0.,0.));
#4827=DIRECTION('',(-0.707106781186548,-0.707106781186548,0.));
#4828=DIRECTION('',(-1.,0.,0.));
#4829=DIRECTION('',(0.,-1.,0.));
#4830=DIRECTION('',(1.,0.,0.));
#4831=DIRECTION('',(0.,1.,0.));
#4832=DIRECTION('',(1.,0.,0.));
#4833=DIRECTION('',(0.,-1.,0.));
#4834=DIRECTION('',(1.,0.,0.));
#4835=DIRECTION('',(0.,1.,0.));
#4836=DIRECTION('',(-1.,0.,0.));
#4837=DIRECTION('',(-0.707106781186548,0.707106781186548,0.));
#4838=DIRECTION('',(0.,1.,0.));
#4839=DIRECTION('',(-1.,0.,0.));
#4840=DIRECTION('',(0.,-1.,0.));
#4841=DIRECTION('',(1.,0.,0.));
#4842=DIRECTION('',(0.,-1.,0.));
#4843=DIRECTION('',(-1.,0.,0.));
#4844=DIRECTION('',(0.,-1.,0.));
#4845=DIRECTION('',(1.,0.,0.));
#4846=DIRECTION('',(0.,1.,0.));
#4847=DIRECTION('',(0.707106781186548,0.707106781186548,0.));
#4848=DIRECTION('',(1.,0.,0.));
#4849=DIRECTION('',(0.,1.,0.));
#4850=DIRECTION('',(-1.,0.,0.));
#4851=DIRECTION('',(0.,-1.,0.));
#4852=DIRECTION('',(-1.,0.,0.));
#4853=DIRECTION('',(0.,1.,0.));
#4854=DIRECTION('',(-1.,0.,0.));
#4855=DIRECTION('',(0.,-1.,0.));
#4856=DIRECTION('',(1.,0.,0.));
#4857=DIRECTION('',(0.707106781186548,-0.707106781186548,0.));
#4858=DIRECTION('',(0.,-1.,0.));
#4859=DIRECTION('',(1.,0.,0.));
#4860=DIRECTION('',(0.,1.,0.));
#4861=DIRECTION('',(-1.,0.,0.));
#4862=DIRECTION('',(0.,1.,0.));
#4863=DIRECTION('',(1.,0.,0.));
#4864=DIRECTION('',(0.,1.,0.));
#4865=DIRECTION('',(-1.,0.,0.));
#4866=DIRECTION('',(0.,-1.,0.));
#4867=DIRECTION('center_axis',(0.,0.,-1.));
#4868=DIRECTION('ref_axis',(-1.,0.,0.));
#4869=DIRECTION('center_axis',(0.,0.,-1.));
#4870=DIRECTION('ref_axis',(0.,-1.,0.));
#4871=DIRECTION('center_axis',(-1.22464679914735E-16,-1.,0.));
#4872=DIRECTION('ref_axis',(1.,-1.22464679914735E-16,0.));
#4873=DIRECTION('center_axis',(0.,0.,1.));
#4874=DIRECTION('ref_axis',(0.,-1.,0.));
#4875=DIRECTION('center_axis',(0.,0.,1.));
#4876=DIRECTION('ref_axis',(0.,-1.,0.));
#4877=DIRECTION('center_axis',(0.,0.,-1.));
#4878=DIRECTION('ref_axis',(0.,-1.,0.));
#4879=DIRECTION('center_axis',(0.,0.,-1.));
#4880=DIRECTION('ref_axis',(0.,1.,0.));
#4881=DIRECTION('center_axis',(0.,0.,-1.));
#4882=DIRECTION('ref_axis',(0.,1.,0.));
#4883=DIRECTION('',(4.97376172462971E-17,0.406138466053448,0.913811548620257));
#4884=DIRECTION('center_axis',(0.,0.,-1.));
#4885=DIRECTION('ref_axis',(0.,1.,0.));
#4886=DIRECTION('',(1.20407829778434E-16,0.983204544055207,0.182507053423131));
#4887=DIRECTION('center_axis',(0.,0.,-1.));
#4888=DIRECTION('ref_axis',(0.,1.,0.));
#4889=DIRECTION('center_axis',(0.,0.,-1.));
#4890=DIRECTION('ref_axis',(-1.,0.,0.));
#4891=DIRECTION('center_axis',(-1.22464679914735E-16,-1.,0.));
#4892=DIRECTION('ref_axis',(1.,-1.22464679914735E-16,0.));
#4893=DIRECTION('center_axis',(0.,0.,1.));
#4894=DIRECTION('ref_axis',(1.22464679914735E-16,-1.,0.));
#4895=DIRECTION('center_axis',(0.,0.,1.));
#4896=DIRECTION('ref_axis',(1.,0.,0.));
#4897=DIRECTION('',(0.707106781186548,0.707106781186548,0.));
#4898=DIRECTION('',(0.,1.,0.));
#4899=DIRECTION('',(1.,0.,0.));
#4900=DIRECTION('',(0.,-1.,0.));
#4901=DIRECTION('',(-1.,0.,0.));
#4902=DIRECTION('',(0.,-1.,0.));
#4903=DIRECTION('',(1.,0.,0.));
#4904=DIRECTION('',(0.,-1.,0.));
#4905=DIRECTION('',(-1.,0.,0.));
#4906=DIRECTION('',(0.,1.,0.));
#4907=DIRECTION('',(-0.707106781186548,0.707106781186548,0.));
#4908=DIRECTION('',(-1.,0.,0.));
#4909=DIRECTION('',(0.,1.,0.));
#4910=DIRECTION('',(1.,0.,0.));
#4911=DIRECTION('',(0.,-1.,0.));
#4912=DIRECTION('',(1.,0.,0.));
#4913=DIRECTION('',(0.,1.,0.));
#4914=DIRECTION('',(1.,0.,0.));
#4915=DIRECTION('',(0.,-1.,0.));
#4916=DIRECTION('',(-1.,0.,0.));
#4917=DIRECTION('',(-0.707106781186548,-0.707106781186548,0.));
#4918=DIRECTION('',(0.,-1.,0.));
#4919=DIRECTION('',(-1.,0.,0.));
#4920=DIRECTION('',(0.,1.,0.));
#4921=DIRECTION('',(1.,0.,0.));
#4922=DIRECTION('',(0.,1.,0.));
#4923=DIRECTION('',(-1.,0.,0.));
#4924=DIRECTION('',(0.,1.,0.));
#4925=DIRECTION('',(1.,0.,0.));
#4926=DIRECTION('',(0.,-1.,0.));
#4927=DIRECTION('',(0.707106781186548,-0.707106781186548,0.));
#4928=DIRECTION('',(1.,0.,0.));
#4929=DIRECTION('',(0.,-1.,0.));
#4930=DIRECTION('',(-1.,0.,0.));
#4931=DIRECTION('',(0.,1.,0.));
#4932=DIRECTION('',(-1.,0.,0.));
#4933=DIRECTION('',(0.,-1.,0.));
#4934=DIRECTION('',(-1.,0.,0.));
#4935=DIRECTION('',(0.,1.,0.));
#4936=DIRECTION('',(1.,0.,0.));
#4937=DIRECTION('center_axis',(0.,0.,1.));
#4938=DIRECTION('ref_axis',(0.,1.,0.));
#4939=DIRECTION('',(-6.67326623582083E-17,-0.544913540823935,0.838492237904873));
#4940=DIRECTION('center_axis',(0.,0.,1.));
#4941=DIRECTION('ref_axis',(0.,1.,0.));
#4942=DIRECTION('',(-2.23506678796452E-17,-0.182507053423131,0.983204544055206));
#4943=DIRECTION('center_axis',(-0.707106781186548,0.707106781186548,0.));
#4944=DIRECTION('ref_axis',(0.,0.,1.));
#4945=DIRECTION('',(0.,0.,-1.));
#4946=DIRECTION('',(0.,0.,1.));
#4947=DIRECTION('center_axis',(-1.,0.,0.));
#4948=DIRECTION('ref_axis',(0.,0.,1.));
#4949=DIRECTION('',(0.,0.,1.));
#4950=DIRECTION('center_axis',(0.707106781186548,0.707106781186548,0.));
#4951=DIRECTION('ref_axis',(0.,0.,-1.));
#4952=DIRECTION('',(0.,0.,-1.));
#4953=DIRECTION('',(0.,0.,1.));
#4954=DIRECTION('center_axis',(1.,0.,0.));
#4955=DIRECTION('ref_axis',(0.,0.,-1.));
#4956=DIRECTION('',(0.,0.,-1.));
#4957=DIRECTION('center_axis',(0.707106781186548,-0.707106781186548,0.));
#4958=DIRECTION('ref_axis',(0.,0.,-1.));
#4959=DIRECTION('',(0.,0.,-1.));
#4960=DIRECTION('',(0.,0.,1.));
#4961=DIRECTION('center_axis',(1.,0.,0.));
#4962=DIRECTION('ref_axis',(0.,0.,-1.));
#4963=DIRECTION('',(0.,0.,1.));
#4964=DIRECTION('center_axis',(-0.707106781186548,-0.707106781186548,0.));
#4965=DIRECTION('ref_axis',(0.,0.,1.));
#4966=DIRECTION('',(0.,0.,-1.));
#4967=DIRECTION('',(0.,0.,1.));
#4968=DIRECTION('center_axis',(0.,-1.,0.));
#4969=DIRECTION('ref_axis',(0.,0.,-1.));
#4970=DIRECTION('',(0.,0.,1.));
#4971=DIRECTION('center_axis',(-1.27825283509747E-17,1.057242464937E-18,
-1.));
#4972=DIRECTION('ref_axis',(-0.707106781186548,-0.707106781186548,0.));
#4973=DIRECTION('center_axis',(-3.58067536637867E-17,-1.05724246493701E-18,
1.));
#4974=DIRECTION('ref_axis',(-0.707106781186548,-0.707106781186548,0.));
#4975=DIRECTION('',(1.27825283509747E-17,-1.057242464937E-18,1.));
#4976=DIRECTION('center_axis',(3.58067536637867E-17,1.05724246493685E-18,
-1.));
#4977=DIRECTION('ref_axis',(-0.707106781186548,-0.707106781186548,0.));
#4978=DIRECTION('',(-1.27825283509747E-17,1.057242464937E-18,-1.));
#4979=DIRECTION('center_axis',(-1.,1.057242464937E-18,1.27825283509747E-17));
#4980=DIRECTION('ref_axis',(1.27825283509747E-17,-1.057242464937E-18,1.));
#4981=DIRECTION('',(-1.057242464937E-18,-1.,-1.057242464937E-18));
#4982=DIRECTION('',(1.27825283509747E-17,-1.057242464937E-18,1.));
#4983=DIRECTION('',(-1.057242464937E-18,-1.,-1.057242464937E-18));
#4984=DIRECTION('center_axis',(3.58067536637867E-17,1.05724246493685E-18,
-1.));
#4985=DIRECTION('ref_axis',(-1.,1.057242464937E-18,-3.58067536637867E-17));
#4986=DIRECTION('',(-1.,1.057242464937E-18,-5.76193792419631E-17));
#4987=DIRECTION('',(1.057242464937E-18,1.,1.05724246493685E-18));
#4988=DIRECTION('',(-1.,1.057242464937E-18,-5.76193792419631E-17));
#4989=DIRECTION('center_axis',(3.58067536637867E-17,1.05724246493685E-18,
-1.));
#4990=DIRECTION('ref_axis',(-0.707106781186548,0.707106781186547,0.));
#4991=DIRECTION('center_axis',(-1.27825283509747E-17,1.057242464937E-18,
-1.));
#4992=DIRECTION('ref_axis',(-0.707106781186548,0.707106781186547,0.));
#4993=DIRECTION('center_axis',(-3.58067536637867E-17,-1.05724246493701E-18,
1.));
#4994=DIRECTION('ref_axis',(-0.707106781186548,0.707106781186547,0.));
#4995=DIRECTION('',(-1.27825283509747E-17,1.057242464937E-18,-1.));
#4996=DIRECTION('center_axis',(1.057242464937E-18,1.,1.057242464937E-18));
#4997=DIRECTION('ref_axis',(1.,-1.057242464937E-18,1.83758917935762E-15));
#4998=DIRECTION('',(-1.27825283509747E-17,1.057242464937E-18,-1.));
#4999=DIRECTION('',(-1.,1.057242464937E-18,-5.76193792419631E-17));
#5000=DIRECTION('center_axis',(1.27825283509747E-17,-1.057242464937E-18,
-1.));
#5001=DIRECTION('ref_axis',(0.707106781186548,0.707106781186548,0.));
#5002=DIRECTION('center_axis',(3.58067536637867E-17,1.05724246493701E-18,
1.));
#5003=DIRECTION('ref_axis',(0.707106781186548,0.707106781186548,0.));
#5004=DIRECTION('',(-1.27825283509747E-17,1.057242464937E-18,1.));
#5005=DIRECTION('center_axis',(-3.58067536637867E-17,-1.05724246493685E-18,
-1.));
#5006=DIRECTION('ref_axis',(0.707106781186548,0.707106781186548,0.));
#5007=DIRECTION('',(1.27825283509747E-17,-1.057242464937E-18,-1.));
#5008=DIRECTION('center_axis',(1.,-1.057242464937E-18,1.27825283509747E-17));
#5009=DIRECTION('ref_axis',(1.27825283509747E-17,-1.057242464937E-18,-1.));
#5010=DIRECTION('',(1.057242464937E-18,1.,-1.057242464937E-18));
#5011=DIRECTION('',(-1.27825283509747E-17,1.057242464937E-18,1.));
#5012=DIRECTION('',(1.057242464937E-18,1.,-1.057242464937E-18));
#5013=DIRECTION('center_axis',(3.58067536637867E-17,1.05724246493685E-18,
1.));
#5014=DIRECTION('ref_axis',(1.,-1.057242464937E-18,-3.58067536637867E-17));
#5015=DIRECTION('',(1.,-1.057242464937E-18,-5.76193792419631E-17));
#5016=DIRECTION('',(-1.057242464937E-18,-1.,1.05724246493685E-18));
#5017=DIRECTION('',(1.,-1.057242464937E-18,-5.76193792419631E-17));
#5018=DIRECTION('center_axis',(-3.58067536637867E-17,-1.05724246493685E-18,
-1.));
#5019=DIRECTION('ref_axis',(0.707106781186548,-0.707106781186547,0.));
#5020=DIRECTION('center_axis',(1.27825283509747E-17,-1.057242464937E-18,
-1.));
#5021=DIRECTION('ref_axis',(0.707106781186548,-0.707106781186547,0.));
#5022=DIRECTION('center_axis',(3.58067536637867E-17,1.05724246493701E-18,
1.));
#5023=DIRECTION('ref_axis',(0.707106781186548,-0.707106781186547,0.));
#5024=DIRECTION('',(1.27825283509747E-17,-1.057242464937E-18,-1.));
#5025=DIRECTION('center_axis',(-1.057242464937E-18,-1.,1.057242464937E-18));
#5026=DIRECTION('ref_axis',(1.,-1.057242464937E-18,-1.83758917935762E-15));
#5027=DIRECTION('',(1.27825283509747E-17,-1.057242464937E-18,-1.));
#5028=DIRECTION('',(1.,-1.057242464937E-18,-5.76193792419631E-17));
#5029=DIRECTION('center_axis',(0.,-1.,0.));
#5030=DIRECTION('ref_axis',(-0.707106781186548,0.,-0.707106781186548));
#5031=DIRECTION('center_axis',(5.87356924965003E-19,1.,-1.76928485529818E-15));
#5032=DIRECTION('ref_axis',(-0.707106781186548,0.,-0.707106781186548));
#5033=DIRECTION('',(0.,1.,0.));
#5034=DIRECTION('center_axis',(5.87356924965002E-19,-1.,1.76928485529818E-15));
#5035=DIRECTION('ref_axis',(-0.707106781186548,0.,-0.707106781186548));
#5036=DIRECTION('',(0.,-1.,0.));
#5037=DIRECTION('center_axis',(0.,0.,1.));
#5038=DIRECTION('ref_axis',(1.,0.,0.));
#5039=DIRECTION('',(-1.,-5.87356924965002E-19,0.));
#5040=DIRECTION('',(0.,1.,0.));
#5041=DIRECTION('',(1.,-5.87356924965003E-19,0.));
#5042=DIRECTION('center_axis',(-5.87356924965002E-19,1.,-1.76928485529818E-15));
#5043=DIRECTION('ref_axis',(1.,5.87356924965002E-19,-1.00739025192491E-33));
#5044=DIRECTION('',(0.,-1.71512449944288E-15,-1.));
#5045=DIRECTION('',(1.,5.87356924965002E-19,-1.00739025192491E-33));
#5046=DIRECTION('',(0.,1.77635683940025E-15,1.));
#5047=DIRECTION('center_axis',(5.87356924965002E-19,-1.,1.76928485529818E-15));
#5048=DIRECTION('ref_axis',(0.707106781186548,0.,-0.707106781186548));
#5049=DIRECTION('',(-1.,-5.87356924965002E-19,0.));
#5050=DIRECTION('center_axis',(-5.87356924965002E-19,1.,-1.76928485529818E-15));
#5051=DIRECTION('ref_axis',(-0.707106781186548,0.,0.707106781186548));
#5052=DIRECTION('',(1.,0.,0.));
#5053=DIRECTION('center_axis',(-5.87356924965002E-19,1.,-1.76928485529818E-15));
#5054=DIRECTION('ref_axis',(0.707106781186548,0.,0.707106781186548));
#5055=DIRECTION('center_axis',(0.,1.,0.));
#5056=DIRECTION('ref_axis',(0.707106781186548,0.,-0.707106781186548));
#5057=DIRECTION('',(0.,-1.,0.));
#5058=DIRECTION('center_axis',(5.87356924965003E-19,1.,-1.76928485529818E-15));
#5059=DIRECTION('ref_axis',(0.707106781186548,0.,-0.707106781186548));
#5060=DIRECTION('',(0.,1.,0.));
#5061=DIRECTION('center_axis',(0.,0.,1.));
#5062=DIRECTION('ref_axis',(1.,0.,0.));
#5063=DIRECTION('',(1.,-5.87356924965003E-19,0.));
#5064=DIRECTION('',(0.,-1.,0.));
#5065=DIRECTION('center_axis',(0.,1.,0.));
#5066=DIRECTION('ref_axis',(0.707106781186548,0.,-0.707106781186548));
#5067=DIRECTION('center_axis',(-5.87356924965003E-19,-1.,-1.76928485529818E-15));
#5068=DIRECTION('ref_axis',(0.707106781186548,0.,-0.707106781186548));
#5069=DIRECTION('',(0.,-1.,0.));
#5070=DIRECTION('center_axis',(-5.87356924965002E-19,1.,1.76928485529818E-15));
#5071=DIRECTION('ref_axis',(0.707106781186548,0.,-0.707106781186548));
#5072=DIRECTION('',(0.,1.,0.));
#5073=DIRECTION('center_axis',(0.,0.,1.));
#5074=DIRECTION('ref_axis',(1.,0.,0.));
#5075=DIRECTION('',(1.,5.87356924965002E-19,0.));
#5076=DIRECTION('',(0.,-1.,0.));
#5077=DIRECTION('',(-1.,5.87356924965003E-19,0.));
#5078=DIRECTION('center_axis',(5.87356924965002E-19,-1.,-1.76928485529818E-15));
#5079=DIRECTION('ref_axis',(1.,5.87356924965002E-19,1.00739025192491E-33));
#5080=DIRECTION('',(0.,1.71512449944288E-15,-1.));
#5081=DIRECTION('',(-1.,-5.87356924965002E-19,-1.00739025192491E-33));
#5082=DIRECTION('',(0.,-1.77635683940025E-15,1.));
#5083=DIRECTION('center_axis',(-5.87356924965002E-19,1.,1.76928485529818E-15));
#5084=DIRECTION('ref_axis',(-0.707106781186548,0.,-0.707106781186548));
#5085=DIRECTION('',(1.,5.87356924965002E-19,0.));
#5086=DIRECTION('center_axis',(5.87356924965002E-19,-1.,-1.76928485529818E-15));
#5087=DIRECTION('ref_axis',(0.707106781186548,0.,0.707106781186548));
#5088=DIRECTION('',(-1.,0.,0.));
#5089=DIRECTION('center_axis',(5.87356924965002E-19,-1.,-1.76928485529818E-15));
#5090=DIRECTION('ref_axis',(-0.707106781186548,0.,0.707106781186548));
#5091=DIRECTION('center_axis',(0.,-1.,0.));
#5092=DIRECTION('ref_axis',(-0.707106781186548,0.,-0.707106781186548));
#5093=DIRECTION('',(0.,1.,0.));
#5094=DIRECTION('center_axis',(-5.87356924965003E-19,-1.,-1.76928485529818E-15));
#5095=DIRECTION('ref_axis',(-0.707106781186548,0.,-0.707106781186548));
#5096=DIRECTION('',(0.,-1.,0.));
#5097=DIRECTION('center_axis',(0.,0.,1.));
#5098=DIRECTION('ref_axis',(1.,0.,0.));
#5099=DIRECTION('',(-1.,5.87356924965003E-19,0.));
#5100=DIRECTION('',(0.,1.,0.));
#5101=DIRECTION('center_axis',(0.,1.,0.));
#5102=DIRECTION('ref_axis',(-0.707106781186548,0.,0.707106781186548));
#5103=DIRECTION('center_axis',(-5.87356924965003E-19,-1.,1.76928485529818E-15));
#5104=DIRECTION('ref_axis',(-0.707106781186548,0.,0.707106781186548));
#5105=DIRECTION('',(0.,-1.,1.71512449944288E-15));
#5106=DIRECTION('center_axis',(0.,1.,0.));
#5107=DIRECTION('ref_axis',(0.707106781186548,0.,0.707106781186548));
#5108=DIRECTION('center_axis',(-5.87356924965003E-19,-1.,1.76928485529818E-15));
#5109=DIRECTION('ref_axis',(0.707106781186548,0.,0.707106781186548));
#5110=DIRECTION('',(0.,1.,-1.71512449944288E-15));
#5111=DIRECTION('center_axis',(0.,1.,0.));
#5112=DIRECTION('ref_axis',(-0.707106781186548,0.,0.707106781186548));
#5113=DIRECTION('',(0.,-1.,-1.71512449944288E-15));
#5114=DIRECTION('center_axis',(5.87356924965003E-19,1.,1.76928485529818E-15));
#5115=DIRECTION('ref_axis',(-0.707106781186548,0.,0.707106781186548));
#5116=DIRECTION('center_axis',(0.,1.,0.));
#5117=DIRECTION('ref_axis',(0.707106781186548,0.,0.707106781186548));
#5118=DIRECTION('center_axis',(5.87356924965003E-19,1.,1.76928485529818E-15));
#5119=DIRECTION('ref_axis',(0.707106781186548,0.,0.707106781186548));
#5120=DIRECTION('',(0.,1.,1.71512449944288E-15));
#5121=DIRECTION('center_axis',(1.057242464937E-18,1.,-1.8818596589877E-33));
#5122=DIRECTION('ref_axis',(1.,-1.057242464937E-18,-1.77996980011565E-15));
#5123=DIRECTION('',(-1.057242464937E-18,-1.,-1.05724246493701E-18));
#5124=DIRECTION('',(-1.057242464937E-18,1.,1.95629154530753E-33));
#5125=DIRECTION('center_axis',(-1.057242464937E-18,-1.,-1.057242464937E-18));
#5126=DIRECTION('ref_axis',(-1.,1.057242464937E-18,-1.83758917935762E-15));
#5127=DIRECTION('',(1.,-1.057242464937E-18,5.76193792419631E-17));
#5128=DIRECTION('',(-1.27825283509747E-17,1.057242464937E-18,-1.));
#5129=DIRECTION('',(1.,1.35247208265713E-16,-1.8503717077086E-15));
#5130=DIRECTION('',(-1.,1.35247208265713E-16,1.8503717077086E-15));
#5131=DIRECTION('center_axis',(3.58067536637867E-17,1.05724246493701E-18,
-1.));
#5132=DIRECTION('ref_axis',(-1.,1.057242464937E-18,-3.58067536637867E-17));
#5133=DIRECTION('center_axis',(1.057242464937E-18,1.,-1.8818596589877E-33));
#5134=DIRECTION('ref_axis',(1.,-1.057242464937E-18,-1.77996980011565E-15));
#5135=DIRECTION('',(-1.057242464937E-18,-1.,1.95629154530752E-33));
#5136=DIRECTION('center_axis',(-1.057242464937E-18,-1.,-1.8818596589877E-33));
#5137=DIRECTION('ref_axis',(-1.,1.057242464937E-18,-1.77996980011565E-15));
#5138=DIRECTION('',(1.057242464937E-18,1.,-1.05724246493701E-18));
#5139=DIRECTION('',(1.057242464937E-18,-1.,1.95629154530753E-33));
#5140=DIRECTION('center_axis',(1.057242464937E-18,1.,-1.057242464937E-18));
#5141=DIRECTION('ref_axis',(-1.,1.057242464937E-18,1.83758917935762E-15));
#5142=DIRECTION('',(-1.,1.057242464937E-18,5.76193792419631E-17));
#5143=DIRECTION('',(1.27825283509747E-17,-1.057242464937E-18,-1.));
#5144=DIRECTION('',(-1.,-1.35247208265713E-16,-1.8503717077086E-15));
#5145=DIRECTION('',(1.,-1.35247208265713E-16,1.8503717077086E-15));
#5146=DIRECTION('center_axis',(3.58067536637867E-17,1.05724246493701E-18,
1.));
#5147=DIRECTION('ref_axis',(1.,-1.057242464937E-18,-3.58067536637867E-17));
#5148=DIRECTION('center_axis',(-1.057242464937E-18,-1.,-1.8818596589877E-33));
#5149=DIRECTION('ref_axis',(-1.,1.057242464937E-18,-1.77996980011565E-15));
#5150=DIRECTION('',(1.057242464937E-18,1.,1.95629154530752E-33));
#5151=DIRECTION('center_axis',(-1.,1.057242464937E-18,-1.77996980011565E-15));
#5152=DIRECTION('ref_axis',(-1.77996980011565E-15,0.,1.));
#5153=DIRECTION('',(1.25788113265273E-15,-0.707106781186548,-0.707106781186547));
#5154=DIRECTION('',(-1.77635683940025E-15,0.,1.));
#5155=DIRECTION('',(-1.057242464937E-18,-1.,-1.81330245346483E-33));
#5156=DIRECTION('',(-1.77635683940025E-15,0.,1.));
#5157=DIRECTION('',(-1.25937629928536E-15,-0.707106781186547,0.707106781186548));
#5158=DIRECTION('center_axis',(-1.21277616413525E-15,-0.707106781186547,
-0.707106781186548));
#5159=DIRECTION('ref_axis',(-1.,0.,1.71512449944288E-15));
#5160=DIRECTION('',(1.25937629928536E-15,-0.707106781186548,0.707106781186547));
#5161=DIRECTION('',(-1.,0.,1.71512449944288E-15));
#5162=DIRECTION('',(-1.25788113265273E-15,0.707106781186548,-0.707106781186547));
#5163=DIRECTION('center_axis',(1.,1.057242464937E-18,-1.77996980011565E-15));
#5164=DIRECTION('ref_axis',(-1.77996980011565E-15,0.,-1.));
#5165=DIRECTION('',(-1.25788113265273E-15,-0.707106781186547,-0.707106781186548));
#5166=DIRECTION('',(-1.71512449944288E-15,0.,-1.));
#5167=DIRECTION('',(1.057242464937E-18,-1.,-1.81330245346484E-33));
#5168=DIRECTION('',(1.77635683940025E-15,0.,1.));
#5169=DIRECTION('center_axis',(1.21277616413525E-15,0.707106781186547,-0.707106781186548));
#5170=DIRECTION('ref_axis',(-1.,0.,-1.71512449944288E-15));
#5171=DIRECTION('',(-1.25937629928536E-15,0.707106781186548,0.707106781186547));
#5172=DIRECTION('',(1.,0.,1.71512449944288E-15));
#5173=DIRECTION('center_axis',(1.21277616413525E-15,-0.707106781186548,
-0.707106781186547));
#5174=DIRECTION('ref_axis',(-1.,0.,-1.71512449944288E-15));
#5175=DIRECTION('',(-1.,0.,-1.71512449944288E-15));
#5176=DIRECTION('',(1.25788113265273E-15,0.707106781186547,-0.707106781186548));
#5177=DIRECTION('center_axis',(0.,-1.,0.));
#5178=DIRECTION('ref_axis',(1.,0.,1.71512449944288E-15));
#5179=DIRECTION('',(-1.,0.,-1.71512449944288E-15));
#5180=DIRECTION('',(1.71512449944288E-15,0.,-1.));
#5181=DIRECTION('center_axis',(-1.21277616413525E-15,0.707106781186548,
-0.707106781186547));
#5182=DIRECTION('ref_axis',(-1.,0.,1.71512449944288E-15));
#5183=DIRECTION('',(1.25937629928536E-15,0.707106781186547,0.707106781186548));
#5184=DIRECTION('',(1.,0.,-1.71512449944288E-15));
#5185=DIRECTION('center_axis',(0.,1.,0.));
#5186=DIRECTION('ref_axis',(1.,0.,-1.71512449944288E-15));
#5187=DIRECTION('',(1.77635683940025E-15,0.,1.));
#5188=DIRECTION('',(1.,0.,-1.71512449944288E-15));
#5189=DIRECTION('center_axis',(1.,-1.057242464937E-18,-1.77996980011565E-15));
#5190=DIRECTION('ref_axis',(-1.77996980011565E-15,0.,-1.));
#5191=DIRECTION('',(1.77635683940025E-15,0.,1.));
#5192=DIRECTION('',(1.057242464937E-18,1.,-1.81330245346483E-33));
#5193=DIRECTION('center_axis',(0.,-1.,0.));
#5194=DIRECTION('ref_axis',(-1.,0.,1.71512449944288E-15));
#5195=DIRECTION('',(-1.,0.,1.71512449944288E-15));
#5196=DIRECTION('center_axis',(0.,-1.,0.));
#5197=DIRECTION('ref_axis',(0.,0.,1.));
#5198=DIRECTION('',(-1.057242464937E-18,1.,-1.81330245346484E-33));
#5199=DIRECTION('center_axis',(0.,-1.,0.));
#5200=DIRECTION('ref_axis',(0.,0.,1.));
#5201=DIRECTION('center_axis',(0.,1.,0.));
#5202=DIRECTION('ref_axis',(-1.,0.,-1.71159382963045E-15));
#5203=DIRECTION('center_axis',(0.,1.,0.));
#5204=DIRECTION('ref_axis',(-1.,0.,-1.71512449944288E-15));
#5205=DIRECTION('',(-1.77635683940025E-15,0.,1.));
#5206=DIRECTION('',(1.,0.,1.71512449944288E-15));
#5207=DIRECTION('center_axis',(0.,-1.,0.));
#5208=DIRECTION('ref_axis',(0.,0.,-1.));
#5209=DIRECTION('center_axis',(0.,1.,0.));
#5210=DIRECTION('ref_axis',(-1.,0.,-1.73472347597681E-15));
#5211=DIRECTION('',(0.,0.,1.));
#5212=DIRECTION('center_axis',(0.,1.,0.));
#5213=DIRECTION('ref_axis',(0.,0.,1.));
#5214=DIRECTION('',(0.,0.,1.));
#5215=DIRECTION('center_axis',(0.,1.,0.));
#5216=DIRECTION('ref_axis',(-1.,0.,-1.73472347597681E-15));
#5217=DIRECTION('center_axis',(-1.,-1.057242464937E-18,-1.77996980011565E-15));
#5218=DIRECTION('ref_axis',(-1.77996980011565E-15,0.,1.));
#5219=DIRECTION('center_axis',(0.,-1.,0.));
#5220=DIRECTION('ref_axis',(0.,0.,1.));
#5221=DIRECTION('center_axis',(0.,1.,0.));
#5222=DIRECTION('ref_axis',(0.,0.,1.));
#5223=DIRECTION('center_axis',(0.,1.,0.));
#5224=DIRECTION('ref_axis',(0.,0.,1.));
#5225=DIRECTION('center_axis',(0.,-1.,0.));
#5226=DIRECTION('ref_axis',(1.,0.,-1.71159382963045E-15));
#5227=DIRECTION('center_axis',(0.,1.,0.));
#5228=DIRECTION('ref_axis',(0.,0.,1.));
#5229=DIRECTION('center_axis',(0.,-1.,0.));
#5230=DIRECTION('ref_axis',(1.,0.,-1.73472347597681E-15));
#5231=DIRECTION('',(0.,0.,1.));
#5232=DIRECTION('center_axis',(0.,-1.,0.));
#5233=DIRECTION('ref_axis',(0.,0.,-1.));
#5234=DIRECTION('',(0.,0.,1.));
#5235=DIRECTION('center_axis',(0.,-1.,0.));
#5236=DIRECTION('ref_axis',(1.,0.,-1.73472347597681E-15));
#5237=DIRECTION('center_axis',(0.,1.,0.));
#5238=DIRECTION('ref_axis',(0.,0.,1.));
#5239=DIRECTION('center_axis',(0.,1.,0.));
#5240=DIRECTION('ref_axis',(0.,0.,1.));
#5241=DIRECTION('',(0.,0.,1.));
#5242=DIRECTION('center_axis',(0.,-1.,0.));
#5243=DIRECTION('ref_axis',(0.,0.,-1.));
#5244=DIRECTION('',(0.,0.,1.));
#5245=DIRECTION('center_axis',(-1.,0.,0.));
#5246=DIRECTION('ref_axis',(0.,0.,1.));
#5247=DIRECTION('center_axis',(0.,1.,0.));
#5248=DIRECTION('ref_axis',(0.,0.,1.));
#5249=DIRECTION('',(0.,0.,1.));
#5250=DIRECTION('center_axis',(0.,-1.,0.));
#5251=DIRECTION('ref_axis',(0.,0.,-1.));
#5252=DIRECTION('',(0.,0.,1.));
#5253=DIRECTION('center_axis',(-1.,0.,0.));
#5254=DIRECTION('ref_axis',(0.,0.,1.));
#5255=DIRECTION('center_axis',(0.,-1.,0.));
#5256=DIRECTION('ref_axis',(0.,0.,-1.));
#5257=DIRECTION('',(0.,0.,1.));
#5258=DIRECTION('center_axis',(0.,1.,0.));
#5259=DIRECTION('ref_axis',(0.,0.,1.));
#5260=DIRECTION('',(0.,0.,1.));
#5261=DIRECTION('center_axis',(1.,0.,0.));
#5262=DIRECTION('ref_axis',(0.,0.,-1.));
#5263=DIRECTION('center_axis',(0.,-1.,0.));
#5264=DIRECTION('ref_axis',(0.,0.,-1.));
#5265=DIRECTION('',(0.,0.,1.));
#5266=DIRECTION('',(0.,0.,-1.));
#5267=DIRECTION('center_axis',(0.,1.,0.));
#5268=DIRECTION('ref_axis',(0.,0.,1.));
#5269=DIRECTION('',(0.,0.,1.));
#5270=DIRECTION('center_axis',(1.,0.,0.));
#5271=DIRECTION('ref_axis',(0.,0.,-1.));
#5272=DIRECTION('center_axis',(-1.,0.,0.));
#5273=DIRECTION('ref_axis',(0.,0.,1.));
#5274=DIRECTION('center_axis',(1.,0.,0.));
#5275=DIRECTION('ref_axis',(0.,1.,1.71512449944288E-15));
#5276=DIRECTION('',(0.,-1.77635683940025E-15,1.));
#5277=DIRECTION('',(0.,-1.,-1.71512449944288E-15));
#5278=DIRECTION('center_axis',(-1.,0.,0.));
#5279=DIRECTION('ref_axis',(0.,1.,-1.71512449944288E-15));
#5280=DIRECTION('',(0.,1.77635683940025E-15,1.));
#5281=DIRECTION('',(0.,1.,-1.71512449944288E-15));
#5282=DIRECTION('center_axis',(5.87356924965003E-19,1.,-1.76928485529818E-15));
#5283=DIRECTION('ref_axis',(1.,-5.87356924965003E-19,1.00739025192491E-33));
#5284=DIRECTION('',(1.,0.,0.));
#5285=DIRECTION('',(0.,1.77635683940025E-15,1.));
#5286=DIRECTION('',(-1.,5.87356924965003E-19,-1.00739025192491E-33));
#5287=DIRECTION('center_axis',(0.,-1.71512449944288E-15,-1.));
#5288=DIRECTION('ref_axis',(0.,1.,-1.71512449944288E-15));
#5289=DIRECTION('center_axis',(-1.,0.,0.));
#5290=DIRECTION('ref_axis',(0.,0.,1.));
#5291=DIRECTION('center_axis',(-1.,0.,0.));
#5292=DIRECTION('ref_axis',(0.,0.,1.));
#5293=DIRECTION('center_axis',(1.,0.,0.));
#5294=DIRECTION('ref_axis',(0.,1.,-1.71159382963045E-15));
#5295=DIRECTION('center_axis',(1.,0.,0.));
#5296=DIRECTION('ref_axis',(0.,-1.,1.71512449944288E-15));
#5297=DIRECTION('',(0.,-1.,1.71512449944288E-15));
#5298=DIRECTION('center_axis',(-1.,0.,0.));
#5299=DIRECTION('ref_axis',(0.,0.,1.));
#5300=DIRECTION('center_axis',(1.,0.,0.));
#5301=DIRECTION('ref_axis',(0.,1.,-1.73472347597681E-15));
#5302=DIRECTION('',(0.,0.,1.));
#5303=DIRECTION('center_axis',(1.,0.,0.));
#5304=DIRECTION('ref_axis',(0.,0.,-1.));
#5305=DIRECTION('',(0.,0.,1.));
#5306=DIRECTION('center_axis',(1.,0.,0.));
#5307=DIRECTION('ref_axis',(0.,1.,-1.73472347597681E-15));
#5308=DIRECTION('center_axis',(-1.,0.,0.));
#5309=DIRECTION('ref_axis',(0.,0.,1.));
#5310=DIRECTION('center_axis',(1.,0.,0.));
#5311=DIRECTION('ref_axis',(0.,0.,1.));
#5312=DIRECTION('center_axis',(1.,0.,0.));
#5313=DIRECTION('ref_axis',(0.,0.,1.));
#5314=DIRECTION('center_axis',(-1.,0.,0.));
#5315=DIRECTION('ref_axis',(0.,-1.,-1.71159382963045E-15));
#5316=DIRECTION('center_axis',(-1.,0.,0.));
#5317=DIRECTION('ref_axis',(0.,-1.,-1.71512449944288E-15));
#5318=DIRECTION('',(0.,1.,1.71512449944288E-15));
#5319=DIRECTION('',(0.,-1.77635683940025E-15,1.));
#5320=DIRECTION('center_axis',(-5.87356924965003E-19,-1.,-1.76928485529818E-15));
#5321=DIRECTION('ref_axis',(1.,-5.87356924965003E-19,-1.00739025192491E-33));
#5322=DIRECTION('',(-1.,0.,0.));
#5323=DIRECTION('',(1.,-5.87356924965003E-19,-1.00739025192491E-33));
#5324=DIRECTION('center_axis',(1.,0.,0.));
#5325=DIRECTION('ref_axis',(0.,0.,-1.));
#5326=DIRECTION('center_axis',(-1.,0.,0.));
#5327=DIRECTION('ref_axis',(0.,-1.,-1.73472347597681E-15));
#5328=DIRECTION('',(0.,0.,1.));
#5329=DIRECTION('center_axis',(-1.,0.,0.));
#5330=DIRECTION('ref_axis',(0.,0.,1.));
#5331=DIRECTION('',(0.,0.,1.));
#5332=DIRECTION('center_axis',(-1.,0.,0.));
#5333=DIRECTION('ref_axis',(0.,-1.,-1.73472347597681E-15));
#5334=DIRECTION('center_axis',(0.,1.71512449944288E-15,-1.));
#5335=DIRECTION('ref_axis',(0.,1.,1.71512449944288E-15));
#5336=DIRECTION('center_axis',(1.,0.,0.));
#5337=DIRECTION('ref_axis',(0.,0.,1.));
#5338=DIRECTION('center_axis',(1.,0.,0.));
#5339=DIRECTION('ref_axis',(0.,0.,-1.));
#5340=DIRECTION('',(0.,0.,1.));
#5341=DIRECTION('center_axis',(-1.,0.,0.));
#5342=DIRECTION('ref_axis',(0.,0.,1.));
#5343=DIRECTION('',(0.,0.,1.));
#5344=DIRECTION('center_axis',(0.,1.,0.));
#5345=DIRECTION('ref_axis',(0.,0.,1.));
#5346=DIRECTION('center_axis',(1.,0.,0.));
#5347=DIRECTION('ref_axis',(0.,0.,-1.));
#5348=DIRECTION('',(0.,0.,1.));
#5349=DIRECTION('',(0.,0.,-1.));
#5350=DIRECTION('center_axis',(-1.,0.,0.));
#5351=DIRECTION('ref_axis',(0.,0.,1.));
#5352=DIRECTION('',(0.,0.,1.));
#5353=DIRECTION('center_axis',(0.,1.,0.));
#5354=DIRECTION('ref_axis',(0.,0.,1.));
#5355=DIRECTION('center_axis',(0.,-1.,0.));
#5356=DIRECTION('ref_axis',(0.,0.,-1.));
#5357=DIRECTION('center_axis',(-1.,0.,0.));
#5358=DIRECTION('ref_axis',(0.,0.,1.));
#5359=DIRECTION('',(0.,0.,1.));
#5360=DIRECTION('center_axis',(1.,0.,0.));
#5361=DIRECTION('ref_axis',(0.,0.,-1.));
#5362=DIRECTION('',(0.,0.,1.));
#5363=DIRECTION('',(0.,0.,1.));
#5364=DIRECTION('center_axis',(0.,-1.,0.));
#5365=DIRECTION('ref_axis',(0.,0.,-1.));
#5366=DIRECTION('center_axis',(-1.,0.,0.));
#5367=DIRECTION('ref_axis',(0.,0.,1.));
#5368=DIRECTION('',(0.,0.,1.));
#5369=DIRECTION('',(0.,0.,-1.));
#5370=DIRECTION('center_axis',(1.,0.,0.));
#5371=DIRECTION('ref_axis',(0.,0.,-1.));
#5372=DIRECTION('',(0.,0.,1.));
#5373=DIRECTION('center_axis',(0.,-1.,0.));
#5374=DIRECTION('ref_axis',(0.,0.,-1.));
#5375=DIRECTION('center_axis',(0.,1.,0.));
#5376=DIRECTION('ref_axis',(0.,0.,1.));
#5377=DIRECTION('center_axis',(0.,1.,0.));
#5378=DIRECTION('ref_axis',(0.,0.,1.));
#5379=DIRECTION('axis',(0.,0.,1.));
#5380=DIRECTION('refdir',(1.,0.,0.));
#5381=DIRECTION('center_axis',(0.,0.,-1.));
#5382=DIRECTION('ref_axis',(-1.,0.,0.));
#5383=DIRECTION('center_axis',(0.,0.,-1.));
#5384=DIRECTION('ref_axis',(-1.,0.,0.));
#5385=DIRECTION('center_axis',(-1.22464679914735E-16,-1.,0.));
#5386=DIRECTION('ref_axis',(1.,-1.22464679914735E-16,0.));
#5387=DIRECTION('center_axis',(0.,0.,1.));
#5388=DIRECTION('ref_axis',(-1.,0.,0.));
#5389=DIRECTION('center_axis',(0.,0.,1.));
#5390=DIRECTION('ref_axis',(-1.,0.,0.));
#5391=DIRECTION('center_axis',(0.,0.,1.));
#5392=DIRECTION('ref_axis',(-1.,0.,0.));
#5393=DIRECTION('',(0.,0.,-1.));
#5394=DIRECTION('center_axis',(0.,0.,-1.));
#5395=DIRECTION('ref_axis',(-1.,0.,0.));
#5396=DIRECTION('center_axis',(0.,0.,-1.));
#5397=DIRECTION('ref_axis',(-1.,0.,0.));
#5398=DIRECTION('center_axis',(0.,0.,-1.));
#5399=DIRECTION('ref_axis',(-1.,0.,0.));
#5400=DIRECTION('center_axis',(-1.22464679914735E-16,-1.,0.));
#5401=DIRECTION('ref_axis',(1.,-1.22464679914735E-16,0.));
#5402=DIRECTION('center_axis',(0.,0.,-1.));
#5403=DIRECTION('ref_axis',(-1.,0.,0.));
#5404=DIRECTION('center_axis',(0.,0.,-1.));
#5405=DIRECTION('ref_axis',(-1.,0.,0.));
#5406=DIRECTION('center_axis',(0.,0.,1.));
#5407=DIRECTION('ref_axis',(-1.,0.,0.));
#5408=DIRECTION('',(0.,0.,-1.));
#5409=DIRECTION('center_axis',(0.,0.,-1.));
#5410=DIRECTION('ref_axis',(-1.,0.,0.));
#5411=DIRECTION('center_axis',(0.,0.,-1.));
#5412=DIRECTION('ref_axis',(-1.,0.,0.));
#5413=DIRECTION('axis',(0.,0.,1.));
#5414=DIRECTION('refdir',(1.,0.,0.));
#5415=DIRECTION('center_axis',(-1.,0.,0.));
#5416=DIRECTION('ref_axis',(0.,0.,1.));
#5417=DIRECTION('',(0.,1.,0.));
#5418=DIRECTION('',(0.,0.,1.));
#5419=DIRECTION('',(0.,-1.,0.));
#5420=DIRECTION('',(0.,0.,1.));
#5421=DIRECTION('center_axis',(0.,1.,0.));
#5422=DIRECTION('ref_axis',(0.,0.,1.));
#5423=DIRECTION('',(1.,0.,0.));
#5424=DIRECTION('',(0.,0.,1.));
#5425=DIRECTION('',(-1.,0.,0.));
#5426=DIRECTION('center_axis',(1.,6.93889390390723E-16,0.));
#5427=DIRECTION('ref_axis',(0.,0.,-1.));
#5428=DIRECTION('',(6.93889390390723E-16,-1.,0.));
#5429=DIRECTION('',(0.,0.,1.));
#5430=DIRECTION('',(-6.93889390390723E-16,1.,0.));
#5431=DIRECTION('center_axis',(-1.45011195812686E-31,-1.,0.));
#5432=DIRECTION('ref_axis',(0.,0.,-1.));
#5433=DIRECTION('',(-1.,1.45011195812686E-31,0.));
#5434=DIRECTION('',(1.,-1.45011195812686E-31,0.));
#5435=DIRECTION('center_axis',(0.,0.,1.));
#5436=DIRECTION('ref_axis',(1.,0.,0.));
#5437=DIRECTION('center_axis',(0.,0.,1.));
#5438=DIRECTION('ref_axis',(1.,0.,0.));
#5439=DIRECTION('axis',(0.,0.,1.));
#5440=DIRECTION('refdir',(1.,0.,0.));
#5441=DIRECTION('center_axis',(1.,0.,0.));
#5442=DIRECTION('ref_axis',(0.,0.,-1.));
#5443=DIRECTION('',(0.,1.,0.));
#5444=DIRECTION('',(0.,0.,-1.));
#5445=DIRECTION('',(0.,-1.,0.));
#5446=DIRECTION('',(0.,0.,-1.));
#5447=DIRECTION('center_axis',(0.,-1.,0.));
#5448=DIRECTION('ref_axis',(0.,0.,-1.));
#5449=DIRECTION('',(1.,0.,0.));
#5450=DIRECTION('',(-1.,0.,0.));
#5451=DIRECTION('',(0.,0.,-1.));
#5452=DIRECTION('center_axis',(-1.,-6.93889390390723E-16,0.));
#5453=DIRECTION('ref_axis',(0.,0.,1.));
#5454=DIRECTION('',(6.93889390390723E-16,-1.,0.));
#5455=DIRECTION('',(-6.93889390390723E-16,1.,0.));
#5456=DIRECTION('',(0.,0.,-1.));
#5457=DIRECTION('center_axis',(1.45011195812686E-31,1.,0.));
#5458=DIRECTION('ref_axis',(0.,0.,1.));
#5459=DIRECTION('',(-1.,1.45011195812686E-31,0.));
#5460=DIRECTION('',(1.,-1.45011195812686E-31,0.));
#5461=DIRECTION('center_axis',(0.,0.,1.));
#5462=DIRECTION('ref_axis',(1.,0.,0.));
#5463=DIRECTION('center_axis',(0.,0.,1.));
#5464=DIRECTION('ref_axis',(1.,0.,0.));
#5465=DIRECTION('',(0.,0.,1.));
#5466=DIRECTION('',(1.,0.,0.));
#5467=DIRECTION('',(0.,0.,1.));
#5468=DIRECTION('',(-1.,0.,0.));
#5469=DIRECTION('',(0.,0.,1.));
#5470=DIRECTION('',(0.997716500225547,0.0675409888710958,0.));
#5471=DIRECTION('',(2.46519032881566E-32,1.98818280032888E-33,1.));
#5472=DIRECTION('',(1.,-6.32657050433355E-16,-2.46519032881566E-32));
#5473=DIRECTION('',(6.27458675610766E-48,1.98818280032888E-33,1.));
#5474=DIRECTION('',(1.,-6.32657050433355E-16,-5.01674888992926E-48));
#5475=DIRECTION('',(-1.066753337292E-190,-1.53735357834383E-175,1.));
#5476=DIRECTION('',(1.,-6.93889390390723E-16,0.));
#5477=DIRECTION('',(-2.87830467842193E-16,-5.42233854576209E-17,-1.));
#5478=DIRECTION('',(1.,-2.77555756156289E-17,-2.87830467842193E-16));
#5479=CARTESIAN_POINT('',(0.,0.,0.));
#5480=CARTESIAN_POINT('',(0.,0.,0.));
#5481=CARTESIAN_POINT('Origin',(0.,0.,0.6));
#5482=CARTESIAN_POINT('',(1.25,1.53080849893419E-16,0.6));
#5483=CARTESIAN_POINT('Origin',(0.,0.,0.6));
#5484=CARTESIAN_POINT('',(1.25,1.53080849893419E-16,0.35));
#5485=CARTESIAN_POINT('',(1.25,-1.53080849893419E-16,0.6));
#5486=CARTESIAN_POINT('Origin',(0.,0.,0.35));
#5487=CARTESIAN_POINT('Origin',(0.,0.,0.35));
#5488=CARTESIAN_POINT('Origin',(-1.53,-0.775,0.17));
#5489=CARTESIAN_POINT('',(-1.55,0.5,0.17));
#5490=CARTESIAN_POINT('',(-1.53,0.5,0.15));
#5491=CARTESIAN_POINT('Origin',(-1.53,0.5,0.17));
#5492=CARTESIAN_POINT('',(-1.53,-0.5,0.15));
#5493=CARTESIAN_POINT('',(-1.53,-0.775,0.15));
#5494=CARTESIAN_POINT('',(-1.55,-0.5,0.17));
#5495=CARTESIAN_POINT('Origin',(-1.53,-0.5,0.17));
#5496=CARTESIAN_POINT('',(-1.55,-0.775,0.17));
#5497=CARTESIAN_POINT('Origin',(-1.175,1.73472347597681E-17,0.15));
#5498=CARTESIAN_POINT('',(-0.8,0.5,0.15));
#5499=CARTESIAN_POINT('',(-1.55,0.5,0.15));
#5500=CARTESIAN_POINT('',(-0.8,-0.5,0.15));
#5501=CARTESIAN_POINT('',(-0.8,0.5,0.15));
#5502=CARTESIAN_POINT('',(-0.8,-0.5,0.15));
#5503=CARTESIAN_POINT('Origin',(1.53,0.775,0.17));
#5504=CARTESIAN_POINT('',(1.55,-0.5,0.17));
#5505=CARTESIAN_POINT('',(1.53,-0.5,0.15));
#5506=CARTESIAN_POINT('Origin',(1.53,-0.5,0.17));
#5507=CARTESIAN_POINT('',(1.53,0.5,0.15));
#5508=CARTESIAN_POINT('',(1.53,0.775,0.15));
#5509=CARTESIAN_POINT('',(1.55,0.5,0.17));
#5510=CARTESIAN_POINT('Origin',(1.53,0.5,0.17));
#5511=CARTESIAN_POINT('',(1.55,0.775,0.17));
#5512=CARTESIAN_POINT('Origin',(1.175,-3.60462020982194E-18,0.15));
#5513=CARTESIAN_POINT('',(0.8,-0.5,0.15));
#5514=CARTESIAN_POINT('',(1.55,-0.5,0.15));
#5515=CARTESIAN_POINT('',(0.8,0.5,0.15));
#5516=CARTESIAN_POINT('',(0.8,-0.5,0.15));
#5517=CARTESIAN_POINT('',(0.8,0.5,0.15));
#5518=CARTESIAN_POINT('Origin',(-0.775,1.53,0.58));
#5519=CARTESIAN_POINT('',(-1.34171572875254,1.53,0.6));
#5520=CARTESIAN_POINT('',(1.34171572875254,1.53,0.6));
#5521=CARTESIAN_POINT('',(-0.775,1.53,0.6));
#5522=CARTESIAN_POINT('',(1.35,1.55,0.58));
#5523=CARTESIAN_POINT('Origin',(1.34171572875254,1.53,0.58));
#5524=CARTESIAN_POINT('',(-1.35,1.55,0.58));
#5525=CARTESIAN_POINT('',(-0.775,1.55,0.58));
#5526=CARTESIAN_POINT('Origin',(-1.34171572875254,1.53,0.58));
#5527=CARTESIAN_POINT('Origin',(-1.53,-0.775,0.58));
#5528=CARTESIAN_POINT('',(-1.53,-1.34171572875254,0.6));
#5529=CARTESIAN_POINT('',(-1.53,1.34171572875254,0.6));
#5530=CARTESIAN_POINT('',(-1.53,-0.775,0.6));
#5531=CARTESIAN_POINT('',(-1.55,1.35,0.58));
#5532=CARTESIAN_POINT('Origin',(-1.53,1.34171572875254,0.58));
#5533=CARTESIAN_POINT('',(-1.55,-1.35,0.58));
#5534=CARTESIAN_POINT('',(-1.55,-0.775,0.58));
#5535=CARTESIAN_POINT('Origin',(-1.53,-1.34171572875254,0.58));
#5536=CARTESIAN_POINT('Origin',(0.775,-1.53,0.58));
#5537=CARTESIAN_POINT('',(1.34171572875254,-1.53,0.6));
#5538=CARTESIAN_POINT('',(-1.34171572875254,-1.53,0.6));
#5539=CARTESIAN_POINT('',(0.775,-1.53,0.6));
#5540=CARTESIAN_POINT('',(-1.35,-1.55,0.58));
#5541=CARTESIAN_POINT('Origin',(-1.34171572875254,-1.53,0.58));
#5542=CARTESIAN_POINT('',(1.35,-1.55,0.58));
#5543=CARTESIAN_POINT('',(0.775,-1.55,0.58));
#5544=CARTESIAN_POINT('Origin',(1.34171572875254,-1.53,0.58));
#5545=CARTESIAN_POINT('Origin',(1.43585786437627,-1.43585786437627,0.58));
#5546=CARTESIAN_POINT('',(1.53,-1.34171572875254,0.6));
#5547=CARTESIAN_POINT('',(1.43585786437627,-1.43585786437627,0.6));
#5548=CARTESIAN_POINT('',(1.55,-1.35,0.58));
#5549=CARTESIAN_POINT('',(1.45,-1.45,0.58));
#5550=CARTESIAN_POINT('Origin',(1.53,-1.34171572875254,0.58));
#5551=CARTESIAN_POINT('Origin',(-1.43585786437627,-1.43585786437627,0.58));
#5552=CARTESIAN_POINT('',(-1.43585786437627,-1.43585786437627,0.6));
#5553=CARTESIAN_POINT('',(-1.45,-1.45,0.58));
#5554=CARTESIAN_POINT('Origin',(1.53,0.775,0.58));
#5555=CARTESIAN_POINT('',(1.53,1.34171572875254,0.6));
#5556=CARTESIAN_POINT('',(1.53,0.775,0.6));
#5557=CARTESIAN_POINT('',(1.55,1.35,0.58));
#5558=CARTESIAN_POINT('',(1.55,0.775,0.58));
#5559=CARTESIAN_POINT('Origin',(1.53,1.34171572875254,0.58));
#5560=CARTESIAN_POINT('Origin',(1.43585786437627,1.43585786437627,0.58));
#5561=CARTESIAN_POINT('',(1.43585786437627,1.43585786437627,0.6));
#5562=CARTESIAN_POINT('',(1.45,1.45,0.58));
#5563=CARTESIAN_POINT('Origin',(-1.43585786437627,1.43585786437627,0.58));
#5564=CARTESIAN_POINT('',(-1.43585786437627,1.43585786437627,0.6));
#5565=CARTESIAN_POINT('',(-1.45,1.45,0.58));
#5566=CARTESIAN_POINT('Origin',(1.45,1.45,0.));
#5567=CARTESIAN_POINT('',(1.55,1.35,0.02));
#5568=CARTESIAN_POINT('',(1.55,1.35,0.));
#5569=CARTESIAN_POINT('',(1.35,1.55,0.02));
#5570=CARTESIAN_POINT('',(1.45,1.45,0.02));
#5571=CARTESIAN_POINT('',(1.35,1.55,0.));
#5572=CARTESIAN_POINT('Origin',(1.55,1.55,0.));
#5573=CARTESIAN_POINT('',(1.55,0.5,0.02));
#5574=CARTESIAN_POINT('',(1.55,0.5,0.));
#5575=CARTESIAN_POINT('',(1.55,0.9,0.02));
#5576=CARTESIAN_POINT('',(1.55,0.775,0.02));
#5577=CARTESIAN_POINT('',(1.55,0.9,0.15));
#5578=CARTESIAN_POINT('',(1.55,0.9,0.));
#5579=CARTESIAN_POINT('',(1.55,1.3,0.15));
#5580=CARTESIAN_POINT('',(1.55,1.325,0.15));
#5581=CARTESIAN_POINT('',(1.55,1.3,0.));
#5582=CARTESIAN_POINT('',(1.55,1.3,0.));
#5583=CARTESIAN_POINT('',(1.55,1.32171572875254,0.));
#5584=CARTESIAN_POINT('',(1.55,-1.55,0.));
#5585=CARTESIAN_POINT('Origin',(1.55,1.32171572875254,0.02));
#5586=CARTESIAN_POINT('',(1.55,-1.35,0.02));
#5587=CARTESIAN_POINT('',(1.55,-1.35,0.));
#5588=CARTESIAN_POINT('',(1.55,-1.32171572875254,0.));
#5589=CARTESIAN_POINT('Origin',(1.55,-1.32171572875254,0.02));
#5590=CARTESIAN_POINT('',(1.55,-1.3,0.));
#5591=CARTESIAN_POINT('',(1.55,-1.55,0.));
#5592=CARTESIAN_POINT('',(1.55,-1.3,0.15));
#5593=CARTESIAN_POINT('',(1.55,-1.3,0.));
#5594=CARTESIAN_POINT('',(1.55,-0.9,0.15));
#5595=CARTESIAN_POINT('',(1.55,0.225,0.15));
#5596=CARTESIAN_POINT('',(1.55,-0.9,0.02));
#5597=CARTESIAN_POINT('',(1.55,-0.9,0.));
#5598=CARTESIAN_POINT('',(1.55,-0.5,0.02));
#5599=CARTESIAN_POINT('',(1.55,0.775,0.02));
#5600=CARTESIAN_POINT('',(1.55,-0.5,0.));
#5601=CARTESIAN_POINT('Origin',(1.45,-1.45,0.));
#5602=CARTESIAN_POINT('',(1.35,-1.55,0.02));
#5603=CARTESIAN_POINT('',(1.35,-1.55,0.));
#5604=CARTESIAN_POINT('',(1.45,-1.45,0.02));
#5605=CARTESIAN_POINT('Origin',(1.55,-1.55,0.));
#5606=CARTESIAN_POINT('',(-1.35,-1.55,0.02));
#5607=CARTESIAN_POINT('',(-1.35,-1.55,0.));
#5608=CARTESIAN_POINT('',(0.775,-1.55,0.02));
#5609=CARTESIAN_POINT('Origin',(0.,-1.00929365875014E-16,0.6));
#5610=CARTESIAN_POINT('Origin',(0.775,-1.53,0.02));
#5611=CARTESIAN_POINT('',(-1.34171572875254,-1.53,0.));
#5612=CARTESIAN_POINT('',(1.34171572875254,-1.53,0.));
#5613=CARTESIAN_POINT('',(0.775,-1.53,0.));
#5614=CARTESIAN_POINT('Origin',(1.34171572875254,-1.53,0.02));
#5615=CARTESIAN_POINT('Origin',(-1.34171572875254,-1.53,0.02));
#5616=CARTESIAN_POINT('Origin',(-1.43585786437627,-1.43585786437627,0.02));
#5617=CARTESIAN_POINT('',(-1.55,-1.35,0.02));
#5618=CARTESIAN_POINT('',(-1.55,-1.32171572875254,0.));
#5619=CARTESIAN_POINT('Origin',(-1.55,-1.32171572875254,0.02));
#5620=CARTESIAN_POINT('',(-1.43585786437627,-1.43585786437627,0.));
#5621=CARTESIAN_POINT('',(-1.45,-1.45,0.02));
#5622=CARTESIAN_POINT('Origin',(1.43585786437627,-1.43585786437627,0.02));
#5623=CARTESIAN_POINT('',(1.43585786437627,-1.43585786437627,0.));
#5624=CARTESIAN_POINT('Origin',(-1.55,-1.55,0.));
#5625=CARTESIAN_POINT('',(-1.55,-0.5,0.02));
#5626=CARTESIAN_POINT('',(-1.55,-0.5,0.));
#5627=CARTESIAN_POINT('',(-1.55,-0.900000000000001,0.02));
#5628=CARTESIAN_POINT('',(-1.55,-0.775,0.02));
#5629=CARTESIAN_POINT('',(-1.55,-0.900000000000001,0.15));
#5630=CARTESIAN_POINT('',(-1.55,-0.900000000000001,0.));
#5631=CARTESIAN_POINT('',(-1.55,-1.3,0.15));
#5632=CARTESIAN_POINT('',(-1.55,-1.325,0.15));
#5633=CARTESIAN_POINT('',(-1.55,-1.3,0.));
#5634=CARTESIAN_POINT('',(-1.55,-1.3,0.));
#5635=CARTESIAN_POINT('',(-1.55,1.55,0.));
#5636=CARTESIAN_POINT('',(-1.55,-1.35,0.));
#5637=CARTESIAN_POINT('',(-1.55,1.35,0.02));
#5638=CARTESIAN_POINT('',(-1.55,1.35,0.));
#5639=CARTESIAN_POINT('',(-1.55,1.32171572875254,0.));
#5640=CARTESIAN_POINT('Origin',(-1.55,1.32171572875254,0.02));
#5641=CARTESIAN_POINT('',(-1.55,1.3,0.));
#5642=CARTESIAN_POINT('',(-1.55,1.55,0.));
#5643=CARTESIAN_POINT('',(-1.55,1.3,0.15));
#5644=CARTESIAN_POINT('',(-1.55,1.3,0.));
#5645=CARTESIAN_POINT('',(-1.55,0.9,0.15));
#5646=CARTESIAN_POINT('',(-1.55,-0.225,0.15));
#5647=CARTESIAN_POINT('',(-1.55,0.9,0.02));
#5648=CARTESIAN_POINT('',(-1.55,0.9,0.));
#5649=CARTESIAN_POINT('',(-1.55,0.5,0.02));
#5650=CARTESIAN_POINT('',(-1.55,-0.775,0.02));
#5651=CARTESIAN_POINT('',(-1.55,0.5,0.));
#5652=CARTESIAN_POINT('Origin',(-1.45,-1.45,0.));
#5653=CARTESIAN_POINT('Origin',(-1.53,-0.775,0.02));
#5654=CARTESIAN_POINT('',(-1.53,-0.900000000000001,0.));
#5655=CARTESIAN_POINT('Origin',(-1.53,-0.900000000000001,0.02));
#5656=CARTESIAN_POINT('',(-1.53,-0.52,0.));
#5657=CARTESIAN_POINT('Origin',(-1.53,-0.52,0.02));
#5658=CARTESIAN_POINT('',(-1.53,-0.775,0.));
#5659=CARTESIAN_POINT('Origin',(-1.53,-0.775,0.02));
#5660=CARTESIAN_POINT('',(-1.53,0.9,0.));
#5661=CARTESIAN_POINT('Origin',(-1.53,0.9,0.02));
#5662=CARTESIAN_POINT('',(-1.53,0.52,0.));
#5663=CARTESIAN_POINT('',(-1.53,-0.775,0.));
#5664=CARTESIAN_POINT('Origin',(-1.53,0.52,0.02));
#5665=CARTESIAN_POINT('Origin',(-0.775,0.52,0.02));
#5666=CARTESIAN_POINT('',(-0.8,0.5,0.02));
#5667=CARTESIAN_POINT('',(-0.775,0.5,0.02));
#5668=CARTESIAN_POINT('',(-0.78,0.52,0.));
#5669=CARTESIAN_POINT('',(-0.775,0.52,0.));
#5670=CARTESIAN_POINT('Origin',(-0.78,0.52,0.02));
#5671=CARTESIAN_POINT('Origin',(-0.78,0.25,0.02));
#5672=CARTESIAN_POINT('',(-0.8,-0.5,0.02));
#5673=CARTESIAN_POINT('',(-0.8,0.25,0.02));
#5674=CARTESIAN_POINT('',(-0.78,-0.52,0.));
#5675=CARTESIAN_POINT('',(-0.78,0.25,0.));
#5676=CARTESIAN_POINT('Origin',(-0.78,-0.52,0.02));
#5677=CARTESIAN_POINT('Origin',(-0.4,-0.52,0.02));
#5678=CARTESIAN_POINT('',(-0.4,-0.52,0.));
#5679=CARTESIAN_POINT('',(-0.4,-0.5,0.02));
#5680=CARTESIAN_POINT('Origin',(0.,-4.41565975703187E-17,0.));
#5681=CARTESIAN_POINT('',(-1.15,-1.3,0.));
#5682=CARTESIAN_POINT('',(-0.575000000000001,-1.3,0.));
#5683=CARTESIAN_POINT('',(-1.15,-0.900000000000001,0.));
#5684=CARTESIAN_POINT('',(-1.15,-0.45,0.));
#5685=CARTESIAN_POINT('',(-0.775,-0.900000000000001,0.));
#5686=CARTESIAN_POINT('',(-1.15,0.9,0.));
#5687=CARTESIAN_POINT('',(-0.575,0.9,0.));
#5688=CARTESIAN_POINT('',(-1.15,1.3,0.));
#5689=CARTESIAN_POINT('',(-1.15,0.65,0.));
#5690=CARTESIAN_POINT('',(-0.775,1.3,0.));
#5691=CARTESIAN_POINT('',(-1.34171572875254,1.53,0.));
#5692=CARTESIAN_POINT('',(-1.43585786437627,1.43585786437627,0.));
#5693=CARTESIAN_POINT('',(1.34171572875254,1.53,0.));
#5694=CARTESIAN_POINT('',(-0.775,1.53,0.));
#5695=CARTESIAN_POINT('',(1.43585786437627,1.43585786437627,0.));
#5696=CARTESIAN_POINT('',(1.15,1.3,0.));
#5697=CARTESIAN_POINT('',(0.575000000000001,1.3,0.));
#5698=CARTESIAN_POINT('',(1.15,0.9,0.));
#5699=CARTESIAN_POINT('',(1.15,0.45,0.));
#5700=CARTESIAN_POINT('',(1.53,0.9,0.));
#5701=CARTESIAN_POINT('',(0.775,0.9,0.));
#5702=CARTESIAN_POINT('',(1.53,0.52,0.));
#5703=CARTESIAN_POINT('',(1.53,0.775,0.));
#5704=CARTESIAN_POINT('',(0.78,0.52,0.));
#5705=CARTESIAN_POINT('',(0.4,0.52,0.));
#5706=CARTESIAN_POINT('',(0.78,-0.52,0.));
#5707=CARTESIAN_POINT('',(0.78,-0.25,0.));
#5708=CARTESIAN_POINT('',(1.53,-0.52,0.));
#5709=CARTESIAN_POINT('',(0.775,-0.52,0.));
#5710=CARTESIAN_POINT('',(1.53,-0.9,0.));
#5711=CARTESIAN_POINT('',(1.53,0.775,0.));
#5712=CARTESIAN_POINT('',(1.15,-0.9,0.));
#5713=CARTESIAN_POINT('',(0.575,-0.9,0.));
#5714=CARTESIAN_POINT('',(1.15,-1.3,0.));
#5715=CARTESIAN_POINT('',(1.15,-0.650000000000001,0.));
#5716=CARTESIAN_POINT('',(0.775,-1.3,0.));
#5717=CARTESIAN_POINT('',(0.17,0.52,0.));
#5718=CARTESIAN_POINT('',(0.17,-0.52,0.));
#5719=CARTESIAN_POINT('',(0.17,0.25,0.));
#5720=CARTESIAN_POINT('',(-0.17,0.52,0.));
#5721=CARTESIAN_POINT('',(-0.0750000000000001,0.52,0.));
#5722=CARTESIAN_POINT('',(-0.17,-0.52,0.));
#5723=CARTESIAN_POINT('',(-0.17,-0.25,0.));
#5724=CARTESIAN_POINT('',(0.0749999999999999,-0.52,0.));
#5725=CARTESIAN_POINT('Origin',(-1.15,0.9,0.));
#5726=CARTESIAN_POINT('',(-1.15,0.9,0.15));
#5727=CARTESIAN_POINT('',(-1.15,0.9,0.15));
#5728=CARTESIAN_POINT('',(-1.15,0.9,0.));
#5729=CARTESIAN_POINT('Origin',(-1.43585786437627,1.43585786437627,0.02));
#5730=CARTESIAN_POINT('',(-1.35,1.55,0.02));
#5731=CARTESIAN_POINT('',(-1.45,1.45,0.02));
#5732=CARTESIAN_POINT('Origin',(-1.34171572875254,1.53,0.02));
#5733=CARTESIAN_POINT('Origin',(-0.775,1.53,0.02));
#5734=CARTESIAN_POINT('',(-0.775,1.55,0.02));
#5735=CARTESIAN_POINT('Origin',(1.34171572875254,1.53,0.02));
#5736=CARTESIAN_POINT('Origin',(1.43585786437627,1.43585786437627,0.02));
#5737=CARTESIAN_POINT('Origin',(1.53,0.775,0.02));
#5738=CARTESIAN_POINT('Origin',(1.53,0.9,0.02));
#5739=CARTESIAN_POINT('Origin',(1.53,0.52,0.02));
#5740=CARTESIAN_POINT('Origin',(1.53,0.775,0.02));
#5741=CARTESIAN_POINT('Origin',(1.53,-0.9,0.02));
#5742=CARTESIAN_POINT('Origin',(1.53,-0.52,0.02));
#5743=CARTESIAN_POINT('Origin',(0.78,-0.25,0.02));
#5744=CARTESIAN_POINT('',(0.8,0.5,0.02));
#5745=CARTESIAN_POINT('',(0.8,-0.5,0.02));
#5746=CARTESIAN_POINT('',(0.8,-0.25,0.02));
#5747=CARTESIAN_POINT('Origin',(0.78,-0.52,0.02));
#5748=CARTESIAN_POINT('Origin',(0.78,0.52,0.02));
#5749=CARTESIAN_POINT('Origin',(0.775,-0.52,0.02));
#5750=CARTESIAN_POINT('',(0.775,-0.5,0.02));
#5751=CARTESIAN_POINT('Origin',(0.4,0.52,0.02));
#5752=CARTESIAN_POINT('',(0.4,0.5,0.02));
#5753=CARTESIAN_POINT('Origin',(1.15,-0.9,0.));
#5754=CARTESIAN_POINT('',(1.15,-0.9,0.15));
#5755=CARTESIAN_POINT('',(1.15,-0.9,0.15));
#5756=CARTESIAN_POINT('',(1.15,-0.9,0.));
#5757=CARTESIAN_POINT('Origin',(1.55,-0.5,0.));
#5758=CARTESIAN_POINT('',(0.8,-0.5,0.));
#5759=CARTESIAN_POINT('Origin',(0.8,-0.5,0.));
#5760=CARTESIAN_POINT('',(0.8,0.5,0.));
#5761=CARTESIAN_POINT('Origin',(0.13,-0.13,0.03));
#5762=CARTESIAN_POINT('',(0.13,-0.15,0.07));
#5763=CARTESIAN_POINT('',(0.13,-0.13,0.05));
#5764=CARTESIAN_POINT('Origin',(0.13,-0.13,0.07));
#5765=CARTESIAN_POINT('',(0.15,-0.13,0.03));
#5766=CARTESIAN_POINT('Origin',(0.13,-0.13,0.03));
#5767=CARTESIAN_POINT('',(0.15,-0.15,0.0646410161513776));
#5768=CARTESIAN_POINT('Ctrl Pts',(0.15,-0.15,0.0646410161513776));
#5769=CARTESIAN_POINT('Ctrl Pts',(0.15,-0.15,0.0595434677138662));
#5770=CARTESIAN_POINT('Ctrl Pts',(0.15,-0.148208560002045,0.0536946094630176));
#5771=CARTESIAN_POINT('Ctrl Pts',(0.15,-0.142078254323775,0.0423044654440802));
#5772=CARTESIAN_POINT('Ctrl Pts',(0.15,-0.135541964441619,0.0355419644416191));
#5773=CARTESIAN_POINT('Ctrl Pts',(0.15,-0.13,0.03));
#5774=CARTESIAN_POINT('Origin',(0.13,-0.15,0.03));
#5775=CARTESIAN_POINT('Origin',(-0.075,-0.13,0.07));
#5776=CARTESIAN_POINT('',(-0.13,-0.15,0.07));
#5777=CARTESIAN_POINT('',(-0.13,-0.13,0.05));
#5778=CARTESIAN_POINT('Origin',(-0.13,-0.13,0.07));
#5779=CARTESIAN_POINT('',(-0.075,-0.13,0.05));
#5780=CARTESIAN_POINT('',(-0.075,-0.15,0.07));
#5781=CARTESIAN_POINT('Origin',(-0.13,-0.13,0.03));
#5782=CARTESIAN_POINT('',(-0.15,-0.15,0.0646410161513776));
#5783=CARTESIAN_POINT('',(-0.15,-0.13,0.03));
#5784=CARTESIAN_POINT('Ctrl Pts',(-0.15,-0.13,0.03));
#5785=CARTESIAN_POINT('Ctrl Pts',(-0.15,-0.135541964441619,0.0355419644416191));
#5786=CARTESIAN_POINT('Ctrl Pts',(-0.15,-0.142078254323775,0.0423044654440802));
#5787=CARTESIAN_POINT('Ctrl Pts',(-0.15,-0.148208560002045,0.0536946094630176));
#5788=CARTESIAN_POINT('Ctrl Pts',(-0.15,-0.15,0.0595434677138662));
#5789=CARTESIAN_POINT('Ctrl Pts',(-0.15,-0.15,0.0646410161513776));
#5790=CARTESIAN_POINT('Origin',(-0.13,-0.13,0.03));
#5791=CARTESIAN_POINT('Origin',(-0.13,-0.15,0.03));
#5792=CARTESIAN_POINT('Origin',(-0.15,-0.15,0.05));
#5793=CARTESIAN_POINT('',(0.15,-0.15,0.15));
#5794=CARTESIAN_POINT('',(0.15,-0.15,0.025));
#5795=CARTESIAN_POINT('',(-0.15,-0.15,0.15));
#5796=CARTESIAN_POINT('',(-0.15,-0.15,0.15));
#5797=CARTESIAN_POINT('',(-0.15,-0.15,0.025));
#5798=CARTESIAN_POINT('Origin',(-0.13,0.13,0.03));
#5799=CARTESIAN_POINT('',(-0.13,0.15,0.07));
#5800=CARTESIAN_POINT('',(-0.13,0.13,0.05));
#5801=CARTESIAN_POINT('Origin',(-0.13,0.13,0.07));
#5802=CARTESIAN_POINT('',(-0.15,0.13,0.03));
#5803=CARTESIAN_POINT('Origin',(-0.13,0.13,0.03));
#5804=CARTESIAN_POINT('',(-0.15,0.15,0.0646410161513776));
#5805=CARTESIAN_POINT('Ctrl Pts',(-0.15,0.15,0.0646410161513775));
#5806=CARTESIAN_POINT('Ctrl Pts',(-0.15,0.15,0.0595434677138662));
#5807=CARTESIAN_POINT('Ctrl Pts',(-0.15,0.148208560002045,0.0536946094630176));
#5808=CARTESIAN_POINT('Ctrl Pts',(-0.15,0.142078254323775,0.0423044654440802));
#5809=CARTESIAN_POINT('Ctrl Pts',(-0.15,0.135541964441619,0.0355419644416192));
#5810=CARTESIAN_POINT('Ctrl Pts',(-0.15,0.13,0.03));
#5811=CARTESIAN_POINT('Origin',(-0.13,0.15,0.03));
#5812=CARTESIAN_POINT('Origin',(0.075,0.13,0.07));
#5813=CARTESIAN_POINT('',(0.13,0.15,0.07));
#5814=CARTESIAN_POINT('',(0.13,0.13,0.05));
#5815=CARTESIAN_POINT('Origin',(0.13,0.13,0.07));
#5816=CARTESIAN_POINT('',(0.075,0.13,0.05));
#5817=CARTESIAN_POINT('',(0.075,0.15,0.07));
#5818=CARTESIAN_POINT('Origin',(0.13,0.13,0.03));
#5819=CARTESIAN_POINT('',(0.15,0.15,0.0646410161513776));
#5820=CARTESIAN_POINT('',(0.15,0.13,0.03));
#5821=CARTESIAN_POINT('Ctrl Pts',(0.15,0.13,0.03));
#5822=CARTESIAN_POINT('Ctrl Pts',(0.15,0.135541964441619,0.0355419644416191));
#5823=CARTESIAN_POINT('Ctrl Pts',(0.15,0.142078254323775,0.0423044654440802));
#5824=CARTESIAN_POINT('Ctrl Pts',(0.15,0.148208560002045,0.0536946094630176));
#5825=CARTESIAN_POINT('Ctrl Pts',(0.15,0.15,0.0595434677138662));
#5826=CARTESIAN_POINT('Ctrl Pts',(0.15,0.15,0.0646410161513775));
#5827=CARTESIAN_POINT('Origin',(0.13,0.13,0.03));
#5828=CARTESIAN_POINT('Origin',(0.13,0.15,0.03));
#5829=CARTESIAN_POINT('Origin',(0.15,0.15,0.05));
#5830=CARTESIAN_POINT('',(-0.15,0.15,0.15));
#5831=CARTESIAN_POINT('',(-0.15,0.15,0.025));
#5832=CARTESIAN_POINT('',(0.15,0.15,0.15));
#5833=CARTESIAN_POINT('',(0.15,0.15,0.15));
#5834=CARTESIAN_POINT('',(0.15,0.15,0.025));
#5835=CARTESIAN_POINT('Origin',(0.13,0.25,0.03));
#5836=CARTESIAN_POINT('',(0.13,0.25,0.05));
#5837=CARTESIAN_POINT('',(0.15,0.25,0.03));
#5838=CARTESIAN_POINT('Origin',(0.15,0.5,0.));
#5839=CARTESIAN_POINT('',(0.15,0.5,0.15));
#5840=CARTESIAN_POINT('',(0.15,0.5,0.15));
#5841=CARTESIAN_POINT('',(0.15,0.5,0.02));
#5842=CARTESIAN_POINT('',(0.15,0.5,0.));
#5843=CARTESIAN_POINT('',(0.15,-0.5,0.02));
#5844=CARTESIAN_POINT('',(0.15,0.25,0.02));
#5845=CARTESIAN_POINT('',(0.15,-0.5,0.15));
#5846=CARTESIAN_POINT('',(0.15,-0.5,0.));
#5847=CARTESIAN_POINT('',(0.15,-0.15,0.15));
#5848=CARTESIAN_POINT('Origin',(-0.13,-0.25,0.03));
#5849=CARTESIAN_POINT('',(-0.15,-0.25,0.03));
#5850=CARTESIAN_POINT('',(-0.13,-0.25,0.05));
#5851=CARTESIAN_POINT('Origin',(-0.15,-0.5,0.));
#5852=CARTESIAN_POINT('',(-0.15,-0.5,0.15));
#5853=CARTESIAN_POINT('',(-0.15,-0.5,0.15));
#5854=CARTESIAN_POINT('',(-0.15,-0.5,0.02));
#5855=CARTESIAN_POINT('',(-0.15,-0.5,0.));
#5856=CARTESIAN_POINT('',(-0.15,0.5,0.02));
#5857=CARTESIAN_POINT('',(-0.15,-0.25,0.02));
#5858=CARTESIAN_POINT('',(-0.15,0.5,0.15));
#5859=CARTESIAN_POINT('',(-0.15,0.5,0.));
#5860=CARTESIAN_POINT('',(-0.15,0.15,0.15));
#5861=CARTESIAN_POINT('Origin',(-0.17,-0.25,0.02));
#5862=CARTESIAN_POINT('Origin',(-0.17,-0.52,0.02));
#5863=CARTESIAN_POINT('Origin',(-0.17,0.52,0.02));
#5864=CARTESIAN_POINT('Origin',(0.17,0.25,0.02));
#5865=CARTESIAN_POINT('Origin',(0.17,0.52,0.02));
#5866=CARTESIAN_POINT('Origin',(0.17,-0.52,0.02));
#5867=CARTESIAN_POINT('Origin',(0.0749999999999999,-0.52,0.02));
#5868=CARTESIAN_POINT('',(0.0749999999999999,-0.5,0.02));
#5869=CARTESIAN_POINT('Origin',(-0.0750000000000001,0.52,0.02));
#5870=CARTESIAN_POINT('',(-0.0750000000000001,0.5,0.02));
#5871=CARTESIAN_POINT('Origin',(-0.15,0.5,0.));
#5872=CARTESIAN_POINT('',(-0.15,0.5,0.15));
#5873=CARTESIAN_POINT('Origin',(-2.18356801171906E-18,0.325,0.15));
#5874=CARTESIAN_POINT('Origin',(0.,-0.325,0.15));
#5875=CARTESIAN_POINT('',(0.15,-0.5,0.15));
#5876=CARTESIAN_POINT('Origin',(0.15,-0.5,0.));
#5877=CARTESIAN_POINT('Origin',(8.67361737988404E-18,1.73472347597681E-17,
0.05));
#5878=CARTESIAN_POINT('Origin',(-1.55,1.55,0.));
#5879=CARTESIAN_POINT('',(-1.35,1.55,0.));
#5880=CARTESIAN_POINT('Origin',(-1.45,1.45,0.));
#5881=CARTESIAN_POINT('Origin',(0.8,0.5,0.));
#5882=CARTESIAN_POINT('Origin',(-1.55,0.5,0.));
#5883=CARTESIAN_POINT('',(-0.8,0.5,0.));
#5884=CARTESIAN_POINT('Origin',(-0.8,0.5,0.));
#5885=CARTESIAN_POINT('',(-0.8,-0.5,0.));
#5886=CARTESIAN_POINT('Origin',(-0.8,-0.5,0.));
#5887=CARTESIAN_POINT('Origin',(1.15,-1.3,0.));
#5888=CARTESIAN_POINT('',(1.15,-1.3,0.15));
#5889=CARTESIAN_POINT('',(1.15,-1.3,0.15));
#5890=CARTESIAN_POINT('',(1.15,-1.3,0.));
#5891=CARTESIAN_POINT('Origin',(1.55,-1.3,0.));
#5892=CARTESIAN_POINT('',(1.55,-1.3,0.15));
#5893=CARTESIAN_POINT('Origin',(1.35,-1.1,0.15));
#5894=CARTESIAN_POINT('Origin',(1.55,0.9,0.));
#5895=CARTESIAN_POINT('',(1.15,0.9,0.15));
#5896=CARTESIAN_POINT('',(1.15,0.9,0.));
#5897=CARTESIAN_POINT('',(1.55,0.9,0.15));
#5898=CARTESIAN_POINT('Origin',(1.15,0.9,0.));
#5899=CARTESIAN_POINT('',(1.15,1.3,0.15));
#5900=CARTESIAN_POINT('',(1.15,0.9,0.15));
#5901=CARTESIAN_POINT('',(1.15,1.3,0.));
#5902=CARTESIAN_POINT('Origin',(1.15,1.3,0.));
#5903=CARTESIAN_POINT('',(1.15,1.3,0.15));
#5904=CARTESIAN_POINT('Origin',(1.35,1.1,0.15));
#5905=CARTESIAN_POINT('Origin',(-1.15,1.3,0.));
#5906=CARTESIAN_POINT('',(-1.15,1.3,0.15));
#5907=CARTESIAN_POINT('',(-1.15,1.3,0.15));
#5908=CARTESIAN_POINT('',(-1.15,1.3,0.));
#5909=CARTESIAN_POINT('Origin',(-1.55,1.3,0.));
#5910=CARTESIAN_POINT('',(-1.55,1.3,0.15));
#5911=CARTESIAN_POINT('Origin',(-1.35,1.1,0.15));
#5912=CARTESIAN_POINT('Origin',(-1.55,-0.900000000000001,0.));
#5913=CARTESIAN_POINT('',(-1.15,-0.900000000000001,0.15));
#5914=CARTESIAN_POINT('',(-1.15,-0.900000000000001,0.));
#5915=CARTESIAN_POINT('',(-1.55,-0.900000000000001,0.15));
#5916=CARTESIAN_POINT('Origin',(-1.15,-0.900000000000001,0.));
#5917=CARTESIAN_POINT('',(-1.15,-1.3,0.15));
#5918=CARTESIAN_POINT('',(-1.15,-0.900000000000001,0.15));
#5919=CARTESIAN_POINT('',(-1.15,-1.3,0.));
#5920=CARTESIAN_POINT('Origin',(-1.15,-1.3,0.));
#5921=CARTESIAN_POINT('',(-1.15,-1.3,0.15));
#5922=CARTESIAN_POINT('Origin',(-1.35,-1.1,0.15));
#5923=CARTESIAN_POINT('',(0.,0.,0.));
#5924=CARTESIAN_POINT('Origin',(0.,0.,0.35));
#5925=CARTESIAN_POINT('',(1.26598461488295,-1.5503840063862E-16,0.451534616513362));
#5926=CARTESIAN_POINT('',(-1.5503840063862E-16,-1.26598461488295,0.451534616513362));
#5927=CARTESIAN_POINT('Origin',(-1.5503840063862E-16,0.,0.451534616513362));
#5928=CARTESIAN_POINT('Origin',(-1.5503840063862E-16,0.,0.451534616513362));
#5929=CARTESIAN_POINT('',(1.03753172772789,-1.27060990937578E-16,0.6));
#5930=CARTESIAN_POINT('Origin',(1.03753172772789,-1.27060990937578E-16,
0.35));
#5931=CARTESIAN_POINT('Origin',(0.,0.,0.6));
#5932=CARTESIAN_POINT('Origin',(0.,0.,0.375));
#5933=CARTESIAN_POINT('',(-1.68218237984254E-16,-1.37360615404682,0.209386153394655));
#5934=CARTESIAN_POINT('',(1.37360615404682,-1.68218237984254E-16,0.209386153394655));
#5935=CARTESIAN_POINT('Origin',(-1.68218237984254E-16,0.,0.209386153394655));
#5936=CARTESIAN_POINT('',(-1.59204083889156E-16,-1.3,0.375));
#5937=CARTESIAN_POINT('Origin',(-1.68218237984254E-16,0.,0.209386153394655));
#5938=CARTESIAN_POINT('Origin',(0.,1.0625,0.6));
#5939=CARTESIAN_POINT('',(-1.1327982892113E-16,-0.925,0.6));
#5940=CARTESIAN_POINT('Origin',(0.,0.,0.6));
#5941=CARTESIAN_POINT('Origin',(0.,0.,0.25));
#5942=CARTESIAN_POINT('',(-0.932683423573058,0.933371245213844,0.0261296607728248));
#5943=CARTESIAN_POINT('',(-1.61592145147493E-16,-1.3195,0.0261296607728249));
#5944=CARTESIAN_POINT('Origin',(0.,0.,0.0261296607728248));
#5945=CARTESIAN_POINT('Origin',(0.,0.,0.0261296607728248));
#5946=CARTESIAN_POINT('',(-1.0113375500819,1.01208337641,0.));
#5947=CARTESIAN_POINT('Origin',(-1.0113375500819,1.01208337641,0.25));
#5948=CARTESIAN_POINT('Origin',(0.,0.,0.));
#5949=CARTESIAN_POINT('Origin',(0.,2.52323414687536E-17,0.));
#5950=CARTESIAN_POINT('',(-1.35,1.55,0.));
#5951=CARTESIAN_POINT('',(-1.55,1.35,0.));
#5952=CARTESIAN_POINT('',(-1.45,1.45,0.));
#5953=CARTESIAN_POINT('',(-0.91,1.55,0.));
#5954=CARTESIAN_POINT('',(1.55,1.55,0.));
#5955=CARTESIAN_POINT('',(-0.91,1.5025,0.));
#5956=CARTESIAN_POINT('',(-0.91,0.75125,0.));
#5957=CARTESIAN_POINT('',(-0.9,1.5025,0.));
#5958=CARTESIAN_POINT('',(-0.45,1.5025,0.));
#5959=CARTESIAN_POINT('',(-0.9,1.5125,0.));
#5960=CARTESIAN_POINT('',(-0.9,0.775,0.));
#5961=CARTESIAN_POINT('',(0.9,1.5125,0.));
#5962=CARTESIAN_POINT('',(0.45,1.5125,0.));
#5963=CARTESIAN_POINT('',(0.9,1.5025,0.));
#5964=CARTESIAN_POINT('',(0.9,0.75125,0.));
#5965=CARTESIAN_POINT('',(0.91,1.5025,0.));
#5966=CARTESIAN_POINT('',(0.455,1.5025,0.));
#5967=CARTESIAN_POINT('',(0.91,1.55,0.));
#5968=CARTESIAN_POINT('',(0.91,0.775,0.));
#5969=CARTESIAN_POINT('',(1.35,1.55,0.));
#5970=CARTESIAN_POINT('',(1.55,1.55,0.));
#5971=CARTESIAN_POINT('',(1.55,1.35,0.));
#5972=CARTESIAN_POINT('',(1.45,1.45,0.));
#5973=CARTESIAN_POINT('',(1.55,0.51,0.));
#5974=CARTESIAN_POINT('',(1.55,-1.55,0.));
#5975=CARTESIAN_POINT('',(1.5025,0.51,0.));
#5976=CARTESIAN_POINT('',(0.75125,0.51,0.));
#5977=CARTESIAN_POINT('',(1.5025,0.5,0.));
#5978=CARTESIAN_POINT('',(1.5025,0.25,0.));
#5979=CARTESIAN_POINT('',(1.5125,0.5,0.));
#5980=CARTESIAN_POINT('',(0.775,0.5,0.));
#5981=CARTESIAN_POINT('',(1.5125,-0.5,0.));
#5982=CARTESIAN_POINT('',(1.5125,-0.25,0.));
#5983=CARTESIAN_POINT('',(1.5025,-0.5,0.));
#5984=CARTESIAN_POINT('',(0.75125,-0.5,0.));
#5985=CARTESIAN_POINT('',(1.5025,-0.51,0.));
#5986=CARTESIAN_POINT('',(1.5025,-0.255,0.));
#5987=CARTESIAN_POINT('',(1.55,-0.51,0.));
#5988=CARTESIAN_POINT('',(0.775,-0.51,0.));
#5989=CARTESIAN_POINT('',(1.55,-1.35,0.));
#5990=CARTESIAN_POINT('',(1.55,-1.55,0.));
#5991=CARTESIAN_POINT('',(1.35,-1.55,0.));
#5992=CARTESIAN_POINT('',(1.45,-1.45,0.));
#5993=CARTESIAN_POINT('',(0.91,-1.55,0.));
#5994=CARTESIAN_POINT('',(-1.55,-1.55,0.));
#5995=CARTESIAN_POINT('',(0.91,-1.5025,0.));
#5996=CARTESIAN_POINT('',(0.91,-0.75125,0.));
#5997=CARTESIAN_POINT('',(0.9,-1.5025,0.));
#5998=CARTESIAN_POINT('',(0.45,-1.5025,0.));
#5999=CARTESIAN_POINT('',(0.9,-1.5125,0.));
#6000=CARTESIAN_POINT('',(0.9,-0.775,0.));
#6001=CARTESIAN_POINT('',(-0.9,-1.5125,0.));
#6002=CARTESIAN_POINT('',(-0.45,-1.5125,0.));
#6003=CARTESIAN_POINT('',(-0.9,-1.5025,0.));
#6004=CARTESIAN_POINT('',(-0.9,-0.75125,0.));
#6005=CARTESIAN_POINT('',(-0.91,-1.5025,0.));
#6006=CARTESIAN_POINT('',(-0.455,-1.5025,0.));
#6007=CARTESIAN_POINT('',(-0.91,-1.55,0.));
#6008=CARTESIAN_POINT('',(-0.91,-0.775,0.));
#6009=CARTESIAN_POINT('',(-1.35,-1.55,0.));
#6010=CARTESIAN_POINT('',(-1.55,-1.55,0.));
#6011=CARTESIAN_POINT('',(-1.55,-1.35,0.));
#6012=CARTESIAN_POINT('',(-1.45,-1.45,0.));
#6013=CARTESIAN_POINT('',(-1.55,-0.51,0.));
#6014=CARTESIAN_POINT('',(-1.55,1.55,0.));
#6015=CARTESIAN_POINT('',(-1.5025,-0.51,0.));
#6016=CARTESIAN_POINT('',(-0.75125,-0.51,0.));
#6017=CARTESIAN_POINT('',(-1.5025,-0.5,0.));
#6018=CARTESIAN_POINT('',(-1.5025,-0.25,0.));
#6019=CARTESIAN_POINT('',(-1.5125,-0.5,0.));
#6020=CARTESIAN_POINT('',(-0.775,-0.5,0.));
#6021=CARTESIAN_POINT('',(-1.5125,0.5,0.));
#6022=CARTESIAN_POINT('',(-1.5125,0.25,0.));
#6023=CARTESIAN_POINT('',(-1.5025,0.5,0.));
#6024=CARTESIAN_POINT('',(-0.75125,0.5,0.));
#6025=CARTESIAN_POINT('',(-1.5025,0.51,0.));
#6026=CARTESIAN_POINT('',(-1.5025,0.255,0.));
#6027=CARTESIAN_POINT('',(-1.55,0.51,0.));
#6028=CARTESIAN_POINT('',(-0.775,0.51,0.));
#6029=CARTESIAN_POINT('',(-1.55,1.55,0.));
#6030=CARTESIAN_POINT('Origin',(0.,0.,0.322578467939606));
#6031=CARTESIAN_POINT('',(-1.39744474438683E-16,-1.14110023017231,0.363192314544951));
#6032=CARTESIAN_POINT('',(1.14110023017231,-1.39744474438683E-16,0.36319231454495));
#6033=CARTESIAN_POINT('Origin',(-1.39744474438683E-16,0.,0.36319231454495));
#6034=CARTESIAN_POINT('',(1.0679697806526,-1.3078857734623E-16,0.420898922345126));
#6035=CARTESIAN_POINT('Origin',(1.04971907531028,-1.28553510558266E-16,
0.322578467939606));
#6036=CARTESIAN_POINT('',(-1.3078857734623E-16,-1.0679697806526,0.420898922345126));
#6037=CARTESIAN_POINT('Origin',(-1.3078857734623E-16,0.,0.420898922345126));
#6038=CARTESIAN_POINT('Origin',(-1.3078857734623E-16,0.,0.420898922345126));
#6039=CARTESIAN_POINT('Origin',(-1.39744474438683E-16,0.,0.36319231454495));
#6040=CARTESIAN_POINT('Origin',(0.,0.,0.205646175461172));
#6041=CARTESIAN_POINT('',(-1.59512576904567E-16,-1.30251903663673,-6.93889390390723E-17));
#6042=CARTESIAN_POINT('Origin',(0.,0.,0.));
#6043=CARTESIAN_POINT('',(-1.48319513325215E-16,-1.21112073643177,0.205646175461172));
#6044=CARTESIAN_POINT('Origin',(0.,0.,0.431905834657032));
#6045=CARTESIAN_POINT('',(-1.09927228739183E-16,-0.89762394198653,0.452519318391719));
#6046=CARTESIAN_POINT('',(-1.23526839242523E-16,-1.00867318910667,0.431905834657032));
#6047=CARTESIAN_POINT('Origin',(0.,0.,0.452519318391719));
#6048=CARTESIAN_POINT('Origin',(0.,0.,0.25));
#6049=CARTESIAN_POINT('',(1.46498730890885,-1.79409201864671E-16,0.15));
#6050=CARTESIAN_POINT('Origin',(1.46498730890885,-1.79409201864671E-16,
0.25));
#6051=CARTESIAN_POINT('Origin',(0.,0.,0.15));
#6052=CARTESIAN_POINT('Origin',(0.,-2.52323414687536E-17,0.15));
#6053=CARTESIAN_POINT('',(-1.55,1.35,0.15));
#6054=CARTESIAN_POINT('',(-1.35,1.55,0.15));
#6055=CARTESIAN_POINT('',(-1.45,1.45,0.15));
#6056=CARTESIAN_POINT('',(-1.55,0.51,0.15));
#6057=CARTESIAN_POINT('',(-1.55,1.55,0.15));
#6058=CARTESIAN_POINT('',(-1.5025,0.51,0.15));
#6059=CARTESIAN_POINT('',(-0.775,0.51,0.15));
#6060=CARTESIAN_POINT('',(-1.5025,0.5,0.15));
#6061=CARTESIAN_POINT('',(-1.5025,0.255,0.15));
#6062=CARTESIAN_POINT('',(-1.5125,0.5,0.15));
#6063=CARTESIAN_POINT('',(-0.75125,0.5,0.15));
#6064=CARTESIAN_POINT('',(-1.5125,-0.5,0.15));
#6065=CARTESIAN_POINT('',(-1.5125,0.25,0.15));
#6066=CARTESIAN_POINT('',(-1.5025,-0.5,0.15));
#6067=CARTESIAN_POINT('',(-0.775,-0.5,0.15));
#6068=CARTESIAN_POINT('',(-1.5025,-0.51,0.15));
#6069=CARTESIAN_POINT('',(-1.5025,-0.25,0.15));
#6070=CARTESIAN_POINT('',(-1.55,-0.51,0.15));
#6071=CARTESIAN_POINT('',(-0.75125,-0.51,0.15));
#6072=CARTESIAN_POINT('',(-1.55,-1.35,0.15));
#6073=CARTESIAN_POINT('',(-1.55,1.55,0.15));
#6074=CARTESIAN_POINT('',(-1.35,-1.55,0.15));
#6075=CARTESIAN_POINT('',(-1.45,-1.45,0.15));
#6076=CARTESIAN_POINT('',(-0.91,-1.55,0.15));
#6077=CARTESIAN_POINT('',(-1.55,-1.55,0.15));
#6078=CARTESIAN_POINT('',(-0.91,-1.5025,0.15));
#6079=CARTESIAN_POINT('',(-0.91,-0.775,0.15));
#6080=CARTESIAN_POINT('',(-0.9,-1.5025,0.15));
#6081=CARTESIAN_POINT('',(-0.455,-1.5025,0.15));
#6082=CARTESIAN_POINT('',(-0.9,-1.5125,0.15));
#6083=CARTESIAN_POINT('',(-0.9,-0.75125,0.15));
#6084=CARTESIAN_POINT('',(0.9,-1.5125,0.15));
#6085=CARTESIAN_POINT('',(-0.45,-1.5125,0.15));
#6086=CARTESIAN_POINT('',(0.9,-1.5025,0.15));
#6087=CARTESIAN_POINT('',(0.9,-0.775,0.15));
#6088=CARTESIAN_POINT('',(0.91,-1.5025,0.15));
#6089=CARTESIAN_POINT('',(0.45,-1.5025,0.15));
#6090=CARTESIAN_POINT('',(0.91,-1.55,0.15));
#6091=CARTESIAN_POINT('',(0.91,-0.75125,0.15));
#6092=CARTESIAN_POINT('',(1.35,-1.55,0.15));
#6093=CARTESIAN_POINT('',(-1.55,-1.55,0.15));
#6094=CARTESIAN_POINT('',(1.55,-1.35,0.15));
#6095=CARTESIAN_POINT('',(1.45,-1.45,0.15));
#6096=CARTESIAN_POINT('',(1.55,-0.51,0.15));
#6097=CARTESIAN_POINT('',(1.55,-1.55,0.15));
#6098=CARTESIAN_POINT('',(1.5025,-0.51,0.15));
#6099=CARTESIAN_POINT('',(0.775,-0.51,0.15));
#6100=CARTESIAN_POINT('',(1.5025,-0.5,0.15));
#6101=CARTESIAN_POINT('',(1.5025,-0.255,0.15));
#6102=CARTESIAN_POINT('',(1.5125,-0.5,0.15));
#6103=CARTESIAN_POINT('',(0.75125,-0.5,0.15));
#6104=CARTESIAN_POINT('',(1.5125,0.5,0.15));
#6105=CARTESIAN_POINT('',(1.5125,-0.25,0.15));
#6106=CARTESIAN_POINT('',(1.5025,0.5,0.15));
#6107=CARTESIAN_POINT('',(0.775,0.5,0.15));
#6108=CARTESIAN_POINT('',(1.5025,0.51,0.15));
#6109=CARTESIAN_POINT('',(1.5025,0.25,0.15));
#6110=CARTESIAN_POINT('',(1.55,0.51,0.15));
#6111=CARTESIAN_POINT('',(0.75125,0.51,0.15));
#6112=CARTESIAN_POINT('',(1.55,1.35,0.15));
#6113=CARTESIAN_POINT('',(1.55,-1.55,0.15));
#6114=CARTESIAN_POINT('',(1.35,1.55,0.15));
#6115=CARTESIAN_POINT('',(1.45,1.45,0.15));
#6116=CARTESIAN_POINT('',(0.91,1.55,0.15));
#6117=CARTESIAN_POINT('',(1.55,1.55,0.15));
#6118=CARTESIAN_POINT('',(0.91,1.5025,0.15));
#6119=CARTESIAN_POINT('',(0.91,0.775,0.15));
#6120=CARTESIAN_POINT('',(0.9,1.5025,0.15));
#6121=CARTESIAN_POINT('',(0.455,1.5025,0.15));
#6122=CARTESIAN_POINT('',(0.9,1.5125,0.15));
#6123=CARTESIAN_POINT('',(0.9,0.75125,0.15));
#6124=CARTESIAN_POINT('',(-0.9,1.5125,0.15));
#6125=CARTESIAN_POINT('',(0.45,1.5125,0.15));
#6126=CARTESIAN_POINT('',(-0.9,1.5025,0.15));
#6127=CARTESIAN_POINT('',(-0.9,0.775,0.15));
#6128=CARTESIAN_POINT('',(-0.91,1.5025,0.15));
#6129=CARTESIAN_POINT('',(-0.45,1.5025,0.15));
#6130=CARTESIAN_POINT('',(-0.91,1.55,0.15));
#6131=CARTESIAN_POINT('',(-0.91,0.75125,0.15));
#6132=CARTESIAN_POINT('',(1.55,1.55,0.15));
#6133=CARTESIAN_POINT('Origin',(0.,0.,0.075));
#6134=CARTESIAN_POINT('',(-1.65481564392598E-16,-1.35125951831837,0.075));
#6135=CARTESIAN_POINT('Origin',(0.,0.,0.52625965919586));
#6136=CARTESIAN_POINT('',(-1.11603528830157E-16,-0.911311970993265,0.52625965919586));
#6137=CARTESIAN_POINT('Origin',(-1.45,1.45,0.));
#6138=CARTESIAN_POINT('',(-1.35,1.55,0.));
#6139=CARTESIAN_POINT('',(-1.55,1.35,0.));
#6140=CARTESIAN_POINT('Origin',(-1.55,-1.55,0.));
#6141=CARTESIAN_POINT('',(-1.55,0.51,0.));
#6142=CARTESIAN_POINT('Origin',(1.45,1.45,0.));
#6143=CARTESIAN_POINT('',(1.55,1.35,0.));
#6144=CARTESIAN_POINT('',(1.35,1.55,0.));
#6145=CARTESIAN_POINT('Origin',(1.55,1.55,0.));
#6146=CARTESIAN_POINT('',(1.55,0.51,0.));
#6147=CARTESIAN_POINT('Origin',(1.45,-1.45,0.));
#6148=CARTESIAN_POINT('',(1.35,-1.55,0.));
#6149=CARTESIAN_POINT('',(1.55,-1.35,0.));
#6150=CARTESIAN_POINT('Origin',(1.55,1.55,0.));
#6151=CARTESIAN_POINT('',(1.55,-0.51,0.));
#6152=CARTESIAN_POINT('Origin',(-1.45,-1.45,0.));
#6153=CARTESIAN_POINT('',(-1.55,-1.35,0.));
#6154=CARTESIAN_POINT('',(-1.35,-1.55,0.));
#6155=CARTESIAN_POINT('Origin',(1.55,-1.55,0.));
#6156=CARTESIAN_POINT('',(-0.91,-1.55,0.));
#6157=CARTESIAN_POINT('Origin',(0.949999999999999,-0.25,-0.45));
#6158=CARTESIAN_POINT('',(0.899999999999999,-0.25,-0.600000000000001));
#6159=CARTESIAN_POINT('',(0.949999999999999,-0.3,-0.600000000000001));
#6160=CARTESIAN_POINT('Origin',(0.949999999999999,-0.25,-0.6));
#6161=CARTESIAN_POINT('',(0.949999999999999,-0.3,-0.45));
#6162=CARTESIAN_POINT('',(0.949999999999999,-0.3,-0.45));
#6163=CARTESIAN_POINT('',(0.899999999999999,-0.25,-0.45));
#6164=CARTESIAN_POINT('Origin',(0.949999999999999,-0.25,-0.45));
#6165=CARTESIAN_POINT('',(0.899999999999999,-0.25,-0.45));
#6166=CARTESIAN_POINT('Origin',(0.899999999999999,0.3,-0.45));
#6167=CARTESIAN_POINT('',(0.899999999999999,0.25,-0.45));
#6168=CARTESIAN_POINT('',(0.899999999999999,0.3,-0.45));
#6169=CARTESIAN_POINT('',(0.899999999999999,0.25,-0.600000000000001));
#6170=CARTESIAN_POINT('',(0.899999999999999,0.25,-0.45));
#6171=CARTESIAN_POINT('',(0.899999999999999,0.3,-0.600000000000001));
#6172=CARTESIAN_POINT('Origin',(1.29871848865558,2.65665484446864E-19,-0.45));
#6173=CARTESIAN_POINT('',(1.5125,-0.3,-0.45));
#6174=CARTESIAN_POINT('',(1.5125,-0.3,-0.45));
#6175=CARTESIAN_POINT('',(1.5125,0.3,-0.45));
#6176=CARTESIAN_POINT('',(1.5125,3.96465924351418E-20,-0.45));
#6177=CARTESIAN_POINT('',(0.949999999999999,0.3,-0.45));
#6178=CARTESIAN_POINT('',(1.5125,0.3,-0.45));
#6179=CARTESIAN_POINT('Origin',(0.949999999999999,0.25,-0.45));
#6180=CARTESIAN_POINT('Origin',(0.949999999999999,0.25,-0.45));
#6181=CARTESIAN_POINT('',(0.949999999999999,0.3,-0.600000000000001));
#6182=CARTESIAN_POINT('Origin',(0.949999999999999,0.25,-0.6));
#6183=CARTESIAN_POINT('',(0.949999999999999,0.3,-0.45));
#6184=CARTESIAN_POINT('Origin',(1.5125,0.3,-0.45));
#6185=CARTESIAN_POINT('',(1.5125,0.3,-0.6));
#6186=CARTESIAN_POINT('',(1.5125,0.3,-0.45));
#6187=CARTESIAN_POINT('',(1.5125,0.3,-0.600000000000001));
#6188=CARTESIAN_POINT('Origin',(-0.949999999999999,0.25,-0.45));
#6189=CARTESIAN_POINT('',(-0.899999999999999,0.25,-0.600000000000001));
#6190=CARTESIAN_POINT('',(-0.949999999999999,0.3,-0.600000000000001));
#6191=CARTESIAN_POINT('Origin',(-0.949999999999999,0.25,-0.6));
#6192=CARTESIAN_POINT('',(-0.949999999999999,0.3,-0.45));
#6193=CARTESIAN_POINT('',(-0.949999999999999,0.3,-0.45));
#6194=CARTESIAN_POINT('',(-0.899999999999999,0.25,-0.45));
#6195=CARTESIAN_POINT('Origin',(-0.949999999999999,0.25,-0.45));
#6196=CARTESIAN_POINT('',(-0.899999999999999,0.25,-0.45));
#6197=CARTESIAN_POINT('Origin',(-0.899999999999999,-0.3,-0.45));
#6198=CARTESIAN_POINT('',(-0.899999999999999,-0.25,-0.45));
#6199=CARTESIAN_POINT('',(-0.899999999999999,-0.3,-0.45));
#6200=CARTESIAN_POINT('',(-0.899999999999999,-0.25,-0.600000000000001));
#6201=CARTESIAN_POINT('',(-0.899999999999999,-0.25,-0.45));
#6202=CARTESIAN_POINT('',(-0.899999999999999,-0.3,-0.600000000000001));
#6203=CARTESIAN_POINT('Origin',(-1.29871848865558,-2.65665484446864E-19,
-0.45));
#6204=CARTESIAN_POINT('',(-1.5125,0.3,-0.45));
#6205=CARTESIAN_POINT('',(-1.5125,0.3,-0.45));
#6206=CARTESIAN_POINT('',(-1.5125,-0.3,-0.45));
#6207=CARTESIAN_POINT('',(-1.5125,-3.96465924351418E-20,-0.45));
#6208=CARTESIAN_POINT('',(-0.949999999999999,-0.3,-0.45));
#6209=CARTESIAN_POINT('',(-1.5125,-0.3,-0.45));
#6210=CARTESIAN_POINT('Origin',(-0.949999999999999,-0.25,-0.45));
#6211=CARTESIAN_POINT('Origin',(-0.949999999999999,-0.25,-0.45));
#6212=CARTESIAN_POINT('',(-0.949999999999999,-0.3,-0.600000000000001));
#6213=CARTESIAN_POINT('Origin',(-0.949999999999999,-0.25,-0.6));
#6214=CARTESIAN_POINT('',(-0.949999999999999,-0.3,-0.45));
#6215=CARTESIAN_POINT('Origin',(-1.5125,-0.3,-0.45));
#6216=CARTESIAN_POINT('',(-1.5125,-0.3,-0.6));
#6217=CARTESIAN_POINT('',(-1.5125,-0.3,-0.45));
#6218=CARTESIAN_POINT('',(-1.5125,-0.3,-0.600000000000001));
#6219=CARTESIAN_POINT('Origin',(-0.85,0.775,-0.45));
#6220=CARTESIAN_POINT('',(-0.85,1.55,-0.5));
#6221=CARTESIAN_POINT('',(-0.9,1.55,-0.45));
#6222=CARTESIAN_POINT('Origin',(-0.85,1.55,-0.45));
#6223=CARTESIAN_POINT('',(-0.9,1.7,-0.45));
#6224=CARTESIAN_POINT('',(-0.9,0.775,-0.45));
#6225=CARTESIAN_POINT('',(-0.85,1.7,-0.5));
#6226=CARTESIAN_POINT('Origin',(-0.85,1.7,-0.45));
#6227=CARTESIAN_POINT('',(-0.85,0.775,-0.5));
#6228=CARTESIAN_POINT('Origin',(-0.3,0.,-0.5));
#6229=CARTESIAN_POINT('',(-0.35,1.7,-0.5));
#6230=CARTESIAN_POINT('',(-0.15,1.7,-0.5));
#6231=CARTESIAN_POINT('',(-0.35,1.55,-0.5));
#6232=CARTESIAN_POINT('',(-0.35,0.,-0.5));
#6233=CARTESIAN_POINT('',(-0.15,1.55,-0.5));
#6234=CARTESIAN_POINT('Origin',(1.73472347597681E-17,1.7,-0.212461290088364));
#6235=CARTESIAN_POINT('',(-0.9,1.7,-0.0375000000000006));
#6236=CARTESIAN_POINT('',(-0.9,1.7,-0.0375000000000006));
#6237=CARTESIAN_POINT('',(0.9,1.7,-0.0375000000000006));
#6238=CARTESIAN_POINT('',(8.64894838903551E-18,1.7,-0.0375000000000006));
#6239=CARTESIAN_POINT('',(0.9,1.7,-0.45));
#6240=CARTESIAN_POINT('',(0.9,1.7,0.287654839646543));
#6241=CARTESIAN_POINT('',(0.85,1.7,-0.5));
#6242=CARTESIAN_POINT('Origin',(0.85,1.7,-0.45));
#6243=CARTESIAN_POINT('',(0.35,1.7,-0.5));
#6244=CARTESIAN_POINT('',(0.45,1.7,-0.5));
#6245=CARTESIAN_POINT('',(0.3,1.7,-0.55));
#6246=CARTESIAN_POINT('Origin',(0.35,1.7,-0.55));
#6247=CARTESIAN_POINT('',(-0.3,1.7,-0.55));
#6248=CARTESIAN_POINT('',(-0.9,1.7,-0.55));
#6249=CARTESIAN_POINT('Origin',(-0.35,1.7,-0.55));
#6250=CARTESIAN_POINT('Origin',(0.85,0.775,-0.45));
#6251=CARTESIAN_POINT('',(0.9,1.55,-0.45));
#6252=CARTESIAN_POINT('',(0.9,0.775,-0.45));
#6253=CARTESIAN_POINT('',(0.85,1.55,-0.5));
#6254=CARTESIAN_POINT('Origin',(0.85,1.55,-0.45));
#6255=CARTESIAN_POINT('',(0.85,0.775,-0.5));
#6256=CARTESIAN_POINT('Origin',(0.9,0.,-0.5));
#6257=CARTESIAN_POINT('',(0.35,1.55,-0.5));
#6258=CARTESIAN_POINT('',(0.45,1.55,-0.5));
#6259=CARTESIAN_POINT('',(0.35,0.,-0.5));
#6260=CARTESIAN_POINT('Origin',(0.85,-0.775,-0.45));
#6261=CARTESIAN_POINT('',(0.85,-1.55,-0.5));
#6262=CARTESIAN_POINT('',(0.9,-1.55,-0.45));
#6263=CARTESIAN_POINT('Origin',(0.85,-1.55,-0.45));
#6264=CARTESIAN_POINT('',(0.9,-1.7,-0.45));
#6265=CARTESIAN_POINT('',(0.9,-0.775,-0.45));
#6266=CARTESIAN_POINT('',(0.85,-1.7,-0.5));
#6267=CARTESIAN_POINT('Origin',(0.85,-1.7,-0.45));
#6268=CARTESIAN_POINT('',(0.85,-0.775,-0.5));
#6269=CARTESIAN_POINT('Origin',(0.9,0.,-0.5));
#6270=CARTESIAN_POINT('',(0.35,-1.7,-0.5));
#6271=CARTESIAN_POINT('',(0.45,-1.7,-0.5));
#6272=CARTESIAN_POINT('',(0.35,-1.55,-0.5));
#6273=CARTESIAN_POINT('',(0.35,0.,-0.5));
#6274=CARTESIAN_POINT('',(0.45,-1.55,-0.5));
#6275=CARTESIAN_POINT('Origin',(-1.73472347597681E-17,-1.7,-0.212461290088364));
#6276=CARTESIAN_POINT('',(0.9,-1.7,-0.0375000000000006));
#6277=CARTESIAN_POINT('',(0.9,-1.7,-0.0375000000000006));
#6278=CARTESIAN_POINT('',(-0.9,-1.7,-0.0375000000000006));
#6279=CARTESIAN_POINT('',(-8.64894838903551E-18,-1.7,-0.0375000000000006));
#6280=CARTESIAN_POINT('',(-0.9,-1.7,-0.45));
#6281=CARTESIAN_POINT('',(-0.9,-1.7,0.287654839646543));
#6282=CARTESIAN_POINT('',(-0.85,-1.7,-0.5));
#6283=CARTESIAN_POINT('Origin',(-0.85,-1.7,-0.45));
#6284=CARTESIAN_POINT('',(-0.35,-1.7,-0.5));
#6285=CARTESIAN_POINT('',(-0.15,-1.7,-0.5));
#6286=CARTESIAN_POINT('',(-0.3,-1.7,-0.55));
#6287=CARTESIAN_POINT('Origin',(-0.35,-1.7,-0.55));
#6288=CARTESIAN_POINT('',(0.3,-1.7,-0.55));
#6289=CARTESIAN_POINT('',(0.9,-1.7,-0.55));
#6290=CARTESIAN_POINT('Origin',(0.35,-1.7,-0.55));
#6291=CARTESIAN_POINT('Origin',(-0.85,-0.775,-0.45));
#6292=CARTESIAN_POINT('',(-0.9,-1.55,-0.45));
#6293=CARTESIAN_POINT('',(-0.9,-0.775,-0.45));
#6294=CARTESIAN_POINT('',(-0.85,-1.55,-0.5));
#6295=CARTESIAN_POINT('Origin',(-0.85,-1.55,-0.45));
#6296=CARTESIAN_POINT('',(-0.85,-0.775,-0.5));
#6297=CARTESIAN_POINT('Origin',(-0.3,0.,-0.5));
#6298=CARTESIAN_POINT('',(-0.35,-1.55,-0.5));
#6299=CARTESIAN_POINT('',(-0.15,-1.55,-0.5));
#6300=CARTESIAN_POINT('',(-0.35,0.,-0.5));
#6301=CARTESIAN_POINT('Origin',(0.35,0.,-0.55));
#6302=CARTESIAN_POINT('',(0.3,1.55,-0.55));
#6303=CARTESIAN_POINT('Origin',(0.35,1.55,-0.55));
#6304=CARTESIAN_POINT('',(0.3,0.775,-0.549999999999999));
#6305=CARTESIAN_POINT('Origin',(-0.35,0.,-0.55));
#6306=CARTESIAN_POINT('',(-0.3,1.55,-0.55));
#6307=CARTESIAN_POINT('Origin',(-0.35,1.55,-0.55));
#6308=CARTESIAN_POINT('',(-0.3,0.775,-0.549999999999999));
#6309=CARTESIAN_POINT('Origin',(0.35,0.,-0.55));
#6310=CARTESIAN_POINT('',(0.3,-1.55,-0.55));
#6311=CARTESIAN_POINT('',(0.3,-0.775,-0.549999999999999));
#6312=CARTESIAN_POINT('Origin',(0.35,-1.55,-0.55));
#6313=CARTESIAN_POINT('Origin',(-0.35,0.,-0.55));
#6314=CARTESIAN_POINT('',(-0.3,-1.55,-0.55));
#6315=CARTESIAN_POINT('Origin',(-0.35,-1.55,-0.55));
#6316=CARTESIAN_POINT('',(-0.3,-0.775,-0.549999999999999));
#6317=CARTESIAN_POINT('Origin',(1.5125,1.0942459512098E-19,-0.4125));
#6318=CARTESIAN_POINT('',(1.5125,-0.3,-0.6));
#6319=CARTESIAN_POINT('',(1.5125,1.98232962175687E-19,-0.6));
#6320=CARTESIAN_POINT('',(1.7,0.3375,-0.412500000000001));
#6321=CARTESIAN_POINT('Ctrl Pts',(1.7,0.3375,-0.412500000000001));
#6322=CARTESIAN_POINT('Ctrl Pts',(1.7,0.330357142857143,-0.468599868814104));
#6323=CARTESIAN_POINT('Ctrl Pts',(1.67306954568686,0.323214285714286,-0.524071431834922));
#6324=CARTESIAN_POINT('Ctrl Pts',(1.62943100703301,0.316071428571428,-0.559053088117139));
#6325=CARTESIAN_POINT('Ctrl Pts',(1.59670210304262,0.310714285714285,-0.585289330328801));
#6326=CARTESIAN_POINT('Ctrl Pts',(1.55457490161058,0.305357142857143,-0.600000000000001));
#6327=CARTESIAN_POINT('Ctrl Pts',(1.5125,0.3,-0.600000000000001));
#6328=CARTESIAN_POINT('',(1.7,-0.3375,-0.412500000000001));
#6329=CARTESIAN_POINT('',(1.7,-0.16875,-0.412500000000001));
#6330=CARTESIAN_POINT('Ctrl Pts',(1.5125,-0.3,-0.600000000000001));
#6331=CARTESIAN_POINT('Ctrl Pts',(1.5685998688141,-0.307142857142857,-0.600000000000001));
#6332=CARTESIAN_POINT('Ctrl Pts',(1.62407143183492,-0.314285714285714,-0.573069545686862));
#6333=CARTESIAN_POINT('Ctrl Pts',(1.65905308811714,-0.321428571428571,-0.529431007033009));
#6334=CARTESIAN_POINT('Ctrl Pts',(1.6852893303288,-0.326785714285714,-0.49670210304262));
#6335=CARTESIAN_POINT('Ctrl Pts',(1.7,-0.332142857142857,-0.454574901610578));
#6336=CARTESIAN_POINT('Ctrl Pts',(1.7,-0.3375,-0.412500000000001));
#6337=CARTESIAN_POINT('Origin',(0.899999999999999,-0.3,-0.45));
#6338=CARTESIAN_POINT('',(1.5125,-0.3,-0.600000000000001));
#6339=CARTESIAN_POINT('',(1.5125,-0.3,-0.45));
#6340=CARTESIAN_POINT('Ctrl Pts',(1.55,-0.3375,-0.4125));
#6341=CARTESIAN_POINT('Ctrl Pts',(1.6,-0.3375,-0.4125));
#6342=CARTESIAN_POINT('Ctrl Pts',(1.65,-0.3375,-0.4125));
#6343=CARTESIAN_POINT('Ctrl Pts',(1.7,-0.3375,-0.4125));
#6344=CARTESIAN_POINT('Ctrl Pts',(1.55,-0.332142857142857,-0.420914980322116));
#6345=CARTESIAN_POINT('Ctrl Pts',(1.60004063722661,-0.332142857142857,-0.432112002851862));
#6346=CARTESIAN_POINT('Ctrl Pts',(1.64995936277339,-0.332142857142857,-0.443377879080832));
#6347=CARTESIAN_POINT('Ctrl Pts',(1.7,-0.332142857142857,-0.454574901610578));
#6348=CARTESIAN_POINT('Ctrl Pts',(1.54313502082011,-0.319642857142857,-0.440574340990402));
#6349=CARTESIAN_POINT('Ctrl Pts',(1.58396795884734,-0.319642857142857,-0.477971463168405));
#6350=CARTESIAN_POINT('Ctrl Pts',(1.6248421660733,-0.319642857142857,-0.515474582774006));
#6351=CARTESIAN_POINT('Ctrl Pts',(1.66567510410053,-0.319642857142857,-0.552871704952009));
#6352=CARTESIAN_POINT('Ctrl Pts',(1.52371997376282,-0.307142857142857,-0.45));
#6353=CARTESIAN_POINT('Ctrl Pts',(1.5387447570637,-0.307142857142857,-0.500159792147014));
#6354=CARTESIAN_POINT('Ctrl Pts',(1.55357508551322,-0.307142857142857,-0.549840207852987));
#6355=CARTESIAN_POINT('Ctrl Pts',(1.5685998688141,-0.307142857142857,-0.600000000000001));
#6356=CARTESIAN_POINT('Ctrl Pts',(1.5125,-0.3,-0.45));
#6357=CARTESIAN_POINT('Ctrl Pts',(1.5125,-0.3,-0.5));
#6358=CARTESIAN_POINT('Ctrl Pts',(1.5125,-0.3,-0.550000000000001));
#6359=CARTESIAN_POINT('Ctrl Pts',(1.5125,-0.3,-0.600000000000001));
#6360=CARTESIAN_POINT('',(1.55,-0.3375,-0.4125));
#6361=CARTESIAN_POINT('',(1.55,-0.3375,-0.4125));
#6362=CARTESIAN_POINT('Ctrl Pts',(1.55,-0.3375,-0.4125));
#6363=CARTESIAN_POINT('Ctrl Pts',(1.55,-0.332142857142857,-0.420914980322116));
#6364=CARTESIAN_POINT('Ctrl Pts',(1.54705786606576,-0.326785714285714,-0.429340420608524));
#6365=CARTESIAN_POINT('Ctrl Pts',(1.54181061762343,-0.321428571428571,-0.435886201406602));
#6366=CARTESIAN_POINT('Ctrl Pts',(1.53481428636698,-0.314285714285714,-0.444613909137373));
#6367=CARTESIAN_POINT('Ctrl Pts',(1.52371997376282,-0.307142857142857,-0.45));
#6368=CARTESIAN_POINT('Ctrl Pts',(1.5125,-0.3,-0.45));
#6369=CARTESIAN_POINT('Ctrl Pts',(1.5125,0.3,-0.45));
#6370=CARTESIAN_POINT('Ctrl Pts',(1.5125,0.3,-0.5));
#6371=CARTESIAN_POINT('Ctrl Pts',(1.5125,0.3,-0.550000000000001));
#6372=CARTESIAN_POINT('Ctrl Pts',(1.5125,0.3,-0.600000000000001));
#6373=CARTESIAN_POINT('Ctrl Pts',(1.52091498032211,0.305357142857143,-0.45));
#6374=CARTESIAN_POINT('Ctrl Pts',(1.53211200285186,0.305357142857143,-0.500040637226606));
#6375=CARTESIAN_POINT('Ctrl Pts',(1.54337787908083,0.305357142857143,-0.549959362773395));
#6376=CARTESIAN_POINT('Ctrl Pts',(1.55457490161058,0.305357142857143,-0.600000000000001));
#6377=CARTESIAN_POINT('Ctrl Pts',(1.5405743409904,0.317857142857143,-0.443135020820107));
#6378=CARTESIAN_POINT('Ctrl Pts',(1.5779714631684,0.317857142857143,-0.483967958847345));
#6379=CARTESIAN_POINT('Ctrl Pts',(1.615474582774,0.317857142857143,-0.524842166073298));
#6380=CARTESIAN_POINT('Ctrl Pts',(1.65287170495201,0.317857142857143,-0.565675104100536));
#6381=CARTESIAN_POINT('Ctrl Pts',(1.55,0.330357142857143,-0.423719973762821));
#6382=CARTESIAN_POINT('Ctrl Pts',(1.60015979214701,0.330357142857143,-0.4387447570637));
#6383=CARTESIAN_POINT('Ctrl Pts',(1.64984020785299,0.330357142857143,-0.453575085513225));
#6384=CARTESIAN_POINT('Ctrl Pts',(1.7,0.330357142857143,-0.468599868814104));
#6385=CARTESIAN_POINT('Ctrl Pts',(1.55,0.3375,-0.4125));
#6386=CARTESIAN_POINT('Ctrl Pts',(1.6,0.3375,-0.4125));
#6387=CARTESIAN_POINT('Ctrl Pts',(1.65,0.3375,-0.4125));
#6388=CARTESIAN_POINT('Ctrl Pts',(1.7,0.3375,-0.4125));
#6389=CARTESIAN_POINT('',(1.55,0.3375,-0.4125));
#6390=CARTESIAN_POINT('Ctrl Pts',(1.55,0.3375,-0.4125));
#6391=CARTESIAN_POINT('Ctrl Pts',(1.55,0.330357142857143,-0.423719973762821));
#6392=CARTESIAN_POINT('Ctrl Pts',(1.54461390913737,0.323214285714286,-0.434814286366985));
#6393=CARTESIAN_POINT('Ctrl Pts',(1.5358862014066,0.316071428571428,-0.441810617623428));
#6394=CARTESIAN_POINT('Ctrl Pts',(1.52934042060852,0.310714285714285,-0.44705786606576));
#6395=CARTESIAN_POINT('Ctrl Pts',(1.52091498032211,0.305357142857143,-0.45));
#6396=CARTESIAN_POINT('Ctrl Pts',(1.5125,0.3,-0.45));
#6397=CARTESIAN_POINT('',(1.55,0.3375,-0.4125));
#6398=CARTESIAN_POINT('Origin',(1.29871848865558,4.24251854187414E-19,-0.6));
#6399=CARTESIAN_POINT('Origin',(1.5125,1.0942459512098E-19,-0.4125));
#6400=CARTESIAN_POINT('',(1.55,-0.16875,-0.4125));
#6401=CARTESIAN_POINT('Origin',(-1.5125,-1.0942459512098E-19,-0.4125));
#6402=CARTESIAN_POINT('',(-1.5125,0.3,-0.6));
#6403=CARTESIAN_POINT('',(-1.5125,-1.98232962175687E-19,-0.6));
#6404=CARTESIAN_POINT('',(-1.7,-0.3375,-0.412500000000001));
#6405=CARTESIAN_POINT('Ctrl Pts',(-1.7,-0.3375,-0.412500000000001));
#6406=CARTESIAN_POINT('Ctrl Pts',(-1.7,-0.332142857142857,-0.454574901610578));
#6407=CARTESIAN_POINT('Ctrl Pts',(-1.6852893303288,-0.326785714285714,-0.49670210304262));
#6408=CARTESIAN_POINT('Ctrl Pts',(-1.65905308811714,-0.321428571428571,
-0.529431007033009));
#6409=CARTESIAN_POINT('Ctrl Pts',(-1.62407143183492,-0.314285714285714,
-0.573069545686862));
#6410=CARTESIAN_POINT('Ctrl Pts',(-1.5685998688141,-0.307142857142857,-0.600000000000001));
#6411=CARTESIAN_POINT('Ctrl Pts',(-1.5125,-0.3,-0.600000000000001));
#6412=CARTESIAN_POINT('',(-1.7,0.3375,-0.412500000000001));
#6413=CARTESIAN_POINT('',(-1.7,0.16875,-0.412500000000001));
#6414=CARTESIAN_POINT('Ctrl Pts',(-1.5125,0.3,-0.6));
#6415=CARTESIAN_POINT('Ctrl Pts',(-1.55457490161058,0.305357142857143,-0.6));
#6416=CARTESIAN_POINT('Ctrl Pts',(-1.59670210304262,0.310714285714285,-0.585289330328801));
#6417=CARTESIAN_POINT('Ctrl Pts',(-1.62943100703301,0.316071428571428,-0.559053088117139));
#6418=CARTESIAN_POINT('Ctrl Pts',(-1.67306954568686,0.323214285714286,-0.524071431834922));
#6419=CARTESIAN_POINT('Ctrl Pts',(-1.7,0.330357142857143,-0.468599868814104));
#6420=CARTESIAN_POINT('Ctrl Pts',(-1.7,0.3375,-0.412500000000001));
#6421=CARTESIAN_POINT('Origin',(-0.899999999999999,0.3,-0.45));
#6422=CARTESIAN_POINT('',(-1.5125,0.3,-0.600000000000001));
#6423=CARTESIAN_POINT('',(-1.5125,0.3,-0.45));
#6424=CARTESIAN_POINT('Ctrl Pts',(-1.5125,0.3,-0.600000000000001));
#6425=CARTESIAN_POINT('Ctrl Pts',(-1.5125,0.3,-0.550000000000001));
#6426=CARTESIAN_POINT('Ctrl Pts',(-1.5125,0.3,-0.5));
#6427=CARTESIAN_POINT('Ctrl Pts',(-1.5125,0.3,-0.45));
#6428=CARTESIAN_POINT('Ctrl Pts',(-1.55457490161058,0.305357142857143,-0.600000000000001));
#6429=CARTESIAN_POINT('Ctrl Pts',(-1.54337787908083,0.305357142857143,-0.549959362773395));
#6430=CARTESIAN_POINT('Ctrl Pts',(-1.53211200285186,0.305357142857143,-0.500040637226606));
#6431=CARTESIAN_POINT('Ctrl Pts',(-1.52091498032211,0.305357142857143,-0.45));
#6432=CARTESIAN_POINT('Ctrl Pts',(-1.65287170495201,0.317857142857143,-0.565675104100536));
#6433=CARTESIAN_POINT('Ctrl Pts',(-1.615474582774,0.317857142857143,-0.524842166073298));
#6434=CARTESIAN_POINT('Ctrl Pts',(-1.5779714631684,0.317857142857143,-0.483967958847345));
#6435=CARTESIAN_POINT('Ctrl Pts',(-1.5405743409904,0.317857142857143,-0.443135020820107));
#6436=CARTESIAN_POINT('Ctrl Pts',(-1.7,0.330357142857143,-0.468599868814104));
#6437=CARTESIAN_POINT('Ctrl Pts',(-1.64984020785299,0.330357142857143,-0.453575085513225));
#6438=CARTESIAN_POINT('Ctrl Pts',(-1.60015979214701,0.330357142857143,-0.4387447570637));
#6439=CARTESIAN_POINT('Ctrl Pts',(-1.55,0.330357142857143,-0.423719973762821));
#6440=CARTESIAN_POINT('Ctrl Pts',(-1.7,0.3375,-0.4125));
#6441=CARTESIAN_POINT('Ctrl Pts',(-1.65,0.3375,-0.4125));
#6442=CARTESIAN_POINT('Ctrl Pts',(-1.6,0.3375,-0.4125));
#6443=CARTESIAN_POINT('Ctrl Pts',(-1.55,0.3375,-0.4125));
#6444=CARTESIAN_POINT('',(-1.55,0.3375,-0.4125));
#6445=CARTESIAN_POINT('',(-1.55,0.3375,-0.4125));
#6446=CARTESIAN_POINT('Ctrl Pts',(-1.55,0.3375,-0.4125));
#6447=CARTESIAN_POINT('Ctrl Pts',(-1.55,0.330357142857143,-0.423719973762821));
#6448=CARTESIAN_POINT('Ctrl Pts',(-1.54461390913737,0.323214285714286,-0.434814286366985));
#6449=CARTESIAN_POINT('Ctrl Pts',(-1.5358862014066,0.316071428571428,-0.441810617623428));
#6450=CARTESIAN_POINT('Ctrl Pts',(-1.52934042060852,0.310714285714285,-0.44705786606576));
#6451=CARTESIAN_POINT('Ctrl Pts',(-1.52091498032211,0.305357142857143,-0.45));
#6452=CARTESIAN_POINT('Ctrl Pts',(-1.5125,0.3,-0.45));
#6453=CARTESIAN_POINT('Ctrl Pts',(-1.7,-0.3375,-0.4125));
#6454=CARTESIAN_POINT('Ctrl Pts',(-1.65,-0.3375,-0.4125));
#6455=CARTESIAN_POINT('Ctrl Pts',(-1.6,-0.3375,-0.4125));
#6456=CARTESIAN_POINT('Ctrl Pts',(-1.55,-0.3375,-0.4125));
#6457=CARTESIAN_POINT('Ctrl Pts',(-1.7,-0.332142857142857,-0.454574901610578));
#6458=CARTESIAN_POINT('Ctrl Pts',(-1.64995936277339,-0.332142857142857,
-0.443377879080832));
#6459=CARTESIAN_POINT('Ctrl Pts',(-1.60004063722661,-0.332142857142857,
-0.432112002851862));
#6460=CARTESIAN_POINT('Ctrl Pts',(-1.55,-0.332142857142857,-0.420914980322116));
#6461=CARTESIAN_POINT('Ctrl Pts',(-1.66567510410053,-0.319642857142857,
-0.552871704952009));
#6462=CARTESIAN_POINT('Ctrl Pts',(-1.6248421660733,-0.319642857142857,-0.515474582774006));
#6463=CARTESIAN_POINT('Ctrl Pts',(-1.58396795884734,-0.319642857142857,
-0.477971463168405));
#6464=CARTESIAN_POINT('Ctrl Pts',(-1.54313502082011,-0.319642857142857,
-0.440574340990402));
#6465=CARTESIAN_POINT('Ctrl Pts',(-1.5685998688141,-0.307142857142857,-0.600000000000001));
#6466=CARTESIAN_POINT('Ctrl Pts',(-1.55357508551322,-0.307142857142857,
-0.549840207852987));
#6467=CARTESIAN_POINT('Ctrl Pts',(-1.5387447570637,-0.307142857142857,-0.500159792147014));
#6468=CARTESIAN_POINT('Ctrl Pts',(-1.52371997376282,-0.307142857142857,
-0.45));
#6469=CARTESIAN_POINT('Ctrl Pts',(-1.5125,-0.3,-0.600000000000001));
#6470=CARTESIAN_POINT('Ctrl Pts',(-1.5125,-0.3,-0.550000000000001));
#6471=CARTESIAN_POINT('Ctrl Pts',(-1.5125,-0.3,-0.5));
#6472=CARTESIAN_POINT('Ctrl Pts',(-1.5125,-0.3,-0.45));
#6473=CARTESIAN_POINT('',(-1.55,-0.3375,-0.4125));
#6474=CARTESIAN_POINT('Ctrl Pts',(-1.55,-0.3375,-0.4125));
#6475=CARTESIAN_POINT('Ctrl Pts',(-1.55,-0.332142857142857,-0.420914980322116));
#6476=CARTESIAN_POINT('Ctrl Pts',(-1.54705786606576,-0.326785714285714,
-0.429340420608524));
#6477=CARTESIAN_POINT('Ctrl Pts',(-1.54181061762343,-0.321428571428571,
-0.435886201406602));
#6478=CARTESIAN_POINT('Ctrl Pts',(-1.53481428636698,-0.314285714285714,
-0.444613909137373));
#6479=CARTESIAN_POINT('Ctrl Pts',(-1.52371997376282,-0.307142857142857,
-0.45));
#6480=CARTESIAN_POINT('Ctrl Pts',(-1.5125,-0.3,-0.45));
#6481=CARTESIAN_POINT('',(-1.55,-0.3375,-0.4125));
#6482=CARTESIAN_POINT('Origin',(-1.29871848865558,-4.24251854187414E-19,
-0.6));
#6483=CARTESIAN_POINT('Origin',(-1.5125,-1.0942459512098E-19,-0.4125));
#6484=CARTESIAN_POINT('',(-1.55,0.16875,-0.4125));
#6485=CARTESIAN_POINT('Origin',(-1.55,1.21430643318376E-16,-0.162461290088365));
#6486=CARTESIAN_POINT('',(-1.55,0.5,-0.25));
#6487=CARTESIAN_POINT('',(-1.55,0.346884677477909,-0.403115322522092));
#6488=CARTESIAN_POINT('',(-1.55,0.5,-0.0375000000000003));
#6489=CARTESIAN_POINT('',(-1.55,0.5,0.287654839646543));
#6490=CARTESIAN_POINT('',(-1.55,-0.5,-0.0375000000000003));
#6491=CARTESIAN_POINT('',(-1.55,1.9945831073599E-16,-0.0375000000000003));
#6492=CARTESIAN_POINT('',(-1.55,-0.5,-0.25));
#6493=CARTESIAN_POINT('',(-1.55,-0.5,0.287654839646543));
#6494=CARTESIAN_POINT('',(-1.55,-0.346884677477909,-0.403115322522091));
#6495=CARTESIAN_POINT('Origin',(1.55,-0.4,-0.35));
#6496=CARTESIAN_POINT('',(1.7,-0.5,-0.250000000000001));
#6497=CARTESIAN_POINT('',(1.7,-0.346884677477909,-0.403115322522092));
#6498=CARTESIAN_POINT('',(1.55,-0.5,-0.25));
#6499=CARTESIAN_POINT('',(1.55,-0.5,-0.25));
#6500=CARTESIAN_POINT('',(1.55,-0.346884677477909,-0.403115322522092));
#6501=CARTESIAN_POINT('Origin',(1.7,-1.12757025938492E-16,-0.162461290088365));
#6502=CARTESIAN_POINT('',(1.7,0.5,-0.250000000000001));
#6503=CARTESIAN_POINT('',(1.7,0.346884677477909,-0.403115322522092));
#6504=CARTESIAN_POINT('',(1.7,0.5,-0.0375000000000006));
#6505=CARTESIAN_POINT('',(1.7,0.5,-0.0375000000000006));
#6506=CARTESIAN_POINT('',(1.7,-0.5,-0.0375000000000006));
#6507=CARTESIAN_POINT('',(1.7,-1.95111986863863E-16,-0.0375000000000006));
#6508=CARTESIAN_POINT('',(1.7,-0.5,0.287654839646543));
#6509=CARTESIAN_POINT('Origin',(-1.55,0.4,-0.35));
#6510=CARTESIAN_POINT('',(-1.7,0.5,-0.250000000000001));
#6511=CARTESIAN_POINT('',(-1.7,0.346884677477909,-0.403115322522092));
#6512=CARTESIAN_POINT('',(-1.55,0.5,-0.25));
#6513=CARTESIAN_POINT('Origin',(-1.55,-0.4,-0.35));
#6514=CARTESIAN_POINT('',(-1.7,-0.5,-0.250000000000001));
#6515=CARTESIAN_POINT('',(-1.55,-0.5,-0.25));
#6516=CARTESIAN_POINT('',(-1.7,-0.346884677477909,-0.403115322522092));
#6517=CARTESIAN_POINT('Origin',(-1.55,-0.5,-0.0375000000000003));
#6518=CARTESIAN_POINT('',(-1.7,-0.5,-0.0375000000000006));
#6519=CARTESIAN_POINT('',(-1.583,-0.5,-0.0375000000000003));
#6520=CARTESIAN_POINT('',(-1.7,-0.5,-0.0375000000000006));
#6521=CARTESIAN_POINT('Origin',(1.55,0.4,-0.35));
#6522=CARTESIAN_POINT('',(1.55,0.5,-0.25));
#6523=CARTESIAN_POINT('',(1.55,0.346884677477909,-0.403115322522091));
#6524=CARTESIAN_POINT('',(1.55,0.5,-0.25));
#6525=CARTESIAN_POINT('Origin',(1.55,0.5,-0.0375000000000003));
#6526=CARTESIAN_POINT('',(1.55,0.5,-0.0375000000000003));
#6527=CARTESIAN_POINT('',(1.55,0.5,0.287654839646543));
#6528=CARTESIAN_POINT('',(1.583,0.5,-0.0375000000000003));
#6529=CARTESIAN_POINT('Origin',(1.55,-1.21430643318376E-16,-0.162461290088365));
#6530=CARTESIAN_POINT('',(1.55,-0.5,-0.0375000000000003));
#6531=CARTESIAN_POINT('',(1.55,-0.5,0.287654839646543));
#6532=CARTESIAN_POINT('',(1.55,-1.9945831073599E-16,-0.0375000000000003));
#6533=CARTESIAN_POINT('Origin',(1.55,-0.5,-0.0375000000000003));
#6534=CARTESIAN_POINT('',(1.583,-0.5,-0.0375000000000003));
#6535=CARTESIAN_POINT('Origin',(-1.5125,2.77555756156289E-16,-0.0375));
#6536=CARTESIAN_POINT('',(-1.7,0.5,-0.0375000000000006));
#6537=CARTESIAN_POINT('',(-1.7,1.95111986863863E-16,-0.0375000000000006));
#6538=CARTESIAN_POINT('Origin',(-1.5125,-0.5,-0.0375));
#6539=CARTESIAN_POINT('Origin',(-1.5125,0.5,-0.0375));
#6540=CARTESIAN_POINT('Origin',(-1.55,0.5,-0.0375000000000003));
#6541=CARTESIAN_POINT('',(-1.7,0.5,0.287654839646543));
#6542=CARTESIAN_POINT('',(-1.583,0.5,-0.0375000000000003));
#6543=CARTESIAN_POINT('Origin',(-1.55,-0.5,-0.0375000000000001));
#6544=CARTESIAN_POINT('Origin',(-1.5125,-0.5,-0.0375));
#6545=CARTESIAN_POINT('',(-1.5125,-0.5,0.));
#6546=CARTESIAN_POINT('Origin',(-1.7,0.5,-0.0375000000000003));
#6547=CARTESIAN_POINT('',(-1.5125,0.5,0.));
#6548=CARTESIAN_POINT('Origin',(-1.5125,0.5,-0.0375));
#6549=CARTESIAN_POINT('Origin',(-1.7,1.12757025938492E-16,-0.162461290088365));
#6550=CARTESIAN_POINT('Origin',(-1.5125,2.77555756156289E-16,-0.0375));
#6551=CARTESIAN_POINT('Origin',(1.5125,-2.77555756156289E-16,-0.0375));
#6552=CARTESIAN_POINT('Origin',(1.5125,0.5,-0.0375));
#6553=CARTESIAN_POINT('Origin',(1.5125,-0.5,-0.0375));
#6554=CARTESIAN_POINT('Origin',(1.55,0.5,-0.0375000000000001));
#6555=CARTESIAN_POINT('Origin',(1.5125,0.5,-0.0375));
#6556=CARTESIAN_POINT('',(1.5125,0.5,0.));
#6557=CARTESIAN_POINT('Origin',(1.7,-0.5,-0.0375000000000003));
#6558=CARTESIAN_POINT('',(1.5125,-0.5,0.));
#6559=CARTESIAN_POINT('Origin',(1.5125,-0.5,-0.0375));
#6560=CARTESIAN_POINT('Origin',(1.5125,-2.77555756156289E-16,-0.0375));
#6561=CARTESIAN_POINT('Origin',(1.5025,-0.5,0.));
#6562=CARTESIAN_POINT('',(1.5025,-0.5,0.));
#6563=CARTESIAN_POINT('Origin',(1.55,-0.51,0.));
#6564=CARTESIAN_POINT('',(1.5025,-0.51,0.));
#6565=CARTESIAN_POINT('Origin',(1.5025,-0.51,0.));
#6566=CARTESIAN_POINT('Origin',(1.5025,0.51,0.));
#6567=CARTESIAN_POINT('',(1.5025,0.51,0.));
#6568=CARTESIAN_POINT('Origin',(1.55,0.5,0.));
#6569=CARTESIAN_POINT('',(1.5025,0.5,0.));
#6570=CARTESIAN_POINT('Origin',(1.5025,0.5,0.));
#6571=CARTESIAN_POINT('Origin',(-1.5025,0.5,0.));
#6572=CARTESIAN_POINT('',(-1.5025,0.5,0.));
#6573=CARTESIAN_POINT('Origin',(-1.55,0.51,0.));
#6574=CARTESIAN_POINT('',(-1.5025,0.51,0.));
#6575=CARTESIAN_POINT('Origin',(-1.5025,0.51,0.));
#6576=CARTESIAN_POINT('Origin',(-1.5025,-0.51,0.));
#6577=CARTESIAN_POINT('',(-1.5025,-0.51,0.));
#6578=CARTESIAN_POINT('',(-1.55,-0.51,0.));
#6579=CARTESIAN_POINT('Origin',(-1.55,-0.5,0.));
#6580=CARTESIAN_POINT('',(-1.5025,-0.5,0.));
#6581=CARTESIAN_POINT('Origin',(-1.5025,-0.5,0.));
#6582=CARTESIAN_POINT('Origin',(-1.55,-1.55,0.));
#6583=CARTESIAN_POINT('Origin',(0.9,-1.55,-0.0375000000000003));
#6584=CARTESIAN_POINT('',(0.9,-1.55,-0.0375000000000003));
#6585=CARTESIAN_POINT('',(0.9,-1.55,0.287654839646543));
#6586=CARTESIAN_POINT('',(0.9,-1.583,-0.0375000000000003));
#6587=CARTESIAN_POINT('Origin',(-0.9,1.55,-0.0375000000000003));
#6588=CARTESIAN_POINT('',(-0.9,1.55,-0.0375000000000003));
#6589=CARTESIAN_POINT('',(-0.9,1.55,0.287654839646543));
#6590=CARTESIAN_POINT('',(-0.9,1.583,-0.0375000000000003));
#6591=CARTESIAN_POINT('Origin',(1.73472347597681E-17,1.55,-0.212461290088364));
#6592=CARTESIAN_POINT('',(-0.9,1.55,-0.55));
#6593=CARTESIAN_POINT('',(0.9,1.55,-0.0375000000000003));
#6594=CARTESIAN_POINT('',(0.9,1.55,0.287654839646543));
#6595=CARTESIAN_POINT('',(8.65423460136019E-18,1.55,-0.0375000000000003));
#6596=CARTESIAN_POINT('Origin',(-0.9,1.55,-0.55));
#6597=CARTESIAN_POINT('Origin',(0.,1.5125,-0.0375));
#6598=CARTESIAN_POINT('Origin',(-0.9,1.5125,-0.0375));
#6599=CARTESIAN_POINT('Origin',(0.9,1.5125,-0.0375));
#6600=CARTESIAN_POINT('Origin',(0.9,1.55,-0.0375000000000003));
#6601=CARTESIAN_POINT('',(0.9,1.583,-0.0375000000000003));
#6602=CARTESIAN_POINT('Origin',(-0.9,1.55,-0.0375000000000001));
#6603=CARTESIAN_POINT('Origin',(-0.9,1.5125,-0.0375));
#6604=CARTESIAN_POINT('',(-0.9,1.5125,0.));
#6605=CARTESIAN_POINT('Origin',(0.9,1.7,-0.0375000000000003));
#6606=CARTESIAN_POINT('',(0.9,1.5125,0.));
#6607=CARTESIAN_POINT('Origin',(0.9,1.5125,-0.0375));
#6608=CARTESIAN_POINT('Origin',(0.,1.5125,-0.0375));
#6609=CARTESIAN_POINT('Origin',(0.,-1.5125,-0.0375));
#6610=CARTESIAN_POINT('Origin',(0.9,-1.5125,-0.0375));
#6611=CARTESIAN_POINT('Origin',(-0.9,-1.5125,-0.0375));
#6612=CARTESIAN_POINT('Origin',(-0.9,-1.55,-0.0375000000000003));
#6613=CARTESIAN_POINT('',(-0.9,-1.55,-0.0375000000000003));
#6614=CARTESIAN_POINT('',(-0.9,-1.583,-0.0375000000000003));
#6615=CARTESIAN_POINT('',(-0.9,-1.55,0.287654839646543));
#6616=CARTESIAN_POINT('Origin',(-1.73472347597681E-17,-1.55,-0.212461290088364));
#6617=CARTESIAN_POINT('',(0.9,-1.55,-0.55));
#6618=CARTESIAN_POINT('',(-8.65423460136019E-18,-1.55,-0.0375000000000003));
#6619=CARTESIAN_POINT('Origin',(0.9,-1.55,-0.0375000000000001));
#6620=CARTESIAN_POINT('Origin',(0.9,-1.5125,-0.0375));
#6621=CARTESIAN_POINT('',(0.9,-1.5125,0.));
#6622=CARTESIAN_POINT('Origin',(-0.9,-1.7,-0.0375000000000003));
#6623=CARTESIAN_POINT('',(-0.9,-1.5125,0.));
#6624=CARTESIAN_POINT('Origin',(-0.9,-1.5125,-0.0375));
#6625=CARTESIAN_POINT('Origin',(0.9,-1.55,-0.55));
#6626=CARTESIAN_POINT('Origin',(0.,-1.5125,-0.0375));
#6627=CARTESIAN_POINT('Origin',(-0.9,-1.5025,0.));
#6628=CARTESIAN_POINT('',(-0.9,-1.5025,0.));
#6629=CARTESIAN_POINT('Origin',(-0.91,-1.55,0.));
#6630=CARTESIAN_POINT('',(-0.91,-1.5025,0.));
#6631=CARTESIAN_POINT('Origin',(-0.91,-1.5025,0.));
#6632=CARTESIAN_POINT('Origin',(0.91,-1.5025,0.));
#6633=CARTESIAN_POINT('',(0.91,-1.5025,0.));
#6634=CARTESIAN_POINT('',(0.91,-1.55,0.));
#6635=CARTESIAN_POINT('Origin',(0.9,-1.55,0.));
#6636=CARTESIAN_POINT('',(0.9,-1.5025,0.));
#6637=CARTESIAN_POINT('Origin',(0.9,-1.5025,0.));
#6638=CARTESIAN_POINT('Origin',(1.55,-1.55,0.));
#6639=CARTESIAN_POINT('Origin',(0.9,1.5025,0.));
#6640=CARTESIAN_POINT('',(0.9,1.5025,0.));
#6641=CARTESIAN_POINT('Origin',(0.91,1.55,0.));
#6642=CARTESIAN_POINT('',(0.91,1.55,0.));
#6643=CARTESIAN_POINT('',(0.91,1.5025,0.));
#6644=CARTESIAN_POINT('Origin',(0.91,1.5025,0.));
#6645=CARTESIAN_POINT('Origin',(-0.91,1.5025,0.));
#6646=CARTESIAN_POINT('',(-0.91,1.5025,0.));
#6647=CARTESIAN_POINT('',(-0.91,1.55,0.));
#6648=CARTESIAN_POINT('Origin',(-0.9,1.55,0.));
#6649=CARTESIAN_POINT('',(-0.9,1.5025,0.));
#6650=CARTESIAN_POINT('Origin',(-0.9,1.5025,0.));
#6651=CARTESIAN_POINT('Origin',(-1.55,1.55,0.));
#6652=CARTESIAN_POINT('Origin',(-1.55,1.55,0.));
#6653=CARTESIAN_POINT('',(0.,0.,0.));
#6654=CARTESIAN_POINT('Origin',(0.,0.,0.06));
#6655=CARTESIAN_POINT('',(0.9,-1.10218211923262E-16,0.06));
#6656=CARTESIAN_POINT('Origin',(0.,0.,0.06));
#6657=CARTESIAN_POINT('',(0.91,1.11442858722409E-16,0.05));
#6658=CARTESIAN_POINT('Origin',(0.91,-1.11442858722409E-16,0.06));
#6659=CARTESIAN_POINT('Origin',(0.,0.,0.05));
#6660=CARTESIAN_POINT('Origin',(0.,0.,0.05));
#6661=CARTESIAN_POINT('',(0.9,1.10218211923262E-16,0.94));
#6662=CARTESIAN_POINT('Origin',(0.,0.,0.94));
#6663=CARTESIAN_POINT('',(0.9,1.10218211923262E-16,0.05));
#6664=CARTESIAN_POINT('Origin',(0.,0.,0.05));
#6665=CARTESIAN_POINT('',(1.225,1.50019232895551E-16,0.05));
#6666=CARTESIAN_POINT('Origin',(0.,0.,0.05));
#6667=CARTESIAN_POINT('Origin',(0.,0.,0.94));
#6668=CARTESIAN_POINT('',(0.89,-1.08993565124114E-16,0.95));
#6669=CARTESIAN_POINT('Origin',(0.89,-1.08993565124114E-16,0.94));
#6670=CARTESIAN_POINT('Origin',(0.,0.,0.95));
#6671=CARTESIAN_POINT('Origin',(0.,0.,0.95));
#6672=CARTESIAN_POINT('Origin',(0.,0.,0.));
#6673=CARTESIAN_POINT('',(1.225,1.50019232895551E-16,0.));
#6674=CARTESIAN_POINT('',(1.225,1.50019232895551E-16,0.));
#6675=CARTESIAN_POINT('Origin',(0.,0.,0.));
#6676=CARTESIAN_POINT('Origin',(0.,0.,0.));
#6677=CARTESIAN_POINT('',(0.,0.,0.));
#6678=CARTESIAN_POINT('Origin',(0.,0.,0.));
#6679=CARTESIAN_POINT('',(0.,0.,0.15));
#6680=CARTESIAN_POINT('',(0.,0.4,0.15));
#6681=CARTESIAN_POINT('',(0.,0.4,0.15));
#6682=CARTESIAN_POINT('',(0.,0.4,0.));
#6683=CARTESIAN_POINT('',(0.,0.4,0.));
#6684=CARTESIAN_POINT('',(0.,0.,0.));
#6685=CARTESIAN_POINT('',(0.,0.4,0.));
#6686=CARTESIAN_POINT('',(0.,0.,0.));
#6687=CARTESIAN_POINT('Origin',(0.,0.4,0.));
#6688=CARTESIAN_POINT('',(0.85,0.4,0.15));
#6689=CARTESIAN_POINT('',(0.85,0.4,0.15));
#6690=CARTESIAN_POINT('',(0.85,0.4,0.));
#6691=CARTESIAN_POINT('',(0.85,0.4,0.));
#6692=CARTESIAN_POINT('',(0.85,0.4,0.));
#6693=CARTESIAN_POINT('Origin',(0.85,0.4,0.));
#6694=CARTESIAN_POINT('',(0.85,-1.23259516440783E-31,0.15));
#6695=CARTESIAN_POINT('',(0.85,-1.23259516440783E-31,0.15));
#6696=CARTESIAN_POINT('',(0.85,-1.23259516440783E-31,0.));
#6697=CARTESIAN_POINT('',(0.85,-1.23259516440783E-31,0.));
#6698=CARTESIAN_POINT('',(0.85,-1.23259516440783E-31,0.));
#6699=CARTESIAN_POINT('Origin',(0.85,-1.23259516440783E-31,0.));
#6700=CARTESIAN_POINT('',(0.,0.,0.15));
#6701=CARTESIAN_POINT('',(0.,0.,0.));
#6702=CARTESIAN_POINT('Origin',(0.425,0.2,0.));
#6703=CARTESIAN_POINT('Origin',(0.425,0.2,0.15));
#6704=CARTESIAN_POINT('',(0.,0.,0.));
#6705=CARTESIAN_POINT('Origin',(0.,0.,0.));
#6706=CARTESIAN_POINT('',(0.,0.,-0.15));
#6707=CARTESIAN_POINT('',(0.,0.4,-0.15));
#6708=CARTESIAN_POINT('',(0.,0.4,-0.15));
#6709=CARTESIAN_POINT('',(0.,0.,0.));
#6710=CARTESIAN_POINT('',(0.,0.,0.));
#6711=CARTESIAN_POINT('',(0.,0.4,0.));
#6712=CARTESIAN_POINT('',(0.,0.4,0.));
#6713=CARTESIAN_POINT('',(0.,0.4,0.));
#6714=CARTESIAN_POINT('Origin',(0.,0.4,0.));
#6715=CARTESIAN_POINT('',(0.85,0.4,-0.15));
#6716=CARTESIAN_POINT('',(0.85,0.4,-0.15));
#6717=CARTESIAN_POINT('',(0.85,0.4,0.));
#6718=CARTESIAN_POINT('',(0.85,0.4,0.));
#6719=CARTESIAN_POINT('',(0.85,0.4,0.));
#6720=CARTESIAN_POINT('Origin',(0.85,0.4,0.));
#6721=CARTESIAN_POINT('',(0.85,-1.23259516440783E-31,-0.15));
#6722=CARTESIAN_POINT('',(0.85,-1.23259516440783E-31,-0.15));
#6723=CARTESIAN_POINT('',(0.85,-1.23259516440783E-31,0.));
#6724=CARTESIAN_POINT('',(0.85,-1.23259516440783E-31,0.));
#6725=CARTESIAN_POINT('',(0.85,-1.23259516440783E-31,0.));
#6726=CARTESIAN_POINT('Origin',(0.85,-1.23259516440783E-31,0.));
#6727=CARTESIAN_POINT('',(0.,0.,-0.15));
#6728=CARTESIAN_POINT('',(0.,0.,0.));
#6729=CARTESIAN_POINT('Origin',(0.425,0.2,0.));
#6730=CARTESIAN_POINT('Origin',(0.425,0.2,-0.15));
#6731=CARTESIAN_POINT('',(0.,0.,0.));
#6732=CARTESIAN_POINT('',(0.,0.,0.6));
#6733=CARTESIAN_POINT('',(0.,0.,0.55));
#6734=CARTESIAN_POINT('',(1.15,0.9,1.65801156342096E-32));
#6735=CARTESIAN_POINT('',(1.15,-1.3,0.));
#6736=CARTESIAN_POINT('',(-2.,-1.3,-6.64314270488052E-18));
#6737=CARTESIAN_POINT('',(-2.,1.3,6.66185153568212E-32));
#6738=UNCERTAINTY_MEASURE_WITH_UNIT(LENGTH_MEASURE(0.01),#6752,
'DISTANCE_ACCURACY_VALUE',
'Maximum model space distance between geometric entities at asserted c
onnectivities');
#6739=UNCERTAINTY_MEASURE_WITH_UNIT(LENGTH_MEASURE(0.01),#6752,
'DISTANCE_ACCURACY_VALUE',
'Maximum model space distance between geometric entities at asserted c
onnectivities');
#6740=UNCERTAINTY_MEASURE_WITH_UNIT(LENGTH_MEASURE(0.01),#6752,
'DISTANCE_ACCURACY_VALUE',
'Maximum model space distance between geometric entities at asserted c
onnectivities');
#6741=UNCERTAINTY_MEASURE_WITH_UNIT(LENGTH_MEASURE(0.01),#6752,
'DISTANCE_ACCURACY_VALUE',
'Maximum model space distance between geometric entities at asserted c
onnectivities');
#6742=UNCERTAINTY_MEASURE_WITH_UNIT(LENGTH_MEASURE(0.01),#6752,
'DISTANCE_ACCURACY_VALUE',
'Maximum model space distance between geometric entities at asserted c
onnectivities');
#6743=UNCERTAINTY_MEASURE_WITH_UNIT(LENGTH_MEASURE(0.01),#6752,
'DISTANCE_ACCURACY_VALUE',
'Maximum model space distance between geometric entities at asserted c
onnectivities');
#6744=UNCERTAINTY_MEASURE_WITH_UNIT(LENGTH_MEASURE(0.01),#6752,
'DISTANCE_ACCURACY_VALUE',
'Maximum model space distance between geometric entities at asserted c
onnectivities');
#6745=(
GEOMETRIC_REPRESENTATION_CONTEXT(3)
GLOBAL_UNCERTAINTY_ASSIGNED_CONTEXT((#6738))
GLOBAL_UNIT_ASSIGNED_CONTEXT((#6752,#6754,#6755))
REPRESENTATION_CONTEXT('','3D')
);
#6746=(
GEOMETRIC_REPRESENTATION_CONTEXT(3)
GLOBAL_UNCERTAINTY_ASSIGNED_CONTEXT((#6739))
GLOBAL_UNIT_ASSIGNED_CONTEXT((#6752,#6754,#6755))
REPRESENTATION_CONTEXT('','3D')
);
#6747=(
GEOMETRIC_REPRESENTATION_CONTEXT(3)
GLOBAL_UNCERTAINTY_ASSIGNED_CONTEXT((#6740))
GLOBAL_UNIT_ASSIGNED_CONTEXT((#6752,#6754,#6755))
REPRESENTATION_CONTEXT('','3D')
);
#6748=(
GEOMETRIC_REPRESENTATION_CONTEXT(3)
GLOBAL_UNCERTAINTY_ASSIGNED_CONTEXT((#6741))
GLOBAL_UNIT_ASSIGNED_CONTEXT((#6752,#6754,#6755))
REPRESENTATION_CONTEXT('','3D')
);
#6749=(
GEOMETRIC_REPRESENTATION_CONTEXT(3)
GLOBAL_UNCERTAINTY_ASSIGNED_CONTEXT((#6742))
GLOBAL_UNIT_ASSIGNED_CONTEXT((#6752,#6754,#6755))
REPRESENTATION_CONTEXT('','3D')
);
#6750=(
GEOMETRIC_REPRESENTATION_CONTEXT(3)
GLOBAL_UNCERTAINTY_ASSIGNED_CONTEXT((#6743))
GLOBAL_UNIT_ASSIGNED_CONTEXT((#6752,#6754,#6755))
REPRESENTATION_CONTEXT('','3D')
);
#6751=(
GEOMETRIC_REPRESENTATION_CONTEXT(3)
GLOBAL_UNCERTAINTY_ASSIGNED_CONTEXT((#6744))
GLOBAL_UNIT_ASSIGNED_CONTEXT((#6752,#6754,#6755))
REPRESENTATION_CONTEXT('','3D')
);
#6752=(
LENGTH_UNIT()
NAMED_UNIT(*)
SI_UNIT(.MILLI.,.METRE.)
);
#6753=(
LENGTH_UNIT()
NAMED_UNIT(*)
SI_UNIT(.CENTI.,.METRE.)
);
#6754=(
NAMED_UNIT(*)
PLANE_ANGLE_UNIT()
SI_UNIT($,.RADIAN.)
);
#6755=(
NAMED_UNIT(*)
SI_UNIT($,.STERADIAN.)
SOLID_ANGLE_UNIT()
);
#6756=SHAPE_DEFINITION_REPRESENTATION(#6762,#6775);
#6757=SHAPE_DEFINITION_REPRESENTATION(#6763,#6776);
#6758=SHAPE_DEFINITION_REPRESENTATION(#6764,#6777);
#6759=SHAPE_DEFINITION_REPRESENTATION(#6765,#6778);
#6760=SHAPE_DEFINITION_REPRESENTATION(#6766,#6779);
#6761=SHAPE_DEFINITION_REPRESENTATION(#6767,#6780);
#6762=PRODUCT_DEFINITION_SHAPE('',$,#6782);
#6763=PRODUCT_DEFINITION_SHAPE('',$,#6783);
#6764=PRODUCT_DEFINITION_SHAPE('',$,#6784);
#6765=PRODUCT_DEFINITION_SHAPE('',$,#6785);
#6766=PRODUCT_DEFINITION_SHAPE('',$,#6786);
#6767=PRODUCT_DEFINITION_SHAPE('',$,#6787);
#6768=PRODUCT_DEFINITION_SHAPE($,$,#32);
#6769=PRODUCT_DEFINITION_SHAPE($,$,#33);
#6770=PRODUCT_DEFINITION_SHAPE($,$,#34);
#6771=PRODUCT_DEFINITION_SHAPE($,$,#35);
#6772=PRODUCT_DEFINITION_SHAPE($,$,#36);
#6773=PRODUCT_DEFINITION_SHAPE($,$,#37);
#6774=PRODUCT_DEFINITION_SHAPE($,$,#38);
#6775=SHAPE_REPRESENTATION('',(#4018,#4360,#4361,#4362,#4363,#4364,#4365,
#4366),#6745);
#6776=SHAPE_REPRESENTATION('',(#4019),#6746);
#6777=SHAPE_REPRESENTATION('',(#4153),#6747);
#6778=SHAPE_REPRESENTATION('',(#4330),#6748);
#6779=SHAPE_REPRESENTATION('',(#4346),#6749);
#6780=SHAPE_REPRESENTATION('',(#4353),#6750);
#6781=PRODUCT_DEFINITION_CONTEXT('part definition',#6801,'design');
#6782=PRODUCT_DEFINITION('CS1210F260','CS1210F260',#6788,#6781);
#6783=PRODUCT_DEFINITION('Housing','Housing',#6789,#6781);
#6784=PRODUCT_DEFINITION('Cover','Cover',#6790,#6781);
#6785=PRODUCT_DEFINITION('Actuator','Actuator',#6791,#6781);
#6786=PRODUCT_DEFINITION('Terminal','Terminal',#6792,#6781);
#6787=PRODUCT_DEFINITION('Terminal_MIR','Terminal_MIR',#6793,#6781);
#6788=PRODUCT_DEFINITION_FORMATION('A',$,#6803);
#6789=PRODUCT_DEFINITION_FORMATION('',$,#6804);
#6790=PRODUCT_DEFINITION_FORMATION('',$,#6805);
#6791=PRODUCT_DEFINITION_FORMATION('',$,#6806);
#6792=PRODUCT_DEFINITION_FORMATION('',$,#6807);
#6793=PRODUCT_DEFINITION_FORMATION('',$,#6808);
#6794=PRODUCT_RELATED_PRODUCT_CATEGORY('CS1210F260','CS1210F260',(#6803));
#6795=PRODUCT_RELATED_PRODUCT_CATEGORY('Housing','Housing',(#6804));
#6796=PRODUCT_RELATED_PRODUCT_CATEGORY('Cover','Cover',(#6805));
#6797=PRODUCT_RELATED_PRODUCT_CATEGORY('Actuator','Actuator',(#6806));
#6798=PRODUCT_RELATED_PRODUCT_CATEGORY('Terminal','Terminal',(#6807));
#6799=PRODUCT_RELATED_PRODUCT_CATEGORY('Terminal_MIR','Terminal_MIR',(#6808));
#6800=APPLICATION_PROTOCOL_DEFINITION('international standard',
'automotive_design',2009,#6801);
#6801=APPLICATION_CONTEXT(
'Core Data for Automotive Mechanical Design Process');
#6802=PRODUCT_CONTEXT('part definition',#6801,'mechanical');
#6803=PRODUCT('CS1210F260','CS1210F260',$,(#6802));
#6804=PRODUCT('Housing','Housing',$,(#6802));
#6805=PRODUCT('Cover','Cover',$,(#6802));
#6806=PRODUCT('Actuator','Actuator',$,(#6802));
#6807=PRODUCT('Terminal','Terminal',$,(#6802));
#6808=PRODUCT('Terminal_MIR','Terminal_MIR',$,(#6802));
ENDSEC;
END-ISO-10303-21;
